url,cluster,slug,title,h1,meta,primary_keyword,secondary_keywords,intent,persona,country,city,page_type,phase,schema,parent,status,source
https://elevateaura.co.in/aura-business/field-technician-tracking-app/,aura-business,field-technician-tracking-app,Field Technician Tracking App for Service Engineers,A technician tracking app your service engineers will actually open.,"Technician tracking software with a service engineer mobile app: GPS check-in, location-stamped attendance, routes, offline job cards, photos and signatures.",technician tracking software,service engineer mobile app; field technician tracking app India; GPS technician tracking app; field engineer attendance app; mobile job card app for service engineers,commercial,Service head or owner managing a team of field engineers across a city or a state,IN,,feature,1,SoftwareApplication+FAQPage,https://elevateaura.co.in/aura-business.html,PUBLISHED,aura-business__field-technician-tracking-app.json
https://elevateaura.co.in/aura-business/gst-billing-software-medical-equipment-distributors/,aura-business,gst-billing-software-medical-equipment-distributors,GST Billing Software for Medical Distributors | Aura Business,"GST billing software for medical equipment distributors, from HSN to GSTR-1.","GST billing software for medical equipment distributors: HSN on the catalogue, CGST/SGST/IGST, gapless numbering, e-invoice IRN and QR, e-way bills, credit notes.",GST billing software for medical equipment distributors,GST invoice software for distributors; e-invoice software India; e-way bill software for medical equipment; medical equipment billing software with Tally export; GSTR-1 preparation software,commercial,"Owner or accounts head of a medical-equipment distributor who needs invoices, e-invoices and e-way bills that the auditor accepts",IN,,commercial,1,SoftwareApplication+FAQPage,https://elevateaura.co.in/aura-business.html,PUBLISHED,aura-business__gst-billing-software-medical-equipment-distributors.json
https://elevateaura.co.in/aura-business/hospital-sales-crm/,aura-business,hospital-sales-crm,Hospital Sales CRM for Medical Equipment Sellers | Aura Business,A hospital sales CRM built for the way hospitals actually buy.,"Hospital sales CRM for teams selling into hospitals: purchase committees, biomedical departments, doctors as influencers, demo loans, quotation cycles, tenders.",hospital sales CRM,CRM for selling to hospitals; medical sales CRM India; hospital account management software; purchase committee tracking CRM; medical rep visit tracking software,commercial,"Sales manager or rep at a medical-equipment company whose customers are hospitals, medical colleges and hospital chains",IN,,persona,1,SoftwareApplication+FAQPage,https://elevateaura.co.in/aura-business.html,PUBLISHED,aura-business__hospital-sales-crm.json
https://elevateaura.co.in/aura-business/installed-base-management-software/,aura-business,installed-base-management-software,Installed Base Management Software for Equipment | Aura Business,"Installed base management software: every serial you ever sold, and what it owes you.","Installed base management software with an asset register per serial, installation sign-off, warranty linkage, a 360 history, transfers and replacements.",installed base management software,equipment asset register software; installed base tracking software India; medical equipment installed base software; asset 360 view software; serial number tracking software for dealers,commercial,"Owner or service head of an equipment dealer or OEM who needs to know what is installed where, under which cover",IN,,feature,1,SoftwareApplication+FAQPage,https://elevateaura.co.in/aura-business.html,PUBLISHED,aura-business__installed-base-management-software.json
https://elevateaura.co.in/aura-business/medical-device-crm-software/,aura-business,medical-device-crm-software,Medical Device CRM Software for OEMs and Dealers | Aura Business,Medical device CRM software for the OEM and its dealer network.,"Medical device CRM software for manufacturers and their dealer networks: doctors and decision-makers, demo and sample tracking, territories and targets.",medical device CRM software,CRM for medical device manufacturers; medical device sales software India; OEM dealer management CRM; sample and demo tracking software; medtech CRM for dealer networks,commercial,Sales head or founder of a medical device manufacturer or OEM selling through direct reps and a dealer network,IN,,product,1,SoftwareApplication+FAQPage,https://elevateaura.co.in/aura-business.html,PUBLISHED,aura-business__medical-device-crm-software.json
https://elevateaura.co.in/aura-business/medical-distributor-dashboard-analytics/,aura-business,medical-distributor-dashboard-analytics,Medical Distributor Dashboard and Analytics Software,A medical distributor dashboard that shows the owner what needs a decision today.,"Medical distributor analytics with an owner dashboard for pipeline, collections, AMC at risk and open service calls, plus a reports engine, P&L by product line.",medical distributor analytics,owner dashboard for distributors; medical equipment distributor reporting software; receivables ageing dashboard India; P&L by product line software; service analytics for equipment dealers,commercial,Owner or director of a medical-equipment distributor who currently gets numbers from three people and two spreadsheets,IN,,feature,1,SoftwareApplication+FAQPage,https://elevateaura.co.in/aura-business.html,PUBLISHED,aura-business__medical-distributor-dashboard-analytics.json
https://elevateaura.co.in/aura-business/medical-equipment-dealer-management-software/,aura-business,medical-equipment-dealer-management-software,Medical Equipment Dealer Management Software | Aura Business,Medical equipment dealer management software for multi-brand operations.,"Medical equipment dealer management software for multi-brand dealers: brand authorisation, principal price lists, a distributor order portal.",medical equipment dealer management software,dealer management system for medical devices; distributor portal software India; multi-brand dealer software; B2B order portal for medical distributors; sub-dealer management software,commercial,Owner of a multi-brand medical-equipment dealership with principals above and sub-dealers or hospital customers below,IN,,product,1,SoftwareApplication+FAQPage,https://elevateaura.co.in/aura-business.html,PUBLISHED,aura-business__medical-equipment-dealer-management-software.json
https://elevateaura.co.in/aura-business/medical-equipment-quotation-software/,aura-business,medical-equipment-quotation-software,Medical Equipment Quotation Software with GST | Aura Business,Medical equipment quotation software that turns a quote into an order and an invoice.,"Medical equipment quotation software with a GST quotation builder, versions, proforma and tender quotes, converting each quote to a sales order and tax invoice.",medical equipment quotation software,GST quotation software India; quotation management software for distributors; quote to order software; proforma invoice software; hospital tender quotation software,commercial,"Sales manager or owner of a medical-equipment distributor quoting hospitals, labs and purchase committees",IN,,feature,1,SoftwareApplication+FAQPage,https://elevateaura.co.in/aura-business.html,PUBLISHED,aura-business__medical-equipment-quotation-software.json
https://elevateaura.co.in/aura-business/medical-equipment-service-management-software/,aura-business,medical-equipment-service-management-software,Medical Equipment Service Management Software | Aura Business,Medical equipment service management software that closes the whole after-sales loop.,"Medical equipment service management software that carries a breakdown call through dispatch, job card, spares, SLA and invoice, and files it on the asset.",medical equipment service management software,biomedical service management software; equipment service call management software; after-sales service software for medical equipment dealers; service job card software India; medical equipment service tracking software,commercial,"Service head or owner of a medical-equipment dealer running breakdown calls, AMC visits and spares for hospital customers",IN,,feature,1,SoftwareApplication+FAQPage,https://elevateaura.co.in/aura-business.html,PUBLISHED,aura-business__medical-equipment-service-management-software.json
https://elevateaura.co.in/aura-business/medical-equipment-software-bangalore/,aura-business,medical-equipment-software-bangalore,Medical Equipment Software in Bangalore | Aura Business,Medical equipment software for Bangalore's device makers and dealers.,"Medical equipment software for Bangalore device makers, medtech startups and multi-brand dealers: CRM, AMC, field service, inventory and GST billing.",medical equipment software Bangalore,medical device software Bangalore; medical equipment CRM Bangalore; AMC management software Karnataka; medical equipment dealer software Bengaluru; field service software Bangalore,local,Founder or operations head of a medical device company or equipment dealer in Bangalore,IN,Bangalore,city,6,SoftwareApplication+FAQPage,https://elevateaura.co.in/aura-business.html,PUBLISHED,aura-business__medical-equipment-software-bangalore.json
https://elevateaura.co.in/aura-business/medical-equipment-software-coimbatore/,aura-business,medical-equipment-software-coimbatore,Medical Equipment Software in Coimbatore | Aura Business,"Medical equipment software for Coimbatore, with a builder who can come to your office.","Medical equipment software for Coimbatore dealers and manufacturers serving Tamil Nadu and Kerala hospitals: CRM, AMC, field service and GST billing.",medical equipment software Coimbatore,medical equipment CRM Coimbatore; AMC management software Coimbatore; medical equipment dealer software Tamil Nadu; field service software Coimbatore; medical equipment software Kerala dealers,local,Owner of a medical-equipment dealer or manufacturer in Coimbatore serving hospitals in western Tamil Nadu and Kerala,IN,Coimbatore,city,6,SoftwareApplication+FAQPage,https://elevateaura.co.in/aura-business.html,PUBLISHED,aura-business__medical-equipment-software-coimbatore.json
https://elevateaura.co.in/aura-business/medical-equipment-software-hyderabad/,aura-business,medical-equipment-software-hyderabad,Medical Equipment Software in Hyderabad | Aura Business,Medical equipment software for Hyderabad distributors serving two states.,"Medical equipment software for Hyderabad distributors and device makers serving Telangana and Andhra Pradesh: CRM, AMC, service, inventory and GST billing.",medical equipment software Hyderabad,medical equipment CRM Hyderabad; medical device software Telangana; AMC management software Hyderabad; medical equipment distributor software Andhra Pradesh; hospital equipment service software Hyderabad,local,Owner of a medical-equipment distributor or device company in Hyderabad with customers across Telangana and Andhra Pradesh,IN,Hyderabad,city,6,SoftwareApplication+FAQPage,https://elevateaura.co.in/aura-business.html,PUBLISHED,aura-business__medical-equipment-software-hyderabad.json
https://elevateaura.co.in/aura-business/medical-equipment-software-mumbai/,aura-business,medical-equipment-software-mumbai,Medical Equipment Software in Mumbai | Aura Business,Medical equipment software for Mumbai importers with dealers in every state.,"Medical equipment software for Mumbai importers and national distributors: multi-state dealer networks, IGST billing, e-way bills, dealer portals and AMC.",medical equipment software Mumbai,medical equipment distributor software Mumbai; medical device importer software India; dealer network management software Maharashtra; IGST billing software for distributors; medical equipment CRM Mumbai,local,Director of a Mumbai-based importer or national distributor of medical equipment with dealers across India,IN,Mumbai,city,6,SoftwareApplication+FAQPage,https://elevateaura.co.in/aura-business.html,PUBLISHED,aura-business__medical-equipment-software-mumbai.json
https://elevateaura.co.in/aura-business/medical-equipment-software-pricing/,aura-business,medical-equipment-software-pricing,Medical Equipment Software Pricing | Aura Business,"Medical equipment software pricing, explained module by module.","How medical equipment software pricing works at Aura Business: three module tiers, unlimited users, never per seat. See what moves a quote, then book a call.",medical equipment software pricing,medical equipment CRM price; distributor software cost India; AMC software pricing; medical equipment software quote; field service software pricing India,transactional,"Owner or director of a medical-equipment distribution, dealer or service business comparing software quotes",IN,,commercial,1,SoftwareApplication+FAQPage,https://elevateaura.co.in/aura-business.html,PUBLISHED,aura-business__medical-equipment-software-pricing.json
https://elevateaura.co.in/aura-business/medical-equipment-tender-management-software/,aura-business,medical-equipment-tender-management-software,Tender Management Software for Medical Equipment | Aura Business,Tender management software that finds the tender before your competitor does.,"Tender management software for medical equipment suppliers: government tenders fetched every morning, a document vault, EMD and deadline reminders.",tender management software for medical equipment,government tender tracking software India; medical equipment tender software; EMD tracking software; bid management software for hospital tenders; rate contract management software,commercial,Owner or tender executive at a medical-equipment supplier bidding for government hospital and medical college tenders,IN,,feature,1,SoftwareApplication+FAQPage,https://elevateaura.co.in/aura-business.html,PUBLISHED,aura-business__medical-equipment-tender-management-software.json
https://elevateaura.co.in/aura-business/medical-equipment-warranty-management-software/,aura-business,medical-equipment-warranty-management-software,Equipment Warranty Management Software | Aura Business,Equipment warranty management software that knows who pays for the visit.,"Equipment warranty management software that tracks warranty and extended warranty per serial, shows warranty vs AMC vs CMC cover on every service call.",equipment warranty management software,medical equipment warranty tracking software; extended warranty management software India; warranty claim tracking for dealers; warranty expiry alert software; warranty vs AMC software,commercial,"Service head or owner of an equipment dealer who handles warranty calls, principal claims and the AMC sale that follows",IN,,feature,1,SoftwareApplication+FAQPage,https://elevateaura.co.in/aura-business.html,PUBLISHED,aura-business__medical-equipment-warranty-management-software.json
https://elevateaura.co.in/aura-business/medical-spare-parts-inventory-software/,aura-business,medical-spare-parts-inventory-software,Medical Spare Parts Inventory Software | Aura Business,Medical spare parts inventory software that knows what is in the engineer's bag.,"Medical spare parts inventory software with serial-level stock, spares allocated to engineers, consumption per job, multi-warehouse, batch and expiry.",medical spare parts inventory software,spare parts management software India; service spares inventory software; field engineer spare parts tracking; multi-warehouse inventory software for distributors; biomedical spares inventory management,commercial,Owner or service head of a medical-equipment dealer holding spares in a warehouse and in engineers' kits,IN,,feature,1,SoftwareApplication+FAQPage,https://elevateaura.co.in/aura-business.html,PUBLISHED,aura-business__medical-spare-parts-inventory-software.json
https://elevateaura.co.in/aura-business/preventive-maintenance-software/,aura-business,preventive-maintenance-software,Preventive Maintenance Software for Medical Equipment,Preventive maintenance software that puts every installed device on a service calendar.,"Preventive maintenance software that schedules PM visits per installed device, puts checklists on the job card and closes each visit against its AMC or CMC.",preventive maintenance software,medical equipment maintenance management software; PM scheduling software; equipment maintenance software India; calibration tracking software; biomedical preventive maintenance software,commercial,Service head or owner of a medical-equipment dealer that holds AMC and CMC contracts,IN,,feature,1,SoftwareApplication+FAQPage,https://elevateaura.co.in/aura-business.html,PUBLISHED,aura-business__preventive-maintenance-software.json
https://elevateaura.co.in/aura-business/service-contract-management-software/,aura-business,service-contract-management-software,Service Contract Management Software for Dealers | Aura Business,Service contract management software for every contract type you sell.,"Service contract management software for AMC, CMC, warranty, extended warranty and rate contracts, with multi-site terms, profitability and a renewal engine.",service contract management software,AMC contract management software; CMC contract software; maintenance contract management software India; contract renewal software for equipment dealers; multi-site service contract software,commercial,"Owner or service head of an equipment dealer whose recurring revenue comes from AMC, CMC and warranty contracts",IN,,feature,1,SoftwareApplication+FAQPage,https://elevateaura.co.in/aura-business.html,PUBLISHED,aura-business__service-contract-management-software.json
https://elevateaura.co.in/aura-learn/certification-training-platform/,aura-learn,certification-training-platform,Certification Training Platform | Aura Learn,A certification platform where every course ends in a certificate on the record.,"Certification training platform: run courses that end in a certificate, track compliance for regulated training and keep a record per learner of every pass.",certification training platform,training certification software; certification management software; online certification platform; compliance training software India; certificate course platform; employee certification tracking,commercial,Head of a training provider or an internal team that must certify people and prove it later,IN,,feature,3,SoftwareApplication+FAQPage,https://elevateaura.co.in/aura-learn.html,PUBLISHED,aura-learn__certification-training-platform.json
https://elevateaura.co.in/aura-learn/coaching-institute-management-software/,aura-learn,coaching-institute-management-software,Coaching Institute Management Software | Aura Learn,"Coaching institute software that runs batches, fees and tests from one desk.","Coaching institute management software with batches, timetable, GST fee collection, a learner app, mock tests and WhatsApp reminders. Unlimited learners.",coaching institute management software,coaching institute software; coaching centre management software; coaching class management app; institute management software India; tuition centre software; exam coaching software,commercial,Owner or centre head of a coaching institute running several batches a year,IN,,industry,3,SoftwareApplication+FAQPage,https://elevateaura.co.in/aura-learn.html,PUBLISHED,aura-learn__coaching-institute-management-software.json
https://elevateaura.co.in/aura-learn/corporate-training-lms/,aura-learn,corporate-training-lms,Corporate Training LMS | Train Staff and Field Teams | Aura Learn,A corporate training LMS built for the staff who are never at a desk.,"Corporate training LMS for your own staff and field teams: offline lessons in a mobile app, batches by region, progress dashboards and unlimited learners.",corporate training LMS,employee training software; corporate LMS India; staff training platform; field staff training app; employee onboarding software; internal training software,commercial,Training head or operations manager responsible for staff across branches and field teams,IN,,industry,3,SoftwareApplication+FAQPage,https://elevateaura.co.in/aura-learn.html,PUBLISHED,aura-learn__corporate-training-lms.json
https://elevateaura.co.in/aura-learn/healthcare-training-lms/,aura-learn,healthcare-training-lms,Healthcare Staff Training Software | Aura Learn,Healthcare training software that certifies the people who touch the equipment.,"Healthcare staff training software to certify service engineers, clinical and front-desk staff on equipment and protocols, with offline lessons and certificates.",healthcare staff training software,healthcare training LMS; medical staff training software; hospital staff training platform; service engineer training software; medical equipment training platform; clinical staff training app,commercial,"Service head of a medical-equipment company, or training lead at a hospital group",IN,,industry,3,SoftwareApplication+FAQPage,https://elevateaura.co.in/aura-learn.html,PUBLISHED,aura-learn__healthcare-training-lms.json
https://elevateaura.co.in/aura-learn/lms-pricing/,aura-learn,lms-pricing,LMS Pricing in India: What Drives Cost | Aura Learn,LMS pricing in India: why per-learner billing breaks.,"LMS pricing in India explained: why per-learner billing breaks a growing institute, what really drives a quote, and how Aura Learn keeps learners unlimited.",LMS pricing India,learning management system cost; coaching institute software price; online exam platform cost India; LMS quote India; training platform pricing,transactional,"Owner of a coaching institute, exam-prep business or corporate training team choosing a learning platform",IN,,commercial,1,SoftwareApplication+FAQPage,https://elevateaura.co.in/aura-learn.html,PUBLISHED,aura-learn__lms-pricing.json
https://elevateaura.co.in/aura-learn/mock-test-platform/,aura-learn,mock-test-platform,Mock Test Platform | Aura Learn,A mock test platform that grades the paper the moment the learner submits.,"Mock test platform for coaching and exam prep: build timed tests from a question bank, grade on submission, show instant scores with review, track every learner.",mock test platform,online mock test software; mock test app for coaching institutes; test series software; online test platform India; mock exam software; practice test platform,commercial,Academic head or founder of an exam-prep institute that runs a weekly test series,IN,,feature,3,SoftwareApplication+FAQPage,https://elevateaura.co.in/aura-learn.html,PUBLISHED,aura-learn__mock-test-platform.json
https://elevateaura.co.in/aura-learn/online-assessment-platform/,aura-learn,online-assessment-platform,Online Assessment Platform | Aura Learn,"An online assessment platform that grades, records and certifies without a marker.","Online assessment platform for training and hiring-style evaluation: assessments graded automatically, certificates on a pass, and a record kept per candidate.",online assessment platform,online assessment software; employee assessment platform; skills assessment software; online evaluation platform; assessment platform India; training assessment tool,commercial,"Training or HR lead who needs to evaluate staff, trainees or applicants at scale",IN,,feature,3,SoftwareApplication+FAQPage,https://elevateaura.co.in/aura-learn.html,PUBLISHED,aura-learn__online-assessment-platform.json
https://elevateaura.co.in/aura-learn/question-bank-software/,aura-learn,question-bank-software,"Question Bank Software | Build, Tag, Reuse Questions | Aura Learn",Question bank software that writes a question once and uses it everywhere.,"Question bank software for coaching and training: organise questions by subject and topic, reuse them across quizzes and mock tests, with review mode and analytics.",question bank software,question bank management system; online question bank; question paper generator software; question bank for coaching institutes; MCQ bank software; test item bank software,commercial,Academic coordinator or faculty head who maintains the institute's questions,IN,,feature,3,SoftwareApplication+FAQPage,https://elevateaura.co.in/aura-learn.html,PUBLISHED,aura-learn__question-bank-software.json
https://elevateaura.co.in/aurapacs/dicom-server-software/,aurapacs,dicom-server-software,"DICOM Server Software | Receive, Store, Worklist Node | AuraPACS","DICOM server software: the node that receives, stores and serves every study.","DICOM server software explained for centre IT: AE titles, ports, pointing each modality at the node, and the worklist service that fills in patient details.",DICOM server software,DICOM server; DICOM receiver; DICOM store SCP; DICOM node setup; AE title configuration; modality DICOM configuration,commercial,IT person or technically minded owner at a diagnostic centre who will install the node and configure the scanners,IN,,feature,2,SoftwareApplication+FAQPage,https://elevateaura.co.in/aurapacs.html,PUBLISHED,aurapacs__dicom-server-software.json
https://elevateaura.co.in/aurapacs/digital-x-ray-pacs/,aurapacs,digital-x-ray-pacs,"Digital X-Ray PACS | CR/DR Archive, Filmless Viewing | AuraPACS",Digital X-ray PACS: go filmless and let the OPD doctor see the image in a browser.,"Digital X-ray PACS for CR and DR: go filmless, archive every exposure on your own node, let OPD doctors open the image in a browser and send it to the patient.",digital X-ray PACS,CR DR archive; X-ray PACS software; filmless X-ray; digital radiography PACS; X-ray image storage; X-ray sharing WhatsApp,commercial,"Owner of a clinic, polyclinic or small hospital with a CR or DR X-ray unit still printing film",IN,,application,3,SoftwareApplication+FAQPage,https://elevateaura.co.in/aurapacs.html,PUBLISHED,aurapacs__digital-x-ray-pacs.json
https://elevateaura.co.in/aurapacs/hybrid-pacs/,aurapacs,hybrid-pacs,Hybrid PACS | On-Premise Node Plus Cloud Layer | AuraPACS,"Hybrid PACS: local where it must be fast, cloud where it must be reachable.","Hybrid PACS explained: which parts of AuraPACS run on the node in your centre, which run in the cloud, and exactly what keeps working when power or internet fails.",hybrid PACS,hybrid PACS architecture; on-premise and cloud PACS; PACS for unreliable internet; hybrid cloud PACS India; PACS power cut; PACS failover,commercial,"Centre owner or IT consultant comparing cloud, on-premise and hybrid PACS before choosing",IN,,feature,2,SoftwareApplication+FAQPage,https://elevateaura.co.in/aurapacs.html,PUBLISHED,aurapacs__hybrid-pacs.json
https://elevateaura.co.in/aurapacs/imaging-centre-software/,aurapacs,imaging-centre-software,Imaging Centre Software | Desk to Report to GST Bill | AuraPACS,"Imaging centre software that runs the whole centre, from front desk to GST invoice.","Imaging centre software that runs the whole centre: front desk scheduling, worklist to the machines, browser viewer, reporting, GST billing.",imaging centre software,diagnostic imaging centre software; radiology centre management software; scan centre software; imaging centre management system; radiology centre billing software; scan centre software India,commercial,"Owner of a diagnostic imaging centre who wants one system for the desk, the machines, the reports and the bills",IN,,industry,4,SoftwareApplication+FAQPage,https://elevateaura.co.in/aurapacs.html,PUBLISHED,aurapacs__imaging-centre-software.json
https://elevateaura.co.in/aurapacs/mammography-pacs/,aurapacs,mammography-pacs,Mammography PACS | High-Resolution Images and Priors,"Mammography PACS built for large, detailed images and comparison with the last round.","Mammography PACS for large high-resolution images: careful window/level in the browser, prior screening rounds beside today's.",mammography PACS,mammography image archive; mammography reporting software; breast imaging PACS; mammography viewer; digital mammography software; mammography prior comparison,commercial,Owner or radiologist at a diagnostic centre or women's health clinic running a digital mammography unit,IN,,application,3,SoftwareApplication+FAQPage,https://elevateaura.co.in/aurapacs.html,PUBLISHED,aurapacs__mammography-pacs.json
https://elevateaura.co.in/aurapacs/medical-image-archive-storage/,aurapacs,medical-image-archive-storage,"Medical Image Storage and Archive | Indexed, Backed Up | AuraPACS","Medical image storage that is indexed, searchable and backed up, on hardware you own.","Medical image storage and archive on your own hardware: every study indexed by patient, study and series, searchable history.",medical image storage,medical image archive; DICOM archive; radiology image storage; PACS storage; medical imaging backup; long-term image archive,commercial,"Centre owner or IT lead planning where years of CT, MR and X-ray studies will live",IN,,feature,2,SoftwareApplication+FAQPage,https://elevateaura.co.in/aurapacs.html,PUBLISHED,aurapacs__medical-image-archive-storage.json
https://elevateaura.co.in/aurapacs/on-premise-pacs/,aurapacs,on-premise-pacs,On-Premise PACS | Images on Your Own Machine | AuraPACS,"On-premise PACS: your images on your own machine, readable when the internet is not.","On-premise PACS that receives, stores and serves studies on a node inside your centre, so scanning and reading continue without internet. Cloud backup added on top.",on-premise PACS,on-premise PACS software; local PACS server; offline PACS; PACS without internet; PACS on own server India; self-hosted PACS,commercial,Owner or IT lead of a diagnostic centre who wants imaging to stay inside the building and keep working during outages,IN,,feature,2,SoftwareApplication+FAQPage,https://elevateaura.co.in/aurapacs.html,PUBLISHED,aurapacs__on-premise-pacs.json
https://elevateaura.co.in/aurapacs/pacs-for-ct-scan-centres/,aurapacs,pacs-for-ct-scan-centres,PACS for CT Scan Centres | Worklist to Report | AuraPACS,"PACS for CT scan centres that handle high-volume, multi-slice studies all day.","PACS for CT scan centres: receive multi-slice studies straight from the scanner, plan storage growth, push the worklist to the CT.",PACS for CT scan centres,CT scan centre software; CT PACS; PACS for CT; CT scan reporting software; CT imaging archive; CT centre worklist,commercial,Owner or radiologist-partner of a standalone CT scan centre in India,IN,,application,3,SoftwareApplication+FAQPage,https://elevateaura.co.in/aurapacs.html,PUBLISHED,aurapacs__pacs-for-ct-scan-centres.json
https://elevateaura.co.in/aurapacs/pacs-for-mri-centres/,aurapacs,pacs-for-mri-centres,PACS for MRI Centres | Priors and Remote Reading | AuraPACS,PACS for MRI centres where the radiologist is not always in the building.,"PACS for MRI centres: long multi-series studies received straight from the scanner, priors opened beside today’s study, and reading from home in a browser.",PACS for MRI centres,MRI centre software; MRI PACS; PACS for MRI; MRI reporting software; MRI remote reading; MRI image archive,commercial,Owner of an MRI centre that depends on a visiting or remote radiologist for reporting,IN,,application,3,SoftwareApplication+FAQPage,https://elevateaura.co.in/aurapacs.html,PUBLISHED,aurapacs__pacs-for-mri-centres.json
https://elevateaura.co.in/aurapacs/pacs-software-coimbatore/,aurapacs,pacs-software-coimbatore,PACS Software in Coimbatore | On-Site Setup | AuraPACS,"PACS software for Coimbatore, with the node installed on your own network in person.","PACS software for Coimbatore diagnostic centres and hospitals, with the on-premise node installed and modalities connected on site by travel from Chennai.",PACS software Coimbatore,PACS system Coimbatore; DICOM server Coimbatore; radiology software Coimbatore; diagnostic centre software Coimbatore; PACS installation Tamil Nadu,local,"Owner of a diagnostic centre, imaging unit or hospital radiology department in Coimbatore",IN,Coimbatore,city,6,SoftwareApplication+FAQPage,https://elevateaura.co.in/aurapacs.html,PUBLISHED,aurapacs__pacs-software-coimbatore.json
https://elevateaura.co.in/aurapacs/pacs-software-india/,aurapacs,pacs-software-india,PACS Software India | Built for Indian Imaging Centres | AuraPACS,"PACS software for India, built around how Indian centres actually run.","PACS software for India: hybrid so power cuts and weak internet do not stop reading, GST invoicing built in, WhatsApp as the referral channel.",PACS software India,PACS system India; Indian PACS software; PACS for diagnostic centres India; affordable PACS India; PACS software Chennai; radiology software India,commercial,Owner of a diagnostic centre or small hospital anywhere in India comparing PACS options,IN,,country,5,SoftwareApplication+FAQPage,https://elevateaura.co.in/aurapacs.html,PUBLISHED,aurapacs__pacs-software-india.json
https://elevateaura.co.in/aurapacs/pacs-software-kenya/,aurapacs,pacs-software-kenya,"PACS Software Kenya | Hybrid, Remote Deployment | AuraPACS","PACS software for Kenya: images on your own node, read in a browser, shared on WhatsApp.","PACS software for Kenya: a hybrid on-premise node that works through outages, browser viewing on modest bandwidth.",PACS software Kenya,PACS system Kenya; PACS software Nairobi; radiology software Kenya; medical imaging software Kenya; PACS for county hospitals; hybrid PACS East Africa,commercial,"Owner or administrator of a private diagnostic centre, faith-based or county hospital imaging unit in Kenya",KE,,country,5,SoftwareApplication+FAQPage,https://elevateaura.co.in/aurapacs.html,PUBLISHED,aurapacs__pacs-software-kenya.json
https://elevateaura.co.in/aurapacs/pacs-software-madurai/,aurapacs,pacs-software-madurai,PACS Software in Madurai | On-Site Node Install | AuraPACS,"PACS software for Madurai, where the report has to travel further than the patient.","PACS software for Madurai centres serving the southern districts: on-premise node installed on site, browser reading and reports shared on WhatsApp.",PACS software Madurai,PACS system Madurai; DICOM server Madurai; scan centre software Madurai; radiology reporting software southern Tamil Nadu; PACS installation Madurai,local,Owner of a scan centre or hospital imaging department in Madurai serving the southern districts,IN,Madurai,city,6,SoftwareApplication+FAQPage,https://elevateaura.co.in/aurapacs.html,PUBLISHED,aurapacs__pacs-software-madurai.json
https://elevateaura.co.in/aurapacs/pacs-software-nigeria/,aurapacs,pacs-software-nigeria,PACS Software Nigeria | Works Through Outages | AuraPACS,PACS software for Nigeria that keeps reading when power and internet do not.,"PACS software for Nigeria: an on-premise node that keeps working through power and internet outages, low-bandwidth browser viewing.",PACS software Nigeria,PACS system Nigeria; PACS software Lagos; PACS software Abuja; radiology software Nigeria; medical imaging software Nigeria; offline PACS Nigeria,commercial,Owner or radiologist-partner of a private diagnostic centre or hospital imaging unit in Nigeria,NG,,country,5,SoftwareApplication+FAQPage,https://elevateaura.co.in/aurapacs.html,PUBLISHED,aurapacs__pacs-software-nigeria.json
https://elevateaura.co.in/aurapacs/pacs-software-pricing/,aurapacs,pacs-software-pricing,PACS Software Pricing Models Explained | AuraPACS,"PACS software pricing: three models, five years apart.","PACS software pricing: how per-study, subscription and owned-licence models behave over five years, what moves the quote, and the one exit question to ask.",PACS software pricing,PACS cost India; cloud PACS price; DICOM software cost; PACS pricing models; radiology software cost India,transactional,"Owner of a diagnostic or imaging centre, or an administrator at a hospital with imaging, comparing PACS quotes",IN,,commercial,1,SoftwareApplication+FAQPage,https://elevateaura.co.in/aurapacs.html,PUBLISHED,aurapacs__pacs-software-pricing.json
https://elevateaura.co.in/aurapacs/pacs-software-saudi-arabia/,aurapacs,pacs-software-saudi-arabia,PACS Software Saudi Arabia | Remote Deployment | AuraPACS,"PACS software for Saudi Arabia: a node on your network, set up remotely.","PACS software for Saudi Arabia: hybrid on-premise node installed by your IT with remote guidance from Chennai, cloud layer for remote reading and backup.",PACS software Saudi Arabia,PACS system Saudi Arabia; PACS software Riyadh; PACS software Jeddah; radiology software Saudi Arabia; medical imaging software KSA; hybrid PACS Saudi Arabia,commercial,"Administrator or owner of a private clinic, polyclinic or imaging centre in Saudi Arabia evaluating PACS options",SA,,country,5,SoftwareApplication+FAQPage,https://elevateaura.co.in/aurapacs.html,PUBLISHED,aurapacs__pacs-software-saudi-arabia.json
https://elevateaura.co.in/aurapacs/pacs-software-uae/,aurapacs,pacs-software-uae,"PACS Software UAE | Hybrid PACS, Remote Deployment | AuraPACS","PACS software for the UAE, deployed remotely onto your own network.","PACS software for UAE clinics and imaging centres: an on-premise node installed by your IT with remote guidance, cloud layer for remote reading and backup.",PACS software UAE,PACS system UAE; PACS software Dubai; PACS software Abu Dhabi; radiology software UAE; medical imaging software UAE; cloud PACS UAE,commercial,"Owner or administrator of a private clinic, polyclinic or imaging centre in the UAE evaluating PACS options",AE,,country,5,SoftwareApplication+FAQPage,https://elevateaura.co.in/aurapacs.html,PUBLISHED,aurapacs__pacs-software-uae.json
https://elevateaura.co.in/aurapacs/radiology-reporting-software/,aurapacs,radiology-reporting-software,Radiology Reporting Software | Templates to Signed PDF | AuraPACS,Radiology reporting software that goes from template to signed PDF on the study.,"Radiology reporting software with structured templates per modality, sign-off by the radiologist and a finalised PDF attached to the study and the share link.",radiology reporting software,structured radiology reporting; radiology report templates; radiology reporting system India; report writing software for radiologists; PACS reporting module; radiology report PDF,commercial,Radiologist or centre owner who still types reports in Word and wants them on the study,IN,,feature,2,SoftwareApplication+FAQPage,https://elevateaura.co.in/aurapacs.html,PUBLISHED,aurapacs__radiology-reporting-software.json
https://elevateaura.co.in/aurapacs/teleradiology-remote-reading-software/,aurapacs,teleradiology-remote-reading-software,Remote Reading Software for Radiologists | AuraPACS,"Remote reading software for your own radiologist, from home or a second site.","Remote reading software that lets your own radiologist read from home or a second site in a browser, with role-based access and every view audited.",teleradiology software,remote reading software; remote radiology reporting; read scans from home; teleradiology PACS; radiologist remote access; multi-site radiology reading,commercial,"Centre owner whose radiologist visits on set days or reads from another city, and who wants reporting to continue between visits",IN,,feature,2,SoftwareApplication+FAQPage,https://elevateaura.co.in/aurapacs.html,PUBLISHED,aurapacs__teleradiology-remote-reading-software.json
https://elevateaura.co.in/aurapacs/ultrasound-pacs/,aurapacs,ultrasound-pacs,"Ultrasound PACS | Cine Loops, Frames and Reports",Ultrasound PACS that keeps every frame and sends the report with the images.,"Ultrasound PACS that stores every frame and cine loop from the scanner, attaches the sonologist's report with images.",ultrasound PACS,ultrasound image archive; ultrasound reporting software; obstetric ultrasound software; sonography reporting software; ultrasound cine storage; USG report sharing,commercial,Sonologist or owner of a scan centre doing obstetric and general ultrasound for referring gynaecologists and physicians,IN,,application,3,SoftwareApplication+FAQPage,https://elevateaura.co.in/aurapacs.html,PUBLISHED,aurapacs__ultrasound-pacs.json
https://elevateaura.co.in/aurapacs/whatsapp-medical-report-sharing/,aurapacs,whatsapp-medical-report-sharing,WhatsApp Medical Report Sharing | AuraPACS,"WhatsApp medical report sharing: images and report on the referrer's phone, no login.","WhatsApp medical report sharing from your PACS: a secure link puts the images and the signed report on the referrer's or patient's phone, with no login.",WhatsApp medical report sharing,share radiology report on WhatsApp; send X-ray on WhatsApp; secure medical image sharing; PACS WhatsApp integration; report sharing with referring doctors; patient report link,commercial,Centre owner whose referrers already ask for reports on WhatsApp and who wants to do it properly,IN,,feature,2,SoftwareApplication+FAQPage,https://elevateaura.co.in/aurapacs.html,PUBLISHED,aurapacs__whatsapp-medical-report-sharing.json
https://elevateaura.co.in/case-studies/carna-medicare-medical-equipment-distributor-platform/,case-studies,carna-medicare-medical-equipment-distributor-platform,Medical Equipment Distributor Software Case Study | Elevate Aura,Carna Medicare: a 12-module operations platform for a medical equipment distributor.,"How Carna Medicare, a medical equipment distributor in Chennai, moved from WhatsApp and Excel to a 12-module operations platform shipped in 30 days.",medical equipment distributor software case study,medical equipment distribution platform; field staff app for distributors; GST billing for medical equipment dealers; distributor operations platform India; Chennai medical equipment software,commercial,Owner of a medical-equipment distribution business considering a custom operations platform,IN,,case-study,1,Article+FAQPage,https://elevateaura.co.in/case-studies/,PUBLISHED,case-studies__carna-medicare-medical-equipment-distributor-platform.json
https://elevateaura.co.in/case-studies/exam-prep-learning-app/,case-studies,exam-prep-learning-app,Exam Preparation App Case Study | Elevate Aura,"The exam-prep app: an Android product, Telegram bots and content automation.","How Elevate Aura built its own government exam preparation product: an Android app on Google Play, Telegram practice bots and content automation.",exam preparation app case study,government exam prep app development; Flutter learning app; Telegram bot for practice questions; edtech product built in India; learning app on Google Play,commercial,Coaching institute owner or exam-prep business evaluating whether the builder has shipped a learning product,IN,,case-study,1,Article+FAQPage,https://elevateaura.co.in/case-studies/,PUBLISHED,case-studies__exam-prep-learning-app.json
https://elevateaura.co.in/case-studies/,case-studies,index,Healthcare Software Case Studies | Elevate Aura,"Three platforms, built and shipped by one builder.","Three real platforms shipped by Elevate Aura: a medical equipment operations platform, an e-commerce and distributor platform, and an exam preparation app.",healthcare software case studies,medical equipment software case study; distributor platform case study India; healthcare software projects Chennai; custom healthcare platform examples; edtech app case study,commercial,Owner evaluating whether Elevate Aura has actually shipped platforms like the one they need,IN,,hub,1,Article,https://elevateaura.co.in/case-studies/,PUBLISHED,case-studies__index.json
https://elevateaura.co.in/case-studies/medline-robotics-ecommerce-distributor-platform/,case-studies,medline-robotics-ecommerce-distributor-platform,Medical Equipment E-commerce Case Study | Elevate Aura,"Medline Robotics: a storefront, a distributor portal and 253 SEO pages.","How Medline Robotics, a medical robotics company in Chennai, got a storefront, distributor portal, quote-to-order flow and 253 product and city SEO pages.",medical equipment e-commerce case study,medical robotics e-commerce platform; distributor portal development; B2B storefront medical devices; programmatic SEO product pages; quote to order flow India,commercial,Owner or marketing head of a medical-device or robotics company that sells through distributors and wants to sell online,IN,,case-study,1,Article+FAQPage,https://elevateaura.co.in/case-studies/,PUBLISHED,case-studies__medline-robotics-ecommerce-distributor-platform.json
https://elevateaura.co.in/compare/amc-vs-cmc/,compare,amc-vs-cmc,AMC vs CMC: What Each Contract Covers | Elevate Aura,"AMC vs CMC: what each contract covers, and who carries the spare-parts risk.","AMC vs CMC explained for equipment dealers and hospitals: what each covers, how each is priced, who carries the spare-parts risk and when to offer which.",AMC vs CMC,difference between AMC and CMC; what is CMC contract; comprehensive maintenance contract meaning; AMC CMC medical equipment; annual maintenance contract vs comprehensive,comparison,"Dealer, service head or hospital administrator deciding which maintenance contract to offer or buy",IN,,comparison,8,Article+FAQPage,https://elevateaura.co.in/compare/,PUBLISHED,compare__amc-vs-cmc.json
https://elevateaura.co.in/compare/cloud-pacs-vs-on-premise-pacs/,compare,cloud-pacs-vs-on-premise-pacs,Cloud PACS vs On-Premise PACS vs Hybrid Compared | Elevate Aura,"Cloud PACS vs on-premise PACS: the trade-offs, and the hybrid middle.","Cloud PACS vs on-premise PACS, plus the hybrid option: internet dependence, who owns the data, backup, cost model and remote reading.",cloud PACS vs on-premise PACS,cloud vs on-premise PACS; hybrid PACS; on-premise PACS advantages; cloud PACS disadvantages; PACS deployment options,comparison,Owner or administrator of an imaging centre or small hospital choosing how a PACS should be deployed,IN,,comparison,8,Article+FAQPage,https://elevateaura.co.in/compare/,PUBLISHED,compare__cloud-pacs-vs-on-premise-pacs.json
https://elevateaura.co.in/compare/crm-vs-erp-for-medical-equipment-distributors/,compare,crm-vs-erp-for-medical-equipment-distributors,CRM vs ERP for Medical Equipment Distributors | Elevate Aura,CRM vs ERP for a medical equipment distributor: and the gap between them.,"CRM vs ERP for medical equipment distributors: what each covers, where AMC and field service fall between them, and when a full ERP is worth it.",CRM vs ERP for medical equipment distributors,difference between CRM and ERP; ERP for medical equipment distributor; CRM or ERP for distribution business; do distributors need an ERP; medical equipment distributor software,comparison,"Owner or operations head of a medical-equipment distribution business deciding between a CRM, an ERP and an operations platform",IN,,comparison,8,Article+FAQPage,https://elevateaura.co.in/compare/,PUBLISHED,compare__crm-vs-erp-for-medical-equipment-distributors.json
https://elevateaura.co.in/compare/generic-crm-vs-medical-equipment-crm/,compare,generic-crm-vs-medical-equipment-crm,Generic CRM vs Medical Equipment CRM | Elevate Aura,"Generic CRM vs medical equipment CRM: leads only, or lead to renewal.","Generic CRM vs medical equipment CRM: leads-only against lead to renewal, GST billing, field service and AMC, plus when a generic CRM is genuinely enough.",generic CRM vs medical equipment CRM,industry specific CRM vs generic CRM; best CRM for medical equipment business; CRM with AMC tracking; CRM with GST billing India; medical device CRM comparison,comparison,Owner or sales head of a medical-equipment business choosing between a general-purpose CRM and an industry CRM,IN,,comparison,8,Article+FAQPage,https://elevateaura.co.in/compare/,PUBLISHED,compare__generic-crm-vs-medical-equipment-crm.json
https://elevateaura.co.in/compare/hims-vs-hospital-erp/,compare,hims-vs-hospital-erp,HIMS vs Hospital ERP: Which Do You Need | Elevate Aura,HIMS vs hospital ERP: the clinical record against the enterprise books.,"HIMS vs hospital ERP compared: clinical record against enterprise resource planning, where billing sits, and what a small hospital actually needs first.",HIMS vs hospital ERP,difference between HIMS and hospital ERP; hospital management system vs ERP; hospital ERP software; do hospitals need an ERP; HIS vs ERP hospital,comparison,"Hospital owner, administrator or medical director choosing between a hospital management system and an ERP",IN,,comparison,8,Article+FAQPage,https://elevateaura.co.in/compare/,PUBLISHED,compare__hims-vs-hospital-erp.json
https://elevateaura.co.in/compare/,compare,index,Software Comparisons for Healthcare Buyers | Elevate Aura,Software comparisons for people who have to choose and live with it.,"Side-by-side software comparisons for hospitals, imaging centres, distributors and coaching institutes, including when the cheaper option is the right one.",healthcare software comparisons,PACS comparison; CRM vs ERP distributor; AMC vs CMC; HIMS vs hospital ERP; LMS comparison India,comparison,"Hospital, imaging centre, distributor or institute buyer comparing categories of software before shortlisting",IN,,hub,8,Article,https://elevateaura.co.in/compare/,PUBLISHED,compare__index.json
https://elevateaura.co.in/compare/lms-vs-youtube-and-whatsapp-for-coaching/,compare,lms-vs-youtube-and-whatsapp-for-coaching,LMS vs YouTube and WhatsApp for Coaching | Aura Learn,"LMS vs YouTube and WhatsApp: free and blind, or structured and measured.","LMS vs YouTube and WhatsApp for coaching institutes: what free tools do well, what they hide, and when progress, tests and payments need a real platform.",LMS vs YouTube and WhatsApp for coaching,do coaching institutes need an LMS; WhatsApp groups for teaching problems; YouTube vs LMS for online classes; coaching institute app; online coaching platform India,comparison,Owner or academic head of a coaching institute or exam-prep business deciding whether to move off free tools,IN,,comparison,8,Article+FAQPage,https://elevateaura.co.in/compare/,PUBLISHED,compare__lms-vs-youtube-and-whatsapp-for-coaching.json
https://elevateaura.co.in/compare/pacs-vs-cloud-storage/,compare,pacs-vs-cloud-storage,PACS vs Cloud Storage for DICOM Files: What Changes,PACS vs cloud storage: why a folder of DICOM files is not an archive.,"PACS vs cloud storage compared: why a shared drive of DICOM folders is not an archive, what you lose on search, viewing, worklist, sharing and privacy.",PACS vs cloud storage,storing DICOM files in cloud storage; shared drive for medical images; cloud storage for radiology images; DICOM archive vs file storage; is cloud storage a PACS,comparison,Owner or manager of a small imaging centre currently storing studies in a shared drive or cloud folder,IN,,comparison,8,Article+FAQPage,https://elevateaura.co.in/compare/,PUBLISHED,compare__pacs-vs-cloud-storage.json
https://elevateaura.co.in/compare/pacs-vs-dicom-viewer/,compare,pacs-vs-dicom-viewer,PACS vs DICOM Viewer: Which Does Your Centre Need | Elevate Aura,PACS vs DICOM viewer: when a viewer is enough and when you need the whole system.,"PACS vs DICOM viewer, compared honestly. When a free viewer is enough (a CD, one doctor) and when you need the archive.",PACS vs DICOM viewer,difference between PACS and DICOM viewer; DICOM viewer vs PACS; do I need a PACS or a viewer; PACS or DICOM viewer for small clinic; free DICOM viewer limitations,comparison,Owner or radiologist at a small imaging centre or clinic deciding whether a viewer is enough,IN,,comparison,8,Article+FAQPage,https://elevateaura.co.in/compare/,PUBLISHED,compare__pacs-vs-dicom-viewer.json
https://elevateaura.co.in/compare/spreadsheets-vs-distributor-software/,compare,spreadsheets-vs-distributor-software,Spreadsheets vs Distributor Software | Elevate Aura,"Spreadsheets vs distributor software: when Excel is enough, and where it breaks.","Spreadsheets vs distributor software: when Excel is genuinely enough, and the four points where it breaks, AMC renewals, stock, collections and field work.",spreadsheets vs distributor software,Excel vs distribution software; when to stop using Excel for business; move from Excel to software; distributor management software India; Excel AMC tracking problems,comparison,Owner of a small distribution or dealership business running the company on Excel and WhatsApp,IN,,comparison,8,Article+FAQPage,https://elevateaura.co.in/compare/,PUBLISHED,compare__spreadsheets-vs-distributor-software.json
https://elevateaura.co.in/hims/abha-abdm-ready-hospital-software/,hims,abha-abdm-ready-hospital-software,ABHA and ABDM Ready Hospital Software | What It Means | HIMS,"ABHA and ABDM ready hospital software, and what that phrase should mean before you sign.","What ABHA and ABDM ready actually means for a hospital, the questions to put to any vendor, and how HIMS is built to support ABHA linking.",ABHA ABDM ready hospital software,ABDM ready hospital management software; ABHA enabled hospital software; ABHA integration hospital software; what is ABHA number; what is ABDM; digital health record software India,commercial,Hospital owner or IT lead assessing vendor claims about ABHA and ABDM readiness,IN,,commercial,1,SoftwareApplication+FAQPage,https://elevateaura.co.in/hims.html,PUBLISHED,hims__abha-abdm-ready-hospital-software.json
https://elevateaura.co.in/hims/dental-clinic-management-software/,hims,dental-clinic-management-software,Dental Clinic Management Software | Chair to Bill | HIMS,"Dental clinic management software that keeps every visit, note and bill on one patient record.","Dental clinic management software with chair-wise appointments, patient records, treatment notes per visit, billing and follow-up booking on one record.",dental clinic management software,dental practice management software India; dental clinic software; dentist appointment software; dental patient record software; dental billing software; multi-chair dental clinic software,commercial,Dentist-owner of a single or multi-chair clinic moving off an appointment diary and paper cards,IN,,industry,4,SoftwareApplication+FAQPage,https://elevateaura.co.in/hims.html,PUBLISHED,hims__dental-clinic-management-software.json
https://elevateaura.co.in/hims/diagnostic-centre-management-software/,hims,diagnostic-centre-management-software,Diagnostic Centre Management Software | HIMS,"Diagnostic centre management software with lab, imaging and billing on one patient record.","Diagnostic centre management software that joins the front desk, laboratory (LIMS), imaging through AuraPACS and GST billing on one record.",diagnostic centre management software,diagnostic center software India; pathology lab and imaging software; lab management software with PACS; diagnostic centre billing software; LIMS for diagnostic centres; scan centre management software,commercial,Owner or manager of a standalone diagnostic centre offering pathology and imaging,IN,,industry,4,SoftwareApplication+FAQPage,https://elevateaura.co.in/hims.html,PUBLISHED,hims__diagnostic-centre-management-software.json
https://elevateaura.co.in/hims/emergency-department-software/,hims,emergency-department-software,Emergency Department Software | Casualty Triage Board | HIMS,Emergency department software with a live casualty triage board and one-step admission.,"Emergency department and casualty software with a live triage board for trauma and medical emergencies, fast registration.",emergency department software,casualty management software; hospital emergency room software; triage software for hospitals; trauma care software India; ER management system; casualty registration software,commercial,"Casualty medical officer, emergency in-charge or administrator of a hospital that receives emergencies",IN,,feature,2,SoftwareApplication+FAQPage,https://elevateaura.co.in/hims.html,PUBLISHED,hims__emergency-department-software.json
https://elevateaura.co.in/hims/hospital-bed-management-software/,hims,hospital-bed-management-software,Hospital Bed Management Software | Live Ward Occupancy | HIMS,Hospital bed management software that shows every ward and every bed as it is right now.,"Hospital bed management software with live ward and bed occupancy, transfers, ICU step-down, bed release at discharge and occupancy on the hospital dashboard.",hospital bed management software,bed management system for hospitals; ward management software; bed occupancy software; hospital bed allocation software; bed availability dashboard; patient transfer software,commercial,"Admissions in-charge, nursing superintendent or administrator of a hospital with several wards",IN,,feature,2,SoftwareApplication+FAQPage,https://elevateaura.co.in/hims.html,PUBLISHED,hims__hospital-bed-management-software.json
https://elevateaura.co.in/hims/hospital-emr-software/,hims,hospital-emr-software,"Hospital EMR Software | Structured Records, e-Prescription | HIMS",Hospital EMR software that keeps one clinical record from the first OP visit to discharge.,"Hospital EMR software with structured history, orders, notes, reports and e-prescription on one record across OP, IP, lab, pharmacy and AuraPACS imaging.",hospital EMR software,electronic medical record software for hospitals; EMR software India; hospital EHR software; e-prescription software for hospitals; NABH documentation software; clinical documentation software,commercial,"Medical director, quality coordinator or owner of a hospital moving clinical notes off paper",IN,,feature,2,SoftwareApplication+FAQPage,https://elevateaura.co.in/hims.html,PUBLISHED,hims__hospital-emr-software.json
https://elevateaura.co.in/hims/hospital-erp-software/,hims,hospital-erp-software,Hospital ERP Software | Operations Modules in HIMS,"Hospital ERP software, or a hospital system that runs the operations as well as the ward?","Hospital ERP software, honestly: what HIMS covers for consumables, indents, billing, the money view and rosters, and where a finance ERP still differs.",hospital ERP software,hospital ERP system India; hospital resource planning software; hospital inventory and billing software; hospital operations software; HIMS vs hospital ERP; hospital administration software,commercial,Owner or administrator of a hospital comparing a hospital ERP against a hospital information system,IN,,product,1,SoftwareApplication+FAQPage,https://elevateaura.co.in/hims.html,PUBLISHED,hims__hospital-erp-software.json
https://elevateaura.co.in/hims/hospital-insurance-tpa-billing-software/,hims,hospital-insurance-tpa-billing-software,"Hospital TPA and Insurance Billing Software | Claims, GST | HIMS","Hospital TPA and insurance billing software where cash, insurer and TPA sit on one bill.","Hospital TPA and insurance billing software: cash, insurer and TPA on one bill, pre-authorisation, claim documents from the record and outstanding per TPA.",hospital TPA billing software,hospital insurance billing software; TPA claim management software for hospitals; cashless claim software; hospital pre-authorisation software; hospital billing software with insurance; TPA outstanding tracking,commercial,"TPA desk in-charge, accounts head or owner of a hospital that handles cashless admissions",IN,,feature,2,SoftwareApplication+FAQPage,https://elevateaura.co.in/hims.html,PUBLISHED,hims__hospital-insurance-tpa-billing-software.json
https://elevateaura.co.in/hims/hospital-ipd-management-software/,hims,hospital-ipd-management-software,Hospital IPD Management Software | Admission to Discharge | HIMS,Hospital IPD software that runs an admission from bed allocation to discharge summary.,"Hospital IPD software for admission, bed allocation, ward rounds, nursing charts, running IP bills with interim statements, TPA pre-auth and discharge summary.",hospital IPD software,IPD management software; inpatient management system; hospital admission discharge software; IP billing software; ward management software; nursing station software,commercial,"Hospital administrator, nursing superintendent or owner of a hospital with admitted patients",IN,,feature,2,SoftwareApplication+FAQPage,https://elevateaura.co.in/hims.html,PUBLISHED,hims__hospital-ipd-management-software.json
https://elevateaura.co.in/hims/hospital-management-software-coimbatore/,hims,hospital-management-software-coimbatore,Hospital Management Software in Coimbatore | HIMS,"Hospital management software for Coimbatore, set up and taught at your front desk.","Hospital management software for Coimbatore hospitals, nursing homes and clinics: OP and IP, EMR, pharmacy, lab and billing, set up on site by travel.",hospital management software Coimbatore,hospital software Coimbatore; HMS software Coimbatore; clinic management software Coimbatore; nursing home software Coimbatore; hospital billing software Tamil Nadu,local,"Owner or administrator of a hospital, nursing home or clinic in Coimbatore",IN,Coimbatore,city,6,SoftwareApplication+FAQPage,https://elevateaura.co.in/hims.html,PUBLISHED,hims__hospital-management-software-coimbatore.json
https://elevateaura.co.in/hims/hospital-management-software-madurai/,hims,hospital-management-software-madurai,Hospital Management Software in Madurai | HIMS,"Hospital management software for Madurai, built for a hospital that never really closes.","Hospital management software for Madurai hospitals and nursing homes: casualty, OP, wards, pharmacy, lab and billing, with on-site training by travel.",hospital management software Madurai,hospital software Madurai; HMS software Madurai; nursing home software Madurai; hospital software southern Tamil Nadu; hospital billing software Madurai,local,Owner or administrator of a hospital or nursing home in Madurai serving the southern districts,IN,Madurai,city,6,SoftwareApplication+FAQPage,https://elevateaura.co.in/hims.html,PUBLISHED,hims__hospital-management-software-madurai.json
https://elevateaura.co.in/hims/hospital-management-software-pricing/,hims,hospital-management-software-pricing,Hospital Management Software Pricing India | HIMS,What actually drives hospital software pricing in India.,"Hospital management software pricing in India: what drives the cost, the charges buyers forget, and the questions to ask before you sign a HIMS contract.",hospital management software pricing India,HIMS cost; hospital software price; clinic management software cost; hospital information system pricing; hospital software quote India,transactional,"Owner, administrator or managing director of a hospital, nursing home or clinic comparing HIMS quotes",IN,,commercial,1,SoftwareApplication+FAQPage,https://elevateaura.co.in/hims.html,PUBLISHED,hims__hospital-management-software-pricing.json
https://elevateaura.co.in/hims/hospital-opd-management-software/,hims,hospital-opd-management-software,"Hospital OPD Management Software | Tokens, Queues, e-Rx | HIMS",Hospital OPD software that moves a patient from the front desk to the pharmacy without a paper slip.,"Hospital OPD software for registration, appointments, tokens, live doctor queues, consultation, e-prescription and OPD billing on one record. Live demo.",hospital OPD software,OPD management software; outpatient management system; OPD software for hospitals India; OPD registration software; OPD billing software; doctor queue management software,commercial,"OPD in-charge, front-office manager or owner of a hospital or polyclinic with a busy morning OP",IN,,feature,2,SoftwareApplication+FAQPage,https://elevateaura.co.in/hims.html,PUBLISHED,hims__hospital-opd-management-software.json
https://elevateaura.co.in/hims/hospital-queue-management-software/,hims,hospital-queue-management-software,Hospital Queue Management Software | HIMS,"Hospital queue management software that gives every doctor a live token queue, not a corridor headcount.","Hospital queue and token management software: walk-in tokens, appointment check-in, a live queue per doctor and waiting counts on the OPD dashboard.",hospital queue management software,hospital token management system; OPD token system; doctor queue software; patient queue management system India; token display system for hospitals; clinic token software,commercial,Front-office manager or OPD in-charge dealing with crowding and token disputes,IN,,feature,2,SoftwareApplication+FAQPage,https://elevateaura.co.in/hims.html,PUBLISHED,hims__hospital-queue-management-software.json
https://elevateaura.co.in/hims/icu-management-software/,hims,icu-management-software,ICU Management Software | HIMS,ICU management software with live vitals per bed and a nursing chart that follows the patient.,"ICU management software with live vitals per bed, critical-care nursing charts, doctor orders, ICU bed status and step-down transfers.",ICU management software,critical care management software; ICU monitoring software for hospitals; ICU nursing chart software; intensive care unit software India; ICU bed management; critical care documentation software,commercial,"Intensivist, ICU in-charge or administrator of a hospital with a critical-care unit",IN,,feature,2,SoftwareApplication+FAQPage,https://elevateaura.co.in/hims.html,PUBLISHED,hims__icu-management-software.json
https://elevateaura.co.in/hims/multi-specialty-hospital-software/,hims,multi-specialty-hospital-software,Multi-Specialty Hospital Software | One Record | HIMS,Multi-specialty hospital software where every department reads the same record.,"Multi-specialty hospital software that keeps one patient record across departments, with doctor rosters by department, department queues.",multi-specialty hospital software,multispeciality hospital management software; hospital software for multiple departments; hospital information system India; department-wise hospital software; large hospital management system; hospital software with doctor rosters,commercial,"Managing director, administrator or IT head of a multi-specialty hospital replacing department-level systems",IN,,industry,4,SoftwareApplication+FAQPage,https://elevateaura.co.in/hims.html,PUBLISHED,hims__multi-specialty-hospital-software.json
https://elevateaura.co.in/hims/nursing-home-management-software/,hims,nursing-home-management-software,"Nursing Home Management Software | Beds, Nursing, Billing | HIMS",Nursing home management software for a facility run by a few doctors and a small team.,"Nursing home management software for small IP-led facilities: beds, nursing charts, pharmacy, cash and TPA billing and discharge on one record.",nursing home management software,nursing home software India; small hospital management software; software for 20 bed hospital; nursing home billing software; small hospital EMR; hospital software for small towns,commercial,Doctor-owner of a nursing home or small hospital with limited administrative staff,IN,,industry,4,SoftwareApplication+FAQPage,https://elevateaura.co.in/hims.html,PUBLISHED,hims__nursing-home-management-software.json
https://elevateaura.co.in/hims/operation-theatre-management-software/,hims,operation-theatre-management-software,Operation Theatre Management Software | HIMS,"Operation theatre management software that puts the OT list, the consumables and the bill on the same admission.","Operation theatre management software: OT schedule by surgeon, procedure and status, pre-operative documentation on the record.",operation theatre management software,OT management software; OT scheduling software for hospitals; surgery scheduling software India; operating room management system; OT billing software; surgical case scheduling,commercial,"OT in-charge, surgeon or administrator of a hospital running one or more theatres",IN,,feature,2,SoftwareApplication+FAQPage,https://elevateaura.co.in/hims.html,PUBLISHED,hims__operation-theatre-management-software.json
https://elevateaura.co.in/mobile-app-development/doctor-app-development/,mobile-app-development,doctor-app-development,"Doctor App Development: Roster, Queue, e-Prescription",Doctor app development for the consultant who is never at a desk.,"Doctor app development for hospitals and clinics: today's roster, the live consult queue, EMR on rounds, e-prescription and imaging opened from an AuraPACS link.",doctor app development,doctor mobile app development; physician app development India; consultant app for hospitals; e-prescription app development; doctor roster app,commercial,"Medical director, hospital IT head or polyclinic owner who wants doctors working from a phone",IN,,commercial,1,Service+FAQPage,https://elevateaura.co.in/mobile-app-development/,PUBLISHED,mobile-app-development__doctor-app-development.json
https://elevateaura.co.in/mobile-app-development/field-service-mobile-app-development/,mobile-app-development,field-service-mobile-app-development,Field Service Mobile App Development: Job Cards and GPS,Field service mobile app development for technicians who work where the signal is not.,"Field service mobile app development for technicians: job cards, GPS check-in, photo and signature proof, spares used and offline sync, tied to your desk.",field service mobile app development,technician mobile app development; field service app India; job card app for technicians; offline field service app; service engineer app development,commercial,Service head or owner of a business that installs and maintains equipment with technicians on the road,IN,,commercial,3,Service+FAQPage,https://elevateaura.co.in/mobile-app-development/,PUBLISHED,mobile-app-development__field-service-mobile-app-development.json
https://elevateaura.co.in/mobile-app-development/flutter-healthcare-app-development/,mobile-app-development,flutter-healthcare-app-development,"Flutter Healthcare App Development, Live on Google Play","Flutter healthcare app development, with a Flutter app of our own already on Google Play.","Flutter healthcare app development from a studio with its own Flutter app live on Google Play. When Flutter is the right choice for your app, and when not.",Flutter healthcare app development,Flutter app development company India; Flutter medical app development; Flutter app developers Chennai; Flutter vs React Native healthcare; Flutter patient app,commercial,Healthcare founder or IT head who has heard of Flutter and wants to know whether it suits their app,IN,,commercial,3,Service+FAQPage,https://elevateaura.co.in/mobile-app-development/,PUBLISHED,mobile-app-development__flutter-healthcare-app-development.json
https://elevateaura.co.in/mobile-app-development/healthcare-app-development-chennai/,mobile-app-development,healthcare-app-development-chennai,Healthcare App Development Company in Chennai | Elevate Aura,Healthcare app development company in Chennai that comes to your hospital or warehouse.,"Healthcare app development company in Chennai. A founder-led studio that meets you at your hospital, clinic or warehouse and builds in React Native or Flutter.",healthcare app development company Chennai,mobile app development company Chennai healthcare; medical app developers Chennai; hospital app development Chennai; app development company Chennai; healthcare software company Chennai,local,"Hospital, clinic, diagnostic centre or medical-equipment dealer in Chennai looking for an app developer they can meet",IN,Chennai,city,6,Service+FAQPage,https://elevateaura.co.in/mobile-app-development/,PUBLISHED,mobile-app-development__healthcare-app-development-chennai.json
https://elevateaura.co.in/mobile-app-development/healthcare-mobile-app-development/,mobile-app-development,healthcare-mobile-app-development,"Healthcare Mobile App Development, Workflow First | Elevate Aura","Healthcare mobile app development that starts from the workflow, not the wireframe.","Healthcare mobile app development built around real clinical and operational workflows. React Native or Flutter, GPS, offline mode and store publishing.",healthcare mobile app development,medical app development; healthcare app developers India; clinical workflow app development; healthcare Android app development; healthcare iOS app development,commercial,"Hospital IT head, clinic owner or healthcare founder commissioning a mobile app",IN,,commercial,1,Service+FAQPage,https://elevateaura.co.in/mobile-app-development/,PUBLISHED,mobile-app-development__healthcare-mobile-app-development.json
https://elevateaura.co.in/mobile-app-development/hospital-mobile-app-development/,mobile-app-development,hospital-mobile-app-development,Hospital Mobile App Development: Patient and Staff Apps,Hospital mobile app development that runs on the hospital's own system.,"Hospital mobile app development tied to your HIMS: a patient app for appointments, tokens, reports and bills, plus staff apps for doctors, nurses and admin.",hospital mobile app development,hospital app development company; hospital patient app; hospital staff app development; HIMS mobile app; hospital app India,commercial,Hospital administrator or IT head who wants a patient-facing app and staff apps that work with the hospital system,IN,,commercial,1,Service+FAQPage,https://elevateaura.co.in/mobile-app-development/,PUBLISHED,mobile-app-development__hospital-mobile-app-development.json
https://elevateaura.co.in/mobile-app-development/,mobile-app-development,index,Healthcare Mobile App Development Company | Elevate Aura,A healthcare mobile app development company that ships apps people open every day.,"Healthcare mobile app development company in Chennai: patient, doctor, hospital staff and field-service apps in React Native and Flutter, built by the founder.",healthcare mobile app development company,healthcare app development company India; medical app development company Chennai; hospital app developer; React Native healthcare app company; Flutter healthcare app company,commercial,"Hospital administrator, clinic owner or medical-equipment dealer who needs a mobile app built and released",IN,,hub,1,Service+FAQPage,https://elevateaura.co.in/mobile-app-development/,PUBLISHED,mobile-app-development__index.json
https://elevateaura.co.in/mobile-app-development/medical-equipment-service-app/,mobile-app-development,medical-equipment-service-app,Medical Equipment Service App for Dealer Engineers | Elevate Aura,A medical equipment service app built for the engineer standing in a hospital corridor.,"A medical equipment service app for dealer engineers: service calls, job cards per device, spares used, calibration readings and sign-off against the contract.",medical equipment service app,biomedical service engineer app; medical equipment service engineer app; medical equipment dealer service app; hospital equipment service call app; AMC service app for medical equipment,commercial,Service head or owner of a medical-equipment dealer with engineers visiting hospitals and labs,IN,,commercial,3,Service+FAQPage,https://elevateaura.co.in/mobile-app-development/,PUBLISHED,mobile-app-development__medical-equipment-service-app.json
https://elevateaura.co.in/mobile-app-development/patient-app-development/,mobile-app-development,patient-app-development,"Patient App Development: Appointments, Reports, Bills",Patient app development that stops the phone ringing at the front desk.,"Patient app development for hospitals, clinics and diagnostic centres: appointments, token position, reports, bills and WhatsApp reminders, tied to your system.",patient app development,patient mobile app development; patient engagement app India; appointment booking app for hospitals; patient portal app development; hospital patient app,commercial,Hospital or clinic owner who wants patients to self-serve on a phone instead of calling,IN,,commercial,3,Service+FAQPage,https://elevateaura.co.in/mobile-app-development/,PUBLISHED,mobile-app-development__patient-app-development.json
https://elevateaura.co.in/mobile-app-development/react-native-healthcare-app-development/,mobile-app-development,react-native-healthcare-app-development,React Native Healthcare App Development | Elevate Aura,React Native healthcare app development that shares a stack with the rest of your platform.,"React Native healthcare app development for patient, staff and field apps that share a stack with your web platform. Carna Medicare's app shipped in 30 days.",React Native healthcare app development,React Native app development company India; React Native medical app; React Native app developers Chennai; React Native field app; React Native Supabase app,commercial,"Healthcare or distribution business owner, or a technical lead, deciding whether React Native is the right stack for their app",IN,,commercial,3,Service+FAQPage,https://elevateaura.co.in/mobile-app-development/,PUBLISHED,mobile-app-development__react-native-healthcare-app-development.json
https://elevateaura.co.in/product-development/can-bus-software-development/,product-development,can-bus-software-development,CAN Bus Software Development for Equipment | Elevate Aura,CAN bus software for machines whose parts must agree with each other.,"CAN bus software development for robotics and equipment: message handling on the controller, node logic, and a bridge that carries CAN data to an app or cloud.",CAN bus software development,CAN bus firmware development; CAN communication software for robotics; CANopen style message handling software; CAN to cloud gateway software; embedded CAN development services India; CAN node software development,commercial,Engineering lead at a robotics or equipment company whose controllers have to exchange data over a CAN bus,IN,,feature,2,Service+FAQPage,https://elevateaura.co.in/product-development.html,PUBLISHED,product-development__can-bus-software-development.json
https://elevateaura.co.in/product-development/device-dashboard-development/,product-development,device-dashboard-development,Device Monitoring Dashboard Development | Elevate Aura,A dashboard that tells you which device needs attention today.,"Device monitoring dashboard development: a web view of your fleet with telemetry, device status, alerts and user roles, built on your Supabase or Azure backend.",device monitoring dashboard development,IoT device dashboard development; fleet monitoring dashboard software; remote device monitoring web application; telemetry dashboard development services; connected device admin portal development; equipment monitoring dashboard India,commercial,Product or service lead at a device company that needs one place to see every unit in the field,IN,,feature,2,Service+FAQPage,https://elevateaura.co.in/product-development.html,PUBLISHED,product-development__device-dashboard-development.json
https://elevateaura.co.in/product-development/device-to-cloud-telemetry-software/,product-development,device-to-cloud-telemetry-software,Device-to-Cloud Telemetry Software | Elevate Aura,"Telemetry software that gets every reading from the device to the cloud, and keeps it there.","Device-to-cloud telemetry software: logs and readings from your devices into a Supabase or Azure pipeline, with remote monitoring, alerts and a fleet view.",device-to-cloud telemetry software,IoT telemetry software; remote device monitoring software; device telemetry pipeline; IoT data pipeline development; remote monitoring software development; fleet monitoring software for devices,commercial,Engineering or service lead who needs to see what installed devices are doing without visiting them,IN,,feature,2,Service+FAQPage,https://elevateaura.co.in/product-development.html,PUBLISHED,product-development__device-to-cloud-telemetry-software.json
https://elevateaura.co.in/product-development/embedded-c-cpp-development-services/,product-development,embedded-c-cpp-development-services,Embedded C/C++ Development Services | Elevate Aura,"Embedded C and C++ written to your spec, tested on your board.","Embedded C/C++ development services: firmware to your spec, peripheral drivers, interrupt and timing work, tested on your board and handed over ready to flash.",embedded C/C++ development services,embedded C development services; embedded C++ firmware developer; microcontroller driver development services; bare metal firmware development India; peripheral driver development; embedded software outsourcing C/C++,commercial,Hardware or engineering lead who needs production C/C++ firmware written for a board their team has designed,IN,,feature,2,Service+FAQPage,https://elevateaura.co.in/product-development.html,PUBLISHED,product-development__embedded-c-cpp-development-services.json
https://elevateaura.co.in/product-development/embedded-software-development-australia/,product-development,embedded-software-development-australia,Embedded Software Development Australia | Elevate Aura,"Embedded software for Australian device companies, nearly on your clock.","Embedded software development for Australian device companies from Chennai: near-shared working hours, your NDA, a fixed scope and source code you own.",embedded software development for Australian companies,embedded software development Australia; outsourced firmware development Australia; offshore embedded engineering for Australian device companies; remote firmware developer Australia; medical device software development Australia outsourcing; hire embedded developer Australian startup,commercial,Engineering or product lead at an Australian device company considering remote embedded software help,AU,,country,5,Service+FAQPage,https://elevateaura.co.in/product-development.html,PUBLISHED,product-development__embedded-software-development-australia.json
https://elevateaura.co.in/product-development/embedded-software-development-uk/,product-development,embedded-software-development-uk,Embedded Software Development UK | Elevate Aura,"Embedded software for UK device companies, with most of the day shared.","Embedded software development for UK device companies from Chennai: most of your working day overlaps, with a fixed scope, your NDA and code you own outright.",embedded software development for UK companies,embedded software development UK; outsourced firmware development United Kingdom; offshore embedded engineering for UK device companies; remote firmware developer UK; medical device software development UK outsourcing; hire embedded developer UK startup,commercial,Engineering or product lead at a United Kingdom device company considering remote embedded software help,GB,,country,5,Service+FAQPage,https://elevateaura.co.in/product-development.html,PUBLISHED,product-development__embedded-software-development-uk.json
https://elevateaura.co.in/product-development/embedded-software-development-usa/,product-development,embedded-software-development-usa,Embedded Software Development USA | Elevate Aura,"Embedded software for US device companies, built remotely from Chennai.","Embedded software development for US device companies, delivered remotely from Chennai: fixed scope, NDA, code ownership and a defined daily overlap window.",embedded software development for US companies,embedded software development USA; offshore firmware development for US device companies; remote embedded engineering India for US; outsourced firmware development United States; medical device software development offshore USA; hire embedded developer for US startup,commercial,Engineering or product lead at a United States device company considering remote embedded software help,US,,country,5,Service+FAQPage,https://elevateaura.co.in/product-development.html,PUBLISHED,product-development__embedded-software-development-usa.json
https://elevateaura.co.in/product-development/healthcare-iot-software-development/,product-development,healthcare-iot-software-development,Healthcare IoT Software Development | Elevate Aura,"Healthcare IoT software from the device to the dashboard, by one builder.","Healthcare IoT software development from device to gateway to cloud to dashboard: firmware, telemetry on Supabase or Azure and a companion app.",healthcare IoT software development,medical IoT software development; connected medical device software; IoT healthcare solution development; remote patient monitoring software development; healthcare IoT platform development India; medical device cloud connectivity,commercial,Product owner at a healthcare device company building a connected product,IN,,product,2,Service+FAQPage,https://elevateaura.co.in/product-development.html,PUBLISHED,product-development__healthcare-iot-software-development.json
https://elevateaura.co.in/product-development/medical-device-firmware-development/,product-development,medical-device-firmware-development,Medical Device Firmware Development | To Your Spec | Elevate Aura,Medical device firmware written to your hardware team's specification.,"Medical device firmware development to your hardware spec: state handling, power management, sensors and comms in C/C++ or MicroPython, tested on your board.",medical device firmware development,medical device embedded software development; medical firmware development services; firmware development for medical devices India; embedded firmware medical equipment; medical device software engineering; medtech firmware outsourcing,commercial,Engineering lead or founder at a medical-device company whose hardware is designed and needs its firmware,IN,,product,2,Service+FAQPage,https://elevateaura.co.in/product-development.html,PUBLISHED,product-development__medical-device-firmware-development.json
https://elevateaura.co.in/product-development/medical-robotics-software-development/,product-development,medical-robotics-software-development,Medical Robotics Software Development | Elevate Aura,Control and communication software for medical robotics companies.,"Medical robotics software: control and communication software for robotics companies, written to your hardware spec and tested on your machine. Software-only.",medical robotics software,medical robotics software development; surgical robotics software development services; robotics control software development India; robot communication software development; medical robot companion app development; robotics embedded software services,commercial,Engineering or product lead at a medical robotics company that needs device software written to its own hardware design,IN,,industry,4,Service+FAQPage,https://elevateaura.co.in/product-development.html,PUBLISHED,product-development__medical-robotics-software-development.json
https://elevateaura.co.in/product-development/micropython-development-services/,product-development,micropython-development-services,MicroPython Development Services | Elevate Aura,"MicroPython where it earns its place, and C/C++ where it does not.","MicroPython development services for device logic, sensors and comms: where MicroPython is the right call, where it is not, and how to move to C/C++ later.",MicroPython development,MicroPython development services; MicroPython firmware development; MicroPython embedded developer India; MicroPython sensor and comms development; MicroPython to C++ migration; Python firmware for microcontrollers,commercial,Hardware or product lead deciding whether MicroPython is a sensible base for their device firmware,IN,,feature,2,Service+FAQPage,https://elevateaura.co.in/product-development.html,PUBLISHED,product-development__micropython-development-services.json
https://elevateaura.co.in/product-development/modbus-software-development/,product-development,modbus-software-development,Modbus Software Development | Elevate Aura,Modbus software that makes your instrument readable by everything else.,"Modbus software development for instruments and industrial-medical equipment: RTU and TCP communication layers, register maps, polling and gateways to the cloud.",Modbus software development,Modbus RTU software development; Modbus TCP implementation; Modbus communication software for instruments; Modbus gateway software; industrial protocol software development India; Modbus firmware development,commercial,"Engineering lead at an instrument or equipment maker whose device must speak Modbus to a PLC, SCADA or gateway",IN,,feature,2,Service+FAQPage,https://elevateaura.co.in/product-development.html,PUBLISHED,product-development__modbus-software-development.json
https://elevateaura.co.in/product-development/ota-firmware-update-development/,product-development,ota-firmware-update-development,OTA Firmware Update System Development | Elevate Aura,"An OTA update path, built before the device leaves the building.","OTA firmware update system development: signed update delivery, version tracking, rollback on a failed boot, and updates triggered from your companion app.",OTA firmware update development,over the air firmware update system; OTA update software development services; firmware versioning and rollback development; remote firmware update for IoT devices; app triggered firmware update; embedded OTA development India,commercial,Engineering or product lead at a device company that has to fix firmware on units already in the field,IN,,feature,2,Service+FAQPage,https://elevateaura.co.in/product-development.html,PUBLISHED,product-development__ota-firmware-update-development.json
https://elevateaura.co.in/product-development/sensor-integration-software/,product-development,sensor-integration-software,Sensor Integration Software Development | Elevate Aura,Sensor software that turns a raw reading into something worth acting on.,"Sensor integration software: reading sensors and driving actuators reliably, handling calibration, and moving data from sensor to controller to app or cloud.",sensor integration software,sensor integration software development; sensor driver development services; actuator control software development; sensor data acquisition firmware; sensor calibration software development; embedded sensor software India,commercial,Engineering lead at a device company whose product depends on readings that have to be trustworthy,IN,,feature,2,Service+FAQPage,https://elevateaura.co.in/product-development.html,PUBLISHED,product-development__sensor-integration-software.json
https://elevateaura.co.in/product-development/wifi-connected-device-software/,product-development,wifi-connected-device-software,Wi-Fi Connected Device Software | Elevate Aura,Wi-Fi device software that survives the customer's network.,"Wi-Fi connected device software: onboarding a device onto the customer's network, reconnect logic that survives an outage, cloud sync and pairing from your app.",Wi-Fi connected device software,Wi-Fi provisioning software development; connected device onboarding software; Wi-Fi firmware development services; smart device cloud sync development; ESP based device software development; IoT Wi-Fi connectivity software India,commercial,Product or engineering lead at a device company whose product has to get onto a customer's Wi-Fi and stay there,IN,,feature,2,Service+FAQPage,https://elevateaura.co.in/product-development.html,PUBLISHED,product-development__wifi-connected-device-software.json
https://elevateaura.co.in/resources/how-medical-equipment-service-management-works/,resources,how-medical-equipment-service-management-works,How Medical Equipment Service Management Works,"How medical equipment service management works, step by step.","From call intake and dispatch to job cards, spares, SLA and invoice. A plain guide to running an equipment service desk and the numbers to watch.",medical equipment service management,equipment service workflow; field service job card; service call management process; technician dispatch process; service SLA tracking; service desk for equipment dealers,informational,Service manager or owner of a medical equipment dealership running field engineers,IN,,guide,7,Article+FAQPage,https://elevateaura.co.in/resources/,PUBLISHED,resources__how-medical-equipment-service-management-works.json
https://elevateaura.co.in/resources/how-to-choose-hospital-management-software/,resources,how-to-choose-hospital-management-software,How to Choose Hospital Management Software in India,How to choose hospital management software: a buyer's checklist.,"A buyer's checklist for Indian hospitals: modules, TPA billing, ABHA, imaging, data ownership, migration, training and the questions to ask during a demo.",how to choose hospital management software,hospital software buyer checklist; HMS selection criteria India; questions to ask hospital software vendor; hospital software demo questions; hospital software implementation India; choosing HIMS for a nursing home,informational,"Owner, managing doctor or administrator selecting software for an Indian hospital or nursing home",IN,,guide,7,Article+FAQPage,https://elevateaura.co.in/resources/,PUBLISHED,resources__how-to-choose-hospital-management-software.json
https://elevateaura.co.in/resources/how-to-choose-pacs/,resources,how-to-choose-pacs,How to Choose a PACS: A Checklist for Imaging Centres,How to choose a PACS: the checklist before you sign.,"How to choose a PACS: the checklist to run before you buy, covering modalities, worklist, browser viewing, sharing, deployment, ownership and support.",how to choose a PACS,PACS buying checklist; PACS selection criteria; PACS vendor questions; PACS pricing models; PACS for small diagnostic centre; PACS evaluation test transfer,informational,"Owner of a diagnostic centre, imaging centre or small hospital evaluating PACS suppliers",IN,,guide,7,Article+FAQPage,https://elevateaura.co.in/resources/,PUBLISHED,resources__how-to-choose-pacs.json
https://elevateaura.co.in/resources/,resources,index,Healthcare Software Guides | Elevate Aura Resources,Plain-language guides to the software your business runs on.,"Plain-language guides to PACS, DICOM, RIS, HIMS, AMC and CMC contracts, service management and learning platforms, written for Indian owners and founders.",healthcare software guides,PACS DICOM RIS explained; hospital software guides India; AMC CMC contract guide; medical equipment service guide; healthcare software glossary,informational,"Owner or founder in healthcare, imaging, equipment distribution or training researching software",IN,,hub,7,Article,https://elevateaura.co.in/resources/,PUBLISHED,resources__index.json
https://elevateaura.co.in/resources/what-is-amc-software/,resources,what-is-amc-software,What Is AMC Software? A Guide for Equipment Dealers,What is AMC software? The renewal clock your business runs on.,"AMC software tracks annual maintenance contracts, renewal dates, preventive visits and service billing. A plain guide for Indian equipment dealers.",what is AMC software,AMC full form; annual maintenance contract meaning; AMC management software; AMC renewal tracking; AMC contract software India; service contract software,informational,Founder or service head of a medical equipment dealership or distribution business in India,IN,,guide,7,Article+FAQPage,https://elevateaura.co.in/resources/,PUBLISHED,resources__what-is-amc-software.json
https://elevateaura.co.in/resources/what-is-cmc/,resources,what-is-cmc,What Is CMC? Comprehensive Maintenance Contracts Explained,What is CMC? The contract where you carry the parts risk.,"A CMC includes spare parts in the maintenance fee, unlike an AMC. A plain guide to what is covered, how it is priced and the risk it puts on the dealer.",what is CMC,CMC full form; comprehensive maintenance contract meaning; CMC vs AMC; CMC contract medical equipment; what is covered under CMC; CMC contract India,informational,Owner or service head of an equipment dealership deciding what kind of contract to sell,IN,,guide,7,Article+FAQPage,https://elevateaura.co.in/resources/,PUBLISHED,resources__what-is-cmc.json
https://elevateaura.co.in/resources/what-is-dicom-modality-worklist/,resources,what-is-dicom-modality-worklist,What Is a DICOM Modality Worklist? A Plain Guide,What is a DICOM modality worklist? Type the name once.,A modality worklist sends booked patient details to the scanner so nobody retypes a name. A plain guide to how MWL works and why it prevents mismatched studies.,what is a DICOM modality worklist,DICOM MWL meaning; modality worklist software; worklist on CT machine; DICOM worklist setup; prevent patient mismatch imaging; MWL full form,informational,"Radiographer, centre manager or owner running imaging machines",IN,,guide,7,Article+FAQPage,https://elevateaura.co.in/resources/,PUBLISHED,resources__what-is-dicom-modality-worklist.json
https://elevateaura.co.in/resources/what-is-dicom/,resources,what-is-dicom,What Is DICOM? The Medical Imaging Standard Explained,What is DICOM? The language every scanner speaks.,"DICOM is how every scanner saves and sends medical images. A plain-language guide to DICOM files, tags and network services for imaging centre owners.",what is DICOM,DICOM full form; DICOM meaning in radiology; DICOM file format; DICOM tags explained; DICOM network services; DICOM vs JPEG,informational,"Owner or technician at a diagnostic centre, clinic or hospital imaging department",IN,,guide,7,Article+FAQPage,https://elevateaura.co.in/resources/,PUBLISHED,resources__what-is-dicom.json
https://elevateaura.co.in/resources/what-is-hims/,resources,what-is-hims,What Is HIMS? Hospital Information Management Explained,What is HIMS? A plain guide for hospital and clinic owners.,"HIMS is the software that runs a hospital from registration to discharge. A plain guide to the modules, EMR, TPA billing and ABHA for Indian hospital owners.",what is HIMS,HIMS full form; hospital information management system; HIMS vs HMS; hospital management software modules; HIMS meaning in hospital; hospital ERP difference,informational,"Owner, administrator or managing doctor of an Indian hospital, nursing home or polyclinic",IN,,guide,7,Article+FAQPage,https://elevateaura.co.in/resources/,PUBLISHED,resources__what-is-hims.json
https://elevateaura.co.in/resources/what-is-installed-base-management/,resources,what-is-installed-base-management,What Is Installed Base Management? A Dealer's Guide,What is installed base management? Every machine you have sold.,"Your installed base is every unit you have sold, by serial number and site. A plain guide to why that register is your AMC pipeline and service history.",what is installed base management,installed base meaning; equipment asset register; serial number tracking for dealers; installed base AMC pipeline; asset history per machine; installed base software,informational,Founder or service head of an equipment dealership with machines in the field,IN,,guide,7,Article+FAQPage,https://elevateaura.co.in/resources/,PUBLISHED,resources__what-is-installed-base-management.json
https://elevateaura.co.in/resources/what-is-lms/,resources,what-is-lms,What Is an LMS? Learning Management Systems Explained,What is an LMS? A plain guide for institutes and trainers.,"An LMS holds courses, tests, batches, certificates and learner progress in one place. A plain guide for coaching institutes and staff training teams.",what is an LMS,LMS full form; learning management system meaning; LMS for coaching institutes; LMS for staff training; what does an LMS do; LMS features explained,informational,Owner of a coaching institute or a training manager responsible for certifying staff,IN,,guide,7,Article+FAQPage,https://elevateaura.co.in/resources/,PUBLISHED,resources__what-is-lms.json
https://elevateaura.co.in/resources/what-is-medical-equipment-crm/,resources,what-is-medical-equipment-crm,What Is Medical Equipment CRM? A Guide for Distributors,What is a medical equipment CRM? The sale is the beginning.,"A medical equipment CRM follows the machine from enquiry to quote, order, installation, AMC and renewal. Why a generic sales CRM stops at the purchase order.",what is medical equipment CRM,medical equipment CRM meaning; CRM for medical device distributors; equipment sales and service CRM; why generic CRM fails for equipment; medical device sales pipeline; distributor CRM India,informational,Founder or sales head of a medical equipment distribution or dealership business,IN,,guide,7,Article+FAQPage,https://elevateaura.co.in/resources/,PUBLISHED,resources__what-is-medical-equipment-crm.json
https://elevateaura.co.in/resources/what-is-pacs/,resources,what-is-pacs,What Is PACS? Picture Archiving and Communication Explained,What is PACS? A plain-language guide for imaging centre owners.,"PACS receives, stores, displays and shares medical images from CT, MRI, X-ray and ultrasound. A plain-language guide for clinic and diagnostic centre owners.",what is PACS,PACS meaning; PACS in radiology; picture archiving and communication system; PACS system explained; PACS vs DICOM,informational,"Owner or administrator of a diagnostic centre, clinic or small hospital evaluating imaging software",IN,,guide,7,Article+FAQPage,https://elevateaura.co.in/resources/,PUBLISHED,resources__what-is-pacs.json
https://elevateaura.co.in/resources/what-is-preventive-maintenance-software/,resources,what-is-preventive-maintenance-software,What Is Preventive Maintenance Software? A Guide,What is preventive maintenance software? Visits that schedule themselves.,"Preventive maintenance software turns contracts into scheduled visits, checklists and calibration records. A plain guide to PM against breakdown work.",what is preventive maintenance software,preventive maintenance meaning; PM schedule software; preventive vs breakdown maintenance; PM checklist equipment; calibration record software; maintenance schedule from AMC,informational,Service head or owner of an equipment dealership delivering contracted maintenance visits,IN,,guide,7,Article+FAQPage,https://elevateaura.co.in/resources/,PUBLISHED,resources__what-is-preventive-maintenance-software.json
https://elevateaura.co.in/resources/what-is-ris/,resources,what-is-ris,What Is RIS? Radiology Information System Explained,What is RIS? The paperwork half of a radiology department.,"A RIS runs scheduling, the worklist, reporting and billing in a radiology department. A plain guide to RIS, how it differs from PACS and HIS, and who needs it.",what is RIS,RIS full form; radiology information system; RIS vs PACS; RIS software for diagnostic centre; RIS PACS difference; radiology reporting workflow,informational,Owner or manager of a diagnostic centre or hospital radiology department,IN,,guide,7,Article+FAQPage,https://elevateaura.co.in/resources/,PUBLISHED,resources__what-is-ris.json
https://elevateaura.co.in/seo-services/healthcare-saas-seo/,seo-services,healthcare-saas-seo,Healthcare SaaS SEO for Software Companies | Elevate Aura,"Healthcare SaaS SEO built as clusters, not campaigns.","Healthcare SaaS SEO: feature, comparison, guide and case-study clusters that build authority for software sold to hospitals and diagnostic centres.",healthcare SaaS SEO,SaaS SEO agency India; healthcare software SEO; B2B SaaS content clusters; medical software marketing; SaaS comparison page SEO,commercial,"Founder or marketing lead at a company selling software to hospitals, diagnostic centres or medical-equipment dealers",IN,,commercial,3,Service+FAQPage,https://elevateaura.co.in/seo-services/,PUBLISHED,seo-services__healthcare-saas-seo.json
https://elevateaura.co.in/seo-services/healthcare-seo-services/,seo-services,healthcare-seo-services,Healthcare SEO Services for Clinics | Elevate Aura,Healthcare SEO services for the clinic a patient finds two streets away.,"Healthcare SEO services for clinics and diagnostic centres: service and condition pages, doctor profiles, local search intent and schema, built and measured.",healthcare SEO services,clinic SEO India; diagnostic centre SEO; medical practice SEO services; local SEO for doctors; healthcare content marketing India,commercial,"Clinic owner, practice manager or diagnostic centre marketing lead",IN,,commercial,1,Service+FAQPage,https://elevateaura.co.in/seo-services/,PUBLISHED,seo-services__healthcare-seo-services.json
https://elevateaura.co.in/seo-services/hospital-seo-services/,seo-services,hospital-seo-services,Hospital SEO Services for Indian Hospitals | Elevate Aura,"Hospital SEO services built around departments, doctors and appointments.","Hospital SEO services: a page per department and doctor, appointment tracking, GA4 events and schema, with no ranking promises and no fabricated reviews.",hospital SEO services,SEO for hospitals India; hospital digital marketing Chennai; department page SEO hospital; doctor profile SEO; hospital appointment tracking GA4,commercial,Marketing head or administrator at a multi-specialty hospital,IN,,commercial,3,Service+FAQPage,https://elevateaura.co.in/seo-services/,PUBLISHED,seo-services__hospital-seo-services.json
https://elevateaura.co.in/seo-services/,seo-services,index,Healthcare and Medical Equipment SEO Services | Elevate Aura,Healthcare SEO services from the people who build the pages.,"Healthcare SEO services from Chennai: product-line and city pages, technical SEO, schema and enquiry tracking, built by the studio that builds the sites.",healthcare SEO services,medical SEO company India; healthcare SEO agency Chennai; medical equipment SEO services; programmatic SEO agency; healthcare search marketing,commercial,"Owner or marketing lead at a medical-equipment, healthcare or healthcare-software business looking for organic enquiries",IN,,hub,1,Service+FAQPage,https://elevateaura.co.in/seo-services/,PUBLISHED,seo-services__index.json
https://elevateaura.co.in/seo-services/medical-device-seo/,seo-services,medical-device-seo,Medical Device SEO for Manufacturers | Elevate Aura,Medical device SEO for manufacturers whose buyers read the technical documents.,"Medical device SEO for manufacturers and OEMs: product, application and technical-documentation content that answers how engineers and clinicians search.",medical device SEO,SEO for medical device manufacturers; OEM medical device marketing; technical documentation SEO; device application content; medical device content strategy,commercial,Marketing or product lead at a medical device manufacturer or OEM,IN,,commercial,3,Service+FAQPage,https://elevateaura.co.in/seo-services/,PUBLISHED,seo-services__medical-device-seo.json
https://elevateaura.co.in/seo-services/medical-equipment-lead-generation/,seo-services,medical-equipment-lead-generation,Medical Equipment Lead Generation Services | Elevate Aura,"Medical equipment lead generation that ends in a CRM record, not an inbox.","Medical equipment lead generation: SEO pages, WhatsApp and enquiry tracking, with every enquiry captured as a source-tagged lead in the Aura Business CRM.",medical equipment lead generation,medical device lead generation India; B2B healthcare lead generation; WhatsApp lead capture; enquiry tracking CRM; medical equipment enquiries online,commercial,Sales head at a medical-equipment distributor who cannot tell where enquiries come from or what happened to them,IN,,commercial,3,Service+FAQPage,https://elevateaura.co.in/seo-services/,PUBLISHED,seo-services__medical-equipment-lead-generation.json
https://elevateaura.co.in/seo-services/medical-equipment-seo/,seo-services,medical-equipment-seo,Medical Equipment SEO Services in India | Elevate Aura,Medical equipment SEO that puts a page where the purchase officer is searching.,"Medical equipment SEO: product-line and city landing pages, technical SEO, product schema and enquiry tracking, with Medline Robotics as the worked example.",medical equipment SEO,medical equipment SEO services India; SEO for medical device distributors; medical equipment website SEO; product landing pages SEO; medical supplies SEO agency,commercial,Owner or sales head of a medical-equipment distribution or manufacturing business,IN,,commercial,1,Service+FAQPage,https://elevateaura.co.in/seo-services/,PUBLISHED,seo-services__medical-equipment-seo.json
https://elevateaura.co.in/seo-services/programmatic-seo-services/,seo-services,programmatic-seo-services,Programmatic SEO Services Done Responsibly | Elevate Aura,"Programmatic SEO services, with the doorway pages left out.","Programmatic SEO services: real search intent, unique data per page, templates and internal links, 50 to 250 pages per product and city, no doorway pages.",programmatic SEO services,programmatic SEO agency India; scaled content SEO; product and city landing pages; template landing page SEO; bulk landing page generation,commercial,Marketing lead at a business with a large catalogue or a wide service territory,IN,,commercial,1,Service+FAQPage,https://elevateaura.co.in/seo-services/,PUBLISHED,seo-services__programmatic-seo-services.json
https://elevateaura.co.in/web-development/healthcare-b2b-ecommerce-platform/,web-development,healthcare-b2b-ecommerce-platform,Healthcare B2B E-commerce Platform Development | Elevate Aura,A healthcare B2B e-commerce platform built around credit terms and price tiers.,"Healthcare B2B e-commerce platform development: multi-tier pricing, credit terms, bulk ordering, distributor onboarding, orders that reach stock and billing.",healthcare B2B e-commerce platform,B2B e-commerce development India; medical supplies B2B platform; wholesale ordering platform healthcare; distributor onboarding platform; credit terms e-commerce,commercial,"Director of a medical supplies or equipment business selling to hospitals, dealers and clinics on account",IN,,commercial,3,Service+FAQPage,https://elevateaura.co.in/web-development/,PUBLISHED,web-development__healthcare-b2b-ecommerce-platform.json
https://elevateaura.co.in/web-development/healthcare-website-development/,web-development,healthcare-website-development,Healthcare Website Development for Hospitals | Elevate Aura,Healthcare website development for the moment a patient is choosing where to go.,"Healthcare website development for hospitals, clinics and diagnostic centres: doctor and department pages, appointment CTAs, fast load times and medical schema.",healthcare website development,hospital website development India; clinic website design Chennai; diagnostic centre website development; medical website developer; doctor website development,commercial,"Hospital administrator, clinic owner or diagnostic centre manager commissioning a new website",IN,,commercial,3,Service+FAQPage,https://elevateaura.co.in/web-development/,PUBLISHED,web-development__healthcare-website-development.json
https://elevateaura.co.in/web-development/,web-development,index,Healthcare Website and E-commerce Development | Elevate Aura,Healthcare website and e-commerce development for businesses that sell to hospitals.,"Healthcare website and e-commerce development from Chennai: medical equipment sites, B2B storefronts, distributor portals and catalogue pages that take enquiries.",healthcare website and e-commerce development,healthcare web development company India; medical website development Chennai; medical e-commerce development; distributor portal development; Next.js healthcare website,commercial,"Owner or marketing head of a medical-equipment company, hospital or clinic commissioning a website, store or portal",IN,,hub,1,Service+FAQPage,https://elevateaura.co.in/web-development/,PUBLISHED,web-development__index.json
https://elevateaura.co.in/web-development/medical-distributor-portal-development/,web-development,medical-distributor-portal-development,Medical Distributor Portal Development | Elevate Aura,Medical distributor portal development that takes dealers off the phone.,"Medical distributor portal development: dealer login, ordering at dealer prices, price lists, order tracking, UTR payments and a documents vault.",medical distributor portal development,dealer portal development India; distributor ordering portal; B2B dealer login portal medical; distributor management portal; medical dealer portal software,commercial,Owner or sales head of a medical-equipment distributor or manufacturer managing dealers by phone and WhatsApp,IN,,commercial,1,Service+FAQPage,https://elevateaura.co.in/web-development/,PUBLISHED,web-development__medical-distributor-portal-development.json
https://elevateaura.co.in/web-development/medical-equipment-ecommerce-development/,web-development,medical-equipment-ecommerce-development,Medical Equipment E-commerce Development | Elevate Aura,Medical equipment e-commerce development for buyers who order by quotation and bank transfer.,"Medical equipment e-commerce development: a B2B storefront with quote-to-order, distributor pricing and payment verification by UTR.",medical equipment e-commerce development,medical equipment online store development; B2B medical e-commerce platform India; medical supplies e-commerce website; quote to order e-commerce; medical equipment storefront development,commercial,Owner of a medical-equipment distributor or manufacturer who wants hospitals and dealers to order online,IN,,commercial,1,Service+FAQPage,https://elevateaura.co.in/web-development/,PUBLISHED,web-development__medical-equipment-ecommerce-development.json
https://elevateaura.co.in/web-development/medical-equipment-website-development/,web-development,medical-equipment-website-development,Medical Equipment Website Development | Elevate Aura,Medical equipment website development that turns a catalogue into enquiries.,"Medical equipment website development: a catalogue-led site with enquiry and quote forms, WhatsApp CTAs and SEO-ready product pages, in WordPress or Next.js.",medical equipment website development,medical equipment website design; medical equipment dealer website; medical equipment company website India; medical supplies website development; WordPress medical equipment website,commercial,"Owner or marketing head of a medical-equipment dealer, distributor or manufacturer",IN,,commercial,1,Service+FAQPage,https://elevateaura.co.in/web-development/,PUBLISHED,web-development__medical-equipment-website-development.json
https://elevateaura.co.in/web-development/medical-product-catalogue-website/,web-development,medical-product-catalogue-website,Medical Product Catalogue Website Development | Elevate Aura,A medical product catalogue website where every product has its own page.,"Medical product catalogue website development: a structured catalogue per product line with specifications, brochures and an enquiry on every product.",medical product catalogue website,online product catalogue development; medical equipment catalogue website; product catalogue website design India; digital catalogue for distributors; product specification pages,commercial,Sales or marketing head at a medical-equipment company with several product lines and a PDF catalogue,IN,,commercial,3,Service+FAQPage,https://elevateaura.co.in/web-development/,PUBLISHED,web-development__medical-product-catalogue-website.json
