url,file,cluster,title,h1,meta_description,canonical,robots,schema_types,word_count,internal_links,has_faq,has_tracking,action,note
https://elevateaura.co.in/,index.html,root,Elevate Aura | 30-Day Operations Platforms for Founder-Led SMBs,We Build Revenue-ReadyDigital Operations Platformsin 30 Days,"Elevate Aura builds complete digital operations platforms, field-staff mobile app, manager dashboard, GST billing and programmatic SEO, for founder-led medical.",https://elevateaura.co.in/,index,Person;PostalAddress;WebSite,2170,44,no,yes,IMPROVE,Entity schema upgraded; mobile HIMS link fixed; new hubs in footer
https://elevateaura.co.in/about.html,about.html,root,About Aura Business | The Operations Platform by Elevate Aura,Built by someone who hasactually shipped this for distributors.,"Aura Business is built by Elevate Aura, a Chennai-based studio that ships digital operations platforms for founder-led medical-equipment and healthcare SMBs.",https://elevateaura.co.in/about.html,index,,416,21,no,yes,IMPROVE,Aura Business about page; retitled so it does not compete with /pages/about.html
https://elevateaura.co.in/admin.html,admin.html,root,Partner Applications · Admin · Elevate Aura,Partner Admin,,,"noindex, nofollow",,53,1,no,no,NOINDEX,Internal admin; noindex + robots disallow
https://elevateaura.co.in/amc-management-software.html,amc-management-software.html,root,AMC / CMC Software | Aura Business,,,https://elevateaura.co.in/aura-business/medical-equipment-amc-cmc-software/,index,,19,1,no,no,REDIRECT,Meta-refresh forward with canonical to the cluster page; keep
https://elevateaura.co.in/aura-business.html,aura-business.html,root,"Aura Business | Distributor, Field Service & AMC Software",Run your whole distribution businessfrom one screen.,"Aura Business runs your whole distribution and service business: CRM, GST billing, AMC contracts, field service, inventory and finance, all in one place.",https://elevateaura.co.in/aura-business.html,index,Answer;ContactPoint;FAQPage;Organization;Person;PostalAddress;Question;SoftwareApplication,1918,42,yes,yes,IMPROVE,"Hub page; footer links to guides, comparisons and case studies added"
https://elevateaura.co.in/aura-learn.html,aura-learn.html,root,"Aura Learn | LMS, Training & Exam Prep Platform","Your courses, learnersand certificates, in one platform.","Aura Learn is a complete learning platform: courses, video, quizzes, certificates, live classes and WhatsApp reminders.",https://elevateaura.co.in/aura-learn.html,index,Answer;ContactPoint;FAQPage;Organization;Person;PostalAddress;Question;SoftwareApplication,1467,27,yes,yes,IMPROVE,"Hub page; footer links to guides, comparisons and case studies added"
https://elevateaura.co.in/aurapacs.html,aurapacs.html,root,"AuraPACS | PACS, DICOM Viewer & WhatsApp Report Sharing","Your medical images,stored, read and shared.","AuraPACS stores, views and shares your clinic's medical images in one place. Capture from any scanner, read in the browser, share reports on WhatsApp.",https://elevateaura.co.in/aurapacs.html,index,Answer;ContactPoint;FAQPage;Organization;Person;PostalAddress;Question;SoftwareApplication,1699,37,yes,yes,IMPROVE,"Hub page; footer links to guides, comparisons and case studies added"
https://elevateaura.co.in/biomedical-asset-management-software.html,biomedical-asset-management-software.html,root,Asset Management | Aura Business,,,https://elevateaura.co.in/aura-business/medical-equipment-asset-management/,index,,15,1,no,no,REDIRECT,Meta-refresh forward with canonical to the cluster page; keep
https://elevateaura.co.in/cmc-management-software.html,cmc-management-software.html,root,AMC / CMC Software | Aura Business,,,https://elevateaura.co.in/aura-business/medical-equipment-amc-cmc-software/,index,,19,1,no,no,REDIRECT,Meta-refresh forward with canonical to the cluster page; keep
https://elevateaura.co.in/contact.html,contact.html,root,"Book an Aura Business Demo | Elevate Aura, Chennai",Talk to us.See it on your business.,Book a 30-minute Aura Business demo on WhatsApp or call us in Chennai. See the AMC leakage engine and GST billing on a business like yours.,https://elevateaura.co.in/contact.html,index,,239,19,no,yes,IMPROVE,Aura Business demo page; retitled; primary conversion page for Aura Business
https://elevateaura.co.in/field-service-management-software.html,field-service-management-software.html,root,Field Service Software | Aura Business,,,https://elevateaura.co.in/aura-business/medical-equipment-field-service-software/,index,,17,1,no,no,REDIRECT,Meta-refresh forward with canonical to the cluster page; keep
https://elevateaura.co.in/healthcare-crm-software.html,healthcare-crm-software.html,root,Healthcare CRM Software | Aura Business,,,https://elevateaura.co.in/aura-business/healthcare-crm-software/,index,,15,1,no,no,REDIRECT,Meta-refresh forward with canonical to the cluster page; keep
https://elevateaura.co.in/healthcare-inventory-management-software.html,healthcare-inventory-management-software.html,root,Inventory Software | Aura Business,,,https://elevateaura.co.in/aura-business/medical-equipment-inventory-software/,index,,15,1,no,no,REDIRECT,Meta-refresh forward with canonical to the cluster page; keep
https://elevateaura.co.in/hims.html,hims.html,root,HIMS | Hospital & Clinic Management System by Elevate Aura,"Run the whole hospital,front desk to discharge.","HIMS by Elevate Aura runs the whole hospital on one platform: OP and IP, appointments, EMR, pharmacy, laboratory, inventory, and GST and TPA billing.",https://elevateaura.co.in/hims.html,index,Answer;ContactPoint;FAQPage;Organization;Person;PostalAddress;Question;SoftwareApplication,743,34,yes,yes,IMPROVE,"Hub page; footer links to guides, comparisons and case studies added"
https://elevateaura.co.in/hospital-operations-software.html,hospital-operations-software.html,root,Management Software | Aura Business,,,https://elevateaura.co.in/aura-business/medical-equipment-management-software/,index,,15,1,no,no,REDIRECT,Meta-refresh forward with canonical to the cluster page; keep
https://elevateaura.co.in/how-it-works.html,how-it-works.html,root,How Aura Business Works | Setup to Go-Live in 30 Days,"Live in days, not months.No IT team needed.","How Aura Business gets you live: pick your modules, book a demo, we set up your cloud workspace with your branding and data, your team logs in.",https://elevateaura.co.in/how-it-works.html,index,,524,21,no,yes,KEEP,
https://elevateaura.co.in/index-v2.html,index-v2.html,root,Elevate Aura | Digital Operating Systems for Healthcare & Medical Businesses,Build the digital operating system your business actually needs.,"Elevate Aura is a founder-led product studio building real software systems, CRM, HIMS, AuraPACS, LMS and embedded device software, for healthcare, medical equipment and diagnostics businesses in India. From WhatsApp and Excel to one connected platform, built end to end.",https://elevateaura.co.in/,"noindex, nofollow",Answer;FAQPage;Person;Place;PostalAddress;ProfessionalService;Question,2640,19,yes,no,NOINDEX,Old homepage draft; noindex + robots disallow
https://elevateaura.co.in/index_backup_20260630.html,index_backup_20260630.html,root,Elevate Aura | 30-Day Operations Platforms for Founder-Led SMBs,We Build Revenue-ReadyDigital Operations Platformsin 30 Days,"Elevate Aura builds complete digital operations platforms, field-staff mobile app, manager dashboard, GST billing and programmatic SEO, for founder-led medical, healthcare and growing businesses. Shipped solo in 30 days.",https://elevateaura.co.in/,"noindex, nofollow",Person;ProfessionalService,1809,17,no,no,NOINDEX,Backup; noindex + robots disallow
https://elevateaura.co.in/index_redirect.html,index_redirect.html,root,Redirecting...,,,,noindex,,14,1,no,yes,NOINDEX,Redirect stub to web_app; noindex
https://elevateaura.co.in/medical-equipment-crm.html,medical-equipment-crm.html,root,Medical Equipment CRM Software | Aura Business,,,https://elevateaura.co.in/aura-business/medical-equipment-crm-software/,index,,17,1,no,no,REDIRECT,Meta-refresh forward with canonical to the cluster page; keep
https://elevateaura.co.in/modules.html,modules.html,root,87 Modules for Medical-Equipment Distribution | Aura Business,Everything a medical-equipmentdistributor actually runs on.,"All 87 Aura Business modules across 12 suites: CRM, GST billing, AMC contracts, field service, inventory, procurement, tenders, HRMS, finance, portals and analytics.",https://elevateaura.co.in/modules.html,index,,733,22,no,yes,KEEP,Strong feature inventory; now linked from new feature pages
https://elevateaura.co.in/partner-admin.html,partner-admin.html,root,Partner Program · Admin · Elevate Aura,Partner Program Admin,,,"noindex, nofollow",,93,5,no,no,NOINDEX,Internal admin; noindex + robots disallow
https://elevateaura.co.in/partner-portal.html,partner-portal.html,root,Partner Portal | Elevate Aura,Partner Portal,"Private portal for Elevate Aura referral and distribution partners. Track every referral, its stage, and your revenue share.",,"noindex, nofollow",,212,4,no,no,NOINDEX,Logged-in portal; noindex + robots disallow
https://elevateaura.co.in/partner.html,partner.html,root,Business Development Partner | Elevate Aura,Business Development Partner,Become an Elevate Aura Business Development Partner. Introduce a medical or healthcare business and earn a revenue share on every successful introduction.,https://elevateaura.co.in/partner.html,index,,1415,39,no,yes,KEEP,"Partner programme; low SEO value, keep indexable"
https://elevateaura.co.in/preventive-maintenance-software.html,preventive-maintenance-software.html,root,Preventive Maintenance | Aura Business,,,https://elevateaura.co.in/aura-business/medical-equipment-amc-cmc-software/,index,,17,1,no,no,REDIRECT,Meta-refresh forward with canonical to the cluster page; keep
https://elevateaura.co.in/pricing.html,pricing.html,root,Build Your Plan | Aura Business: Pick Your Modules,Pick the modulesyou actually need.,"Pick the Aura Business modules your business needs, from 87 across CRM, GST billing, AMC, field service, inventory and finance. Unlimited users on every plan.",https://elevateaura.co.in/pricing.html,index,,217,19,no,yes,IMPROVE,Module picker; publish tier prices in visible text (owner decision)
https://elevateaura.co.in/privacy.html,privacy.html,root,Privacy Policy - Elevate Aura,Privacy Policy,"How Elevate Aura collects, uses and protects the information you share through elevateaura.co.in and its products. Contact us in Chennai with any question.",https://elevateaura.co.in/privacy.html,index,,308,2,no,yes,KEEP,
https://elevateaura.co.in/product-development.html,product-development.html,root,Product Development | Embedded & Device Software,"The software that runsyour device, ready to flash.","Elevate Aura writes the software that runs your connected device: embedded firmware, sensor integration, BLE / Wi-Fi / Modbus / CAN communication.",https://elevateaura.co.in/product-development.html,index,Answer;ContactPoint;FAQPage;Organization;Person;PostalAddress;Question;Service,1133,24,yes,yes,IMPROVE,"Hub page; footer links to guides, comparisons and case studies added"
https://elevateaura.co.in/refer.html,refer.html,root,Business Development Partner | Elevate Aura,,,https://elevateaura.co.in/partner.html,index,,13,1,no,no,REDIRECT,Meta-refresh forward to partner.html with canonical; keep
https://elevateaura.co.in/service-management-software.html,service-management-software.html,root,Field Service Software | Aura Business,,,https://elevateaura.co.in/aura-business/medical-equipment-field-service-software/,index,,17,1,no,no,REDIRECT,Meta-refresh forward with canonical to the cluster page; keep
https://elevateaura.co.in/terms.html,terms.html,root,Terms & Conditions - Elevate Aura,Terms and Conditions,"The terms that apply when you use the Elevate Aura website and its products, including scope of work, payments, ownership of code and support.",https://elevateaura.co.in/terms.html,index,,268,2,no,yes,KEEP,
https://elevateaura.co.in/welcome.html,welcome.html,root,Welcome to Aura Business | Getting Started,Getting started withAura Business.,,,noindex,,340,7,no,no,NOINDEX,Onboarding page for customers; noindex
https://elevateaura.co.in/pages/about.html,pages/about.html,pages,"About | Elevate Aura, Solo Studio for Founder-Led SMBs",About Elevate Aura,"A one-person product studio in Chennai building complete digital operations platforms in 30 days for founder-led medical, healthcare and equipment businesses.",https://elevateaura.co.in/pages/about.html,index,,289,2,no,yes,IMPROVE,Company entity page; add Organization schema and link to case studies (Phase 2)
https://elevateaura.co.in/pages/careers.html,pages/careers.html,pages,Careers at Elevate Aura | Minimum Viable Product Studio,Build the Future of  Digital Products,"Work with Elevate Aura in Chennai on healthcare and medical-equipment software: operations platforms, hospital systems, imaging and device software.",https://elevateaura.co.in/pages/careers.html,index,,312,35,no,yes,KEEP,
https://elevateaura.co.in/pages/contact.html,pages/contact.html,pages,Contact | Elevate Aura,Get in Touch,Reach Elevate Aura. Solo product studio in Chennai building digital operations platforms in 30 days. Email or WhatsApp Ragul directly.,https://elevateaura.co.in/pages/contact.html,index,,102,2,no,yes,KEEP,Company contact page; primary CTA target for non-Aura-Business clusters
https://elevateaura.co.in/pages/privacy.html,pages/privacy.html,pages,Privacy Policy | Elevate Aura,Privacy Policy,"How Elevate Aura collects, uses and protects the information you share through elevateaura.co.in and its products. Contact us in Chennai with any question.",https://elevateaura.co.in/privacy.html,index,,207,2,no,yes,MERGE,Duplicate of /privacy.html; canonical to one copy (Phase 2)
https://elevateaura.co.in/pages/terms.html,pages/terms.html,pages,Terms of Service | Elevate Aura,Terms of Service,"The terms that apply when you use the Elevate Aura website and its products, including scope of work, payments, ownership of code and support.",https://elevateaura.co.in/terms.html,index,,204,2,no,yes,MERGE,Duplicate of /terms.html; canonical to one copy (Phase 2)
https://elevateaura.co.in/auracare/,auracare/index.html,auracare,Home Nursing in Chengalpattu | Auracare Home Health Services,"A registered nurse at your home,day or night","Registered nurse home visits in Chengalpattu, Maraimalai Nagar, Singaperumal Koil, Guduvancheri and Mahindra City.",https://elevateaura.co.in/auracare/,index,City;MedicalBusiness;MedicalProcedure;OpeningHoursSpecification;Person;PostalAddress,686,10,no,yes,IMPROVE,"Hub page; footer links to guides, comparisons and case studies added"
https://elevateaura.co.in/case-studies/,case-studies/index.html,case-studies,Healthcare Software Case Studies | Elevate Aura,"Three platforms, built and shipped by one builder.","Three real platforms shipped by Elevate Aura: a medical equipment operations platform, an e-commerce and distributor platform, and an exam preparation app.",https://elevateaura.co.in/case-studies/,index,Article;BreadcrumbList;ImageObject;ListItem;Organization;Person,653,31,no,yes,KEEP,
https://elevateaura.co.in/compare/,compare/index.html,compare,Software Comparisons for Healthcare Buyers | Elevate Aura,Software comparisons for people who have to choose and live with it.,"Side-by-side software comparisons for hospitals, imaging centres, distributors and coaching institutes, including when the cheaper option is the right one.",https://elevateaura.co.in/compare/,index,Article;BreadcrumbList;ImageObject;ListItem;Organization;Person,685,37,no,yes,KEEP,
https://elevateaura.co.in/mobile-app-development/,mobile-app-development/index.html,mobile-app-development,Healthcare Mobile App Development Company | Elevate Aura,A healthcare mobile app development company that ships apps people open every day.,"Healthcare mobile app development company in Chennai: patient, doctor, hospital staff and field-service apps in React Native and Flutter, built by the founder.",https://elevateaura.co.in/mobile-app-development/,index,Answer;BreadcrumbList;FAQPage;ListItem;Organization;Person;PostalAddress;Question;Service,1144,41,yes,yes,KEEP,
https://elevateaura.co.in/resources/,resources/index.html,resources,Healthcare Software Guides | Elevate Aura Resources,Plain-language guides to the software your business runs on.,"Plain-language guides to PACS, DICOM, RIS, HIMS, AMC and CMC contracts, service management and learning platforms, written for Indian owners and founders.",https://elevateaura.co.in/resources/,index,Article;BreadcrumbList;ImageObject;ListItem;Organization;Person,863,44,no,yes,KEEP,
https://elevateaura.co.in/seo-services/,seo-services/index.html,seo-services,Healthcare and Medical Equipment SEO Services | Elevate Aura,Healthcare SEO services from the people who build the pages.,"Healthcare SEO services from Chennai: product-line and city pages, technical SEO, schema and enquiry tracking, built by the studio that builds the sites.",https://elevateaura.co.in/seo-services/,index,Answer;BreadcrumbList;FAQPage;ListItem;Organization;Person;PostalAddress;Question;Service,1011,36,yes,yes,KEEP,
https://elevateaura.co.in/web-development/,web-development/index.html,web-development,Healthcare Website and E-commerce Development | Elevate Aura,Healthcare website and e-commerce development for businesses that sell to hospitals.,"Healthcare website and e-commerce development from Chennai: medical equipment sites, B2B storefronts, distributor portals and catalogue pages that take enquiries.",https://elevateaura.co.in/web-development/,index,Answer;BreadcrumbList;FAQPage;ListItem;Organization;Person;PostalAddress;Question;Service,991,38,yes,yes,KEEP,
https://elevateaura.co.in/aura-business/amc-billing-software/,aura-business/amc-billing-software/index.html,aura-business,AMC Billing Software for Equipment Dealers | Aura Business,AMC billing software that turns a signed contract into an invoice schedule.,"AMC billing software that invoices the contract itself: scheduled contract billing, part-period and renewal invoices, and GST service invoices outside cover.",https://elevateaura.co.in/aura-business/amc-billing-software/,index,Answer;BreadcrumbList;FAQPage;ListItem;Organization;Person;PostalAddress;Question;SoftwareApplication,1604,38,yes,yes,KEEP,Generated from seo/build/content
https://elevateaura.co.in/aura-business/batch-expiry-tracking-software/,aura-business/batch-expiry-tracking-software/index.html,aura-business,Batch and Expiry Tracking Software for Distributors | Aura,"Batch and expiry tracking that picks the oldest stock first, every time.","Batch and expiry tracking for consumables and reagents: batch on every line, earliest-expiry batch offered first, alerts before expiry and full traceability.",https://elevateaura.co.in/aura-business/batch-expiry-tracking-software/,index,Answer;BreadcrumbList;FAQPage;ListItem;Organization;Person;PostalAddress;Question;SoftwareApplication,1528,38,yes,yes,KEEP,Generated from seo/build/content
https://elevateaura.co.in/aura-business/beat-plan-software/,aura-business/beat-plan-software/index.html,aura-business,Beat Plan Software for Field Sales Reps in India,A beat plan is only real if someone checks the visits.,"Beat plan software for small field sales teams: planned routes, call cycles, account coverage and visit adherence, checked against GPS check-in.",https://elevateaura.co.in/aura-business/beat-plan-software/,index,Answer;BreadcrumbList;FAQPage;ListItem;Organization;Person;PostalAddress;Question;SoftwareApplication,1494,37,yes,yes,KEEP,Generated from seo/build/content
https://elevateaura.co.in/aura-business/building-products-distributor-software/,aura-business/building-products-distributor-software/index.html,aura-business,Building Products Distributor Software | Aura Business,Building products distributor software for orders that arrive release by release.,"Building products distributor software for supply against construction projects: phased delivery to site, site stock, retained money and installation crews.",https://elevateaura.co.in/aura-business/building-products-distributor-software/,index,Answer;BreadcrumbList;FAQPage;ListItem;Organization;Person;PostalAddress;Question;SoftwareApplication,1772,37,yes,yes,KEEP,Generated from seo/build/content
https://elevateaura.co.in/aura-business/crm-for-medical-representatives/,aura-business/crm-for-medical-representatives/index.html,aura-business,CRM for Medical Representatives | Aura Business,A CRM the rep opens because it helps before the call.,"A CRM built for the rep, not just the manager: today's calls, account history before the door, a visit logged in seconds, samples and dated follow-ups.",https://elevateaura.co.in/aura-business/crm-for-medical-representatives/,index,Answer;BreadcrumbList;FAQPage;ListItem;Organization;Person;PostalAddress;Question;SoftwareApplication,1493,38,yes,yes,KEEP,Generated from seo/build/content
https://elevateaura.co.in/aura-business/customer-self-service-portal/,aura-business/customer-self-service-portal/index.html,aura-business,Customer Self-Service Portal for Distributors in India,Give your customers a login instead of a phone call.,"A branded customer self service portal: order status, documents, service requests, contracts and outstanding, so your office stops answering the same calls.",https://elevateaura.co.in/aura-business/customer-self-service-portal/,index,Answer;BreadcrumbList;FAQPage;ListItem;Organization;Person;PostalAddress;Question;SoftwareApplication,1532,37,yes,yes,KEEP,Generated from seo/build/content
https://elevateaura.co.in/aura-business/delivery-challan-software/,aura-business/delivery-challan-software/index.html,aura-business,Delivery Challan Software for Distributors | Aura Business,Delivery challan software for goods that move before the invoice does.,"Delivery challan software for goods despatched against an order, challan converted to a tax invoice, returnable and demo goods, and proof of delivery.",https://elevateaura.co.in/aura-business/delivery-challan-software/,index,Answer;BreadcrumbList;FAQPage;ListItem;Organization;Person;PostalAddress;Question;SoftwareApplication,1511,38,yes,yes,KEEP,Generated from seo/build/content
https://elevateaura.co.in/aura-business/distributor-management-software-india/,aura-business/distributor-management-software-india/index.html,aura-business,Distributor Management Software India | Aura Business,Distributor management software for the whole Indian operation.,"Distributor management software for Indian distributors of any trade: stock, orders, GST billing, collections, field service and contracts in one system.",https://elevateaura.co.in/aura-business/distributor-management-software-india/,index,Answer;BreadcrumbList;FAQPage;ListItem;Organization;Person;PostalAddress;Question;SoftwareApplication,1549,38,yes,yes,KEEP,Generated from seo/build/content
https://elevateaura.co.in/aura-business/e-invoice-software-distributors/,aura-business/e-invoice-software-distributors/index.html,aura-business,E-Invoice Software for Distributors with IRN and QR | Aura,E-invoice software that adds the IRN and QR code to the invoice you already raise.,"E-invoice software for distributors: what the IRN and QR code mean, how e-invoicing sits inside ordinary GST invoicing, and when it applies to you.",https://elevateaura.co.in/aura-business/e-invoice-software-distributors/,index,Answer;BreadcrumbList;FAQPage;ListItem;Organization;Person;PostalAddress;Question;SoftwareApplication,1534,38,yes,yes,KEEP,Generated from seo/build/content
https://elevateaura.co.in/aura-business/e-way-bill-software-distributors/,aura-business/e-way-bill-software-distributors/index.html,aura-business,E-Way Bill Software for Distributors and Dealers | Aura,E-way bill software that generates the bill before the vehicle leaves.,"E-way bill software for distributors: generate the bill with the despatch, record transporter and vehicle, and link it to the invoice or challan.",https://elevateaura.co.in/aura-business/e-way-bill-software-distributors/,index,Answer;BreadcrumbList;FAQPage;ListItem;Organization;Person;PostalAddress;Question;SoftwareApplication,1519,39,yes,yes,KEEP,Generated from seo/build/content
https://elevateaura.co.in/aura-business/electrical-equipment-dealer-software/,aura-business/electrical-equipment-dealer-software/index.html,aura-business,Electrical Equipment Dealer Software | Aura Business,Electrical equipment dealer software for supply against a project.,"Electrical equipment dealer software for panel and switchgear supply: project schedules, staged despatch, site commissioning and warranty claims upward.",https://elevateaura.co.in/aura-business/electrical-equipment-dealer-software/,index,Answer;BreadcrumbList;FAQPage;ListItem;Organization;Person;PostalAddress;Question;SoftwareApplication,1600,37,yes,yes,KEEP,Generated from seo/build/content
https://elevateaura.co.in/aura-business/field-service-analytics/,aura-business/field-service-analytics/index.html,aura-business,Field Service Analytics Software for Service Heads,The service numbers that tell you where the week went.,"Field service analytics from the work itself: call volume and ageing, repeat visits, engineer load, spares consumed, SLA breaches and contract profitability.",https://elevateaura.co.in/aura-business/field-service-analytics/,index,Answer;BreadcrumbList;FAQPage;ListItem;Organization;Person;PostalAddress;Question;SoftwareApplication,1519,38,yes,yes,KEEP,Generated from seo/build/content
https://elevateaura.co.in/aura-business/field-service-business-software/,aura-business/field-service-business-software/index.html,aura-business,Field Service Business Software India | Aura Business,"When service is the business, not the afterthought.","Field service business software for firms whose revenue is service: contracts, call intake, engineers, spares, SLAs and service invoicing in one platform.",https://elevateaura.co.in/aura-business/field-service-business-software/,index,Answer;BreadcrumbList;FAQPage;ListItem;Organization;Person;PostalAddress;Question;SoftwareApplication,1567,39,yes,yes,KEEP,Generated from seo/build/content
https://elevateaura.co.in/aura-business/field-staff-attendance-app/,aura-business/field-staff-attendance-app/index.html,aura-business,Field Staff Attendance App with GPS and Selfie,Attendance for staff who never come to the office.,"Attendance app for field staff: geo-fenced check-in, selfie verification, leave, and a month-end register your payroll can actually be run from.",https://elevateaura.co.in/aura-business/field-staff-attendance-app/,index,Answer;BreadcrumbList;FAQPage;ListItem;Organization;Person;PostalAddress;Question;SoftwareApplication,1526,38,yes,yes,KEEP,Generated from seo/build/content
https://elevateaura.co.in/aura-business/field-technician-tracking-app/,aura-business/field-technician-tracking-app/index.html,aura-business,Field Technician Tracking App for Service Engineers,A technician tracking app your service engineers will actually open.,"Technician tracking software with a service engineer mobile app: GPS check-in, location-stamped attendance, routes, offline job cards, photos and signatures.",https://elevateaura.co.in/aura-business/field-technician-tracking-app/,index,Answer;BreadcrumbList;FAQPage;ListItem;Organization;Person;PostalAddress;Question;SoftwareApplication,1488,37,yes,yes,KEEP,Generated from seo/build/content
https://elevateaura.co.in/aura-business/fire-safety-amc-software/,aura-business/fire-safety-amc-software/index.html,aura-business,Fire Safety AMC Software for Service Contracts | Aura Business,"Fire safety AMC software for testing that has to be recorded, not just done.","Fire safety AMC software for scheduled testing across a building, refill and replacement cycles, multi-site contracts and records your customer can produce.",https://elevateaura.co.in/aura-business/fire-safety-amc-software/,index,Answer;BreadcrumbList;FAQPage;ListItem;Organization;Person;PostalAddress;Question;SoftwareApplication,1770,37,yes,yes,KEEP,Generated from seo/build/content
https://elevateaura.co.in/aura-business/gst-billing-software-medical-equipment-distributors/,aura-business/gst-billing-software-medical-equipment-distributors/index.html,aura-business,GST Billing Software for Medical Distributors | Aura Business,"GST billing software for medical equipment distributors, from HSN to GSTR-1.","GST billing software for medical equipment distributors: HSN on the catalogue, CGST/SGST/IGST, gapless numbering, e-invoice IRN and QR, e-way bills, credit notes.",https://elevateaura.co.in/aura-business/gst-billing-software-medical-equipment-distributors/,index,Answer;BreadcrumbList;FAQPage;ListItem;Organization;Person;PostalAddress;Question;SoftwareApplication,1546,38,yes,yes,KEEP,Generated from seo/build/content
https://elevateaura.co.in/aura-business/healthcare-business-automation-software/,aura-business/healthcare-business-automation-software/index.html,aura-business,Healthcare Business Automation Software | Aura Business,Automation software that runs the busywork for you.,"Healthcare business automation software: WhatsApp reminders, renewal prediction, smart ticket routing.",https://elevateaura.co.in/aura-business/healthcare-business-automation-software/,index,Answer;BreadcrumbList;FAQPage;ListItem;Organization;Person;PostalAddress;Question;SoftwareApplication,876,29,yes,yes,IMPROVE,"Hand-built cluster page; tracking, schema fix and further-reading links added"
https://elevateaura.co.in/aura-business/healthcare-crm-software/,aura-business/healthcare-crm-software/index.html,aura-business,Healthcare CRM Software | Aura Business,Healthcare CRM software built for how medical trade actually works.,"Healthcare CRM software for Indian medical businesses: hospitals, doctors and dealers in one database, with leads, follow-ups, service and AMC on the same record.",https://elevateaura.co.in/aura-business/healthcare-crm-software/,index,Answer;BreadcrumbList;FAQPage;ListItem;Organization;Person;PostalAddress;Question;SoftwareApplication,889,28,yes,yes,IMPROVE,"Hand-built cluster page; tracking, schema fix and further-reading links added"
https://elevateaura.co.in/aura-business/helpdesk-ticketing-equipment-dealers/,aura-business/helpdesk-ticketing-equipment-dealers/index.html,aura-business,Helpdesk Ticketing Software for Equipment Dealers | Aura,Helpdesk ticketing where the customer can raise it themselves and see it move.,"Helpdesk ticketing for equipment dealers: customer-raised tickets, a status workflow your team follows, private internal notes and CSAT captured on close.",https://elevateaura.co.in/aura-business/helpdesk-ticketing-equipment-dealers/,index,Answer;BreadcrumbList;FAQPage;ListItem;Organization;Person;PostalAddress;Question;SoftwareApplication,1485,38,yes,yes,KEEP,Generated from seo/build/content
https://elevateaura.co.in/aura-business/hospital-sales-crm/,aura-business/hospital-sales-crm/index.html,aura-business,Hospital Sales CRM for Medical Equipment Sellers | Aura Business,A hospital sales CRM built for the way hospitals actually buy.,"Hospital sales CRM for teams selling into hospitals: purchase committees, biomedical departments, doctors as influencers, demo loans, quotation cycles, tenders.",https://elevateaura.co.in/aura-business/hospital-sales-crm/,index,Answer;BreadcrumbList;FAQPage;ListItem;Organization;Person;PostalAddress;Question;SoftwareApplication,1559,40,yes,yes,KEEP,Generated from seo/build/content
https://elevateaura.co.in/aura-business/hvac-amc-software/,aura-business/hvac-amc-software/index.html,aura-business,HVAC AMC Software for Maintenance Contracts | Aura Business,HVAC AMC software for contracts covering hundreds of units.,"HVAC AMC software for seasonal planned maintenance: many units per site, multi-site contracts, filter and consumable schedules and renewals before summer.",https://elevateaura.co.in/aura-business/hvac-amc-software/,index,Answer;BreadcrumbList;FAQPage;ListItem;Organization;Person;PostalAddress;Question;SoftwareApplication,1659,37,yes,yes,KEEP,Generated from seo/build/content
https://elevateaura.co.in/aura-business/industrial-equipment-distributor-software/,aura-business/industrial-equipment-distributor-software/index.html,aura-business,Industrial Equipment Distributor Software | Aura Business,Industrial equipment distributor software for customers who lose money by the hour.,"Industrial equipment distributor software for factory customers: plant-wise asset registers, breakdown response against production downtime, AMC and spares.",https://elevateaura.co.in/aura-business/industrial-equipment-distributor-software/,index,Answer;BreadcrumbList;FAQPage;ListItem;Organization;Person;PostalAddress;Question;SoftwareApplication,1572,37,yes,yes,KEEP,Generated from seo/build/content
https://elevateaura.co.in/aura-business/installed-base-management-software/,aura-business/installed-base-management-software/index.html,aura-business,Installed Base Management Software for Equipment | Aura Business,"Installed base management software: every serial you ever sold, and what it owes you.","Installed base management software with an asset register per serial, installation sign-off, warranty linkage, a 360 history, transfers and replacements.",https://elevateaura.co.in/aura-business/installed-base-management-software/,index,Answer;BreadcrumbList;FAQPage;ListItem;Organization;Person;PostalAddress;Question;SoftwareApplication,1531,38,yes,yes,KEEP,Generated from seo/build/content
https://elevateaura.co.in/aura-business/lift-amc-management-software/,aura-business/lift-amc-management-software/index.html,aura-business,Lift AMC Management Software for Contracts | Aura Business,Lift AMC management software for buildings where a stuck car cannot wait.,"Lift AMC management software for periodic inspection cycles, many lifts in one building, entrapment calls, model-wise spares and building manager customers.",https://elevateaura.co.in/aura-business/lift-amc-management-software/,index,Answer;BreadcrumbList;FAQPage;ListItem;Organization;Person;PostalAddress;Question;SoftwareApplication,1792,37,yes,yes,KEEP,Generated from seo/build/content
https://elevateaura.co.in/aura-business/medical-device-crm-software/,aura-business/medical-device-crm-software/index.html,aura-business,Medical Device CRM Software for OEMs and Dealers | Aura Business,Medical device CRM software for the OEM and its dealer network.,"Medical device CRM software for manufacturers and their dealer networks: doctors and decision-makers, demo and sample tracking, territories and targets.",https://elevateaura.co.in/aura-business/medical-device-crm-software/,index,Answer;BreadcrumbList;FAQPage;ListItem;Organization;Person;PostalAddress;Question;SoftwareApplication,1525,39,yes,yes,KEEP,Generated from seo/build/content
https://elevateaura.co.in/aura-business/medical-distributor-dashboard-analytics/,aura-business/medical-distributor-dashboard-analytics/index.html,aura-business,Medical Distributor Dashboard and Analytics Software,A medical distributor dashboard that shows the owner what needs a decision today.,"Medical distributor analytics with an owner dashboard for pipeline, collections, AMC at risk and open service calls, plus a reports engine, P&L by product line.",https://elevateaura.co.in/aura-business/medical-distributor-dashboard-analytics/,index,Answer;BreadcrumbList;FAQPage;ListItem;Organization;Person;PostalAddress;Question;SoftwareApplication,1488,39,yes,yes,KEEP,Generated from seo/build/content
https://elevateaura.co.in/aura-business/medical-equipment-amc-cmc-software/,aura-business/medical-equipment-amc-cmc-software/index.html,aura-business,Medical Equipment AMC / CMC Software | Aura Business,AMC and CMC software that stops renewal revenue leaking.,"AMC and CMC software for medical equipment: every contract on a renewal clock, lapsing revenue shown in rupees, preventive maintenance and warranty tracking.",https://elevateaura.co.in/aura-business/medical-equipment-amc-cmc-software/,index,Answer;BreadcrumbList;FAQPage;ListItem;Organization;Person;PostalAddress;Question;SoftwareApplication,895,28,yes,yes,IMPROVE,"Hand-built cluster page; tracking, schema fix and further-reading links added"
https://elevateaura.co.in/aura-business/medical-equipment-asset-management/,aura-business/medical-equipment-asset-management/index.html,aura-business,Medical Equipment Asset Management | Aura Business,Asset management that knows every unit you ever sold.,"Medical equipment asset management software: serial-number tracking, installation and acceptance, warranty linkage, full lifecycle and asset 360 history.",https://elevateaura.co.in/aura-business/medical-equipment-asset-management/,index,Answer;BreadcrumbList;FAQPage;ListItem;Organization;Person;PostalAddress;Question;SoftwareApplication,882,29,yes,yes,IMPROVE,"Hand-built cluster page; tracking, schema fix and further-reading links added"
https://elevateaura.co.in/aura-business/medical-equipment-billing-software/,aura-business/medical-equipment-billing-software/index.html,aura-business,Medical Equipment Billing Software | Aura Business,Billing software that chases the payment for you.,"GST billing software for medical equipment: quotation, tax invoice, Delivery Challan, e-Way Bill, payment tracking and WhatsApp reminders with gapless.",https://elevateaura.co.in/aura-business/medical-equipment-billing-software/,index,Answer;BreadcrumbList;FAQPage;ListItem;Organization;Person;PostalAddress;Question;SoftwareApplication,862,29,yes,yes,IMPROVE,"Hand-built cluster page; tracking, schema fix and further-reading links added"
https://elevateaura.co.in/aura-business/medical-equipment-crm-software/,aura-business/medical-equipment-crm-software/index.html,aura-business,Medical Equipment CRM Software | Aura Business,"Medical equipment CRM software that runs the whole cycle, not just leads.","Medical equipment CRM software that runs leads, quotations, orders, field service, AMC and billing in one platform.",https://elevateaura.co.in/aura-business/medical-equipment-crm-software/,index,Answer;BreadcrumbList;FAQPage;ListItem;Organization;Person;PostalAddress;Question;SoftwareApplication,1345,34,yes,yes,IMPROVE,"Hand-built cluster page; tracking, schema fix and further-reading links added"
https://elevateaura.co.in/aura-business/medical-equipment-dealer-management-software/,aura-business/medical-equipment-dealer-management-software/index.html,aura-business,Medical Equipment Dealer Management Software | Aura Business,Medical equipment dealer management software for multi-brand operations.,"Medical equipment dealer management software for multi-brand dealers: brand authorisation, principal price lists, a distributor order portal.",https://elevateaura.co.in/aura-business/medical-equipment-dealer-management-software/,index,Answer;BreadcrumbList;FAQPage;ListItem;Organization;Person;PostalAddress;Question;SoftwareApplication,1483,39,yes,yes,KEEP,Generated from seo/build/content
https://elevateaura.co.in/aura-business/medical-equipment-distributor-software/,aura-business/medical-equipment-distributor-software/index.html,aura-business,Medical Equipment Distributor Software | Aura Business,Distributor software that runs your whole dealer network.,"Distributor software for medical equipment: dealer and distributor portals, quote-to-order, brand authorization, tender tracking and multi-brand catalogue.",https://elevateaura.co.in/aura-business/medical-equipment-distributor-software/,index,Answer;BreadcrumbList;FAQPage;ListItem;Organization;Person;PostalAddress;Question;SoftwareApplication,847,28,yes,yes,IMPROVE,"Hand-built cluster page; tracking, schema fix and further-reading links added"
https://elevateaura.co.in/aura-business/medical-equipment-field-service-software/,aura-business/medical-equipment-field-service-software/index.html,aura-business,Medical Equipment Field Service Software | Aura Business,Field service software that puts your engineers on one map.,"Field service software for medical equipment: GPS visit tracking, work orders, service tickets, SLA and a technician mobile app with photo proof.",https://elevateaura.co.in/aura-business/medical-equipment-field-service-software/,index,Answer;BreadcrumbList;FAQPage;ListItem;Organization;Person;PostalAddress;Question;SoftwareApplication,902,29,yes,yes,IMPROVE,"Hand-built cluster page; tracking, schema fix and further-reading links added"
https://elevateaura.co.in/aura-business/medical-equipment-inventory-software/,aura-business/medical-equipment-inventory-software/index.html,aura-business,Medical Equipment Inventory Software | Aura Business,Inventory software where the numbers actually match the shelf.,"Medical equipment inventory software covering stock across warehouses and engineer vans, spare parts, batch and expiry, HSN, purchase orders and reorder alerts.",https://elevateaura.co.in/aura-business/medical-equipment-inventory-software/,index,Answer;BreadcrumbList;FAQPage;ListItem;Organization;Person;PostalAddress;Question;SoftwareApplication,879,28,yes,yes,IMPROVE,"Hand-built cluster page; tracking, schema fix and further-reading links added"
https://elevateaura.co.in/aura-business/medical-equipment-lead-management-software/,aura-business/medical-equipment-lead-management-software/index.html,aura-business,Medical Equipment Lead Management Software | Aura Business,Lead management software that gives every enquiry an owner and a next date.,"Lead management software for medical equipment sellers: capture every enquiry source, assign an owner, chase on a cadence and see what actually converts.",https://elevateaura.co.in/aura-business/medical-equipment-lead-management-software/,index,Answer;BreadcrumbList;FAQPage;ListItem;Organization;Person;PostalAddress;Question;SoftwareApplication,1468,39,yes,yes,KEEP,Generated from seo/build/content
https://elevateaura.co.in/aura-business/medical-equipment-management-software/,aura-business/medical-equipment-management-software/index.html,aura-business,Medical Equipment Management Software | Aura Business,Medical equipment management software for the entire business.,"Medical equipment management software that runs your entire operation, sales, service, AMC, inventory, staff and finance.",https://elevateaura.co.in/aura-business/medical-equipment-management-software/,index,Answer;BreadcrumbList;FAQPage;ListItem;Organization;Person;PostalAddress;Question;SoftwareApplication,919,29,yes,yes,IMPROVE,"Hand-built cluster page; tracking, schema fix and further-reading links added"
https://elevateaura.co.in/aura-business/medical-equipment-quotation-software/,aura-business/medical-equipment-quotation-software/index.html,aura-business,Medical Equipment Quotation Software with GST | Aura Business,Medical equipment quotation software that turns a quote into an order and an invoice.,"Medical equipment quotation software with a GST quotation builder, versions, proforma and tender quotes, converting each quote to a sales order and tax invoice.",https://elevateaura.co.in/aura-business/medical-equipment-quotation-software/,index,Answer;BreadcrumbList;FAQPage;ListItem;Organization;Person;PostalAddress;Question;SoftwareApplication,1499,40,yes,yes,KEEP,Generated from seo/build/content
https://elevateaura.co.in/aura-business/medical-equipment-service-management-software/,aura-business/medical-equipment-service-management-software/index.html,aura-business,Medical Equipment Service Management Software | Aura Business,Medical equipment service management software that closes the whole after-sales loop.,"Medical equipment service management software that carries a breakdown call through dispatch, job card, spares, SLA and invoice, and files it on the asset.",https://elevateaura.co.in/aura-business/medical-equipment-service-management-software/,index,Answer;BreadcrumbList;FAQPage;ListItem;Organization;Person;PostalAddress;Question;SoftwareApplication,1676,38,yes,yes,KEEP,Generated from seo/build/content
https://elevateaura.co.in/aura-business/medical-equipment-software-ahmedabad/,aura-business/medical-equipment-software-ahmedabad/index.html,aura-business,Medical Equipment Software in Ahmedabad | Aura Business,"Medical equipment software for Ahmedabad, where stock leaves Gujarat every day.","Medical equipment and consumables software for Ahmedabad distributors: batch and expiry, sub-dealer stock, e-way bills and outbound dispatch across India.",https://elevateaura.co.in/aura-business/medical-equipment-software-ahmedabad/,index,Answer;BreadcrumbList;FAQPage;ListItem;Organization;Person;PostalAddress;Question;SoftwareApplication,1417,37,yes,yes,KEEP,Generated from seo/build/content
https://elevateaura.co.in/aura-business/medical-equipment-software-bangalore/,aura-business/medical-equipment-software-bangalore/index.html,aura-business,Medical Equipment Software in Bangalore | Aura Business,Medical equipment software for Bangalore's device makers and dealers.,"Medical equipment software for Bangalore device makers, medtech startups and multi-brand dealers: CRM, AMC, field service, inventory and GST billing.",https://elevateaura.co.in/aura-business/medical-equipment-software-bangalore/,index,Answer;BreadcrumbList;FAQPage;ListItem;Organization;Person;PostalAddress;Question;SoftwareApplication,1278,37,yes,yes,KEEP,Generated from seo/build/content
https://elevateaura.co.in/aura-business/medical-equipment-software-coimbatore/,aura-business/medical-equipment-software-coimbatore/index.html,aura-business,Medical Equipment Software in Coimbatore | Aura Business,"Medical equipment software for Coimbatore, with a builder who can come to your office.","Medical equipment software for Coimbatore dealers and manufacturers serving Tamil Nadu and Kerala hospitals: CRM, AMC, field service and GST billing.",https://elevateaura.co.in/aura-business/medical-equipment-software-coimbatore/,index,Answer;BreadcrumbList;FAQPage;ListItem;Organization;Person;PostalAddress;Question;SoftwareApplication,1332,38,yes,yes,KEEP,Generated from seo/build/content
https://elevateaura.co.in/aura-business/medical-equipment-software-delhi/,aura-business/medical-equipment-software-delhi/index.html,aura-business,Medical Equipment Software in Delhi NCR | Aura Business,Medical equipment software for Delhi NCR dealers who live on tenders and deadlines.,"Medical equipment software for Delhi NCR dealers: tender tracking, EMD and bid deadlines, rate contracts, e-way bills across the north and AMC service.",https://elevateaura.co.in/aura-business/medical-equipment-software-delhi/,index,Answer;BreadcrumbList;FAQPage;ListItem;Organization;Person;PostalAddress;Question;SoftwareApplication,1472,38,yes,yes,KEEP,Generated from seo/build/content
https://elevateaura.co.in/aura-business/medical-equipment-software-hyderabad/,aura-business/medical-equipment-software-hyderabad/index.html,aura-business,Medical Equipment Software in Hyderabad | Aura Business,Medical equipment software for Hyderabad distributors serving two states.,"Medical equipment software for Hyderabad distributors and device makers serving Telangana and Andhra Pradesh: CRM, AMC, service, inventory and GST billing.",https://elevateaura.co.in/aura-business/medical-equipment-software-hyderabad/,index,Answer;BreadcrumbList;FAQPage;ListItem;Organization;Person;PostalAddress;Question;SoftwareApplication,1274,37,yes,yes,KEEP,Generated from seo/build/content
https://elevateaura.co.in/aura-business/medical-equipment-software-kochi/,aura-business/medical-equipment-software-kochi/index.html,aura-business,Medical Equipment Software in Kochi | Aura Business,Medical equipment software for Kochi dealers with many hospitals close together.,"Medical equipment software for Kochi dealers serving Kerala's hospital network: dense service rounds, AMC renewals, job cards and GST billing in one platform.",https://elevateaura.co.in/aura-business/medical-equipment-software-kochi/,index,Answer;BreadcrumbList;FAQPage;ListItem;Organization;Person;PostalAddress;Question;SoftwareApplication,1443,36,yes,yes,KEEP,Generated from seo/build/content
https://elevateaura.co.in/aura-business/medical-equipment-software-kolkata/,aura-business/medical-equipment-software-kolkata/index.html,aura-business,Medical Equipment Software in Kolkata | Aura Business,"Medical equipment software for Kolkata, the gateway to the east and the north-east.","Medical equipment software for Kolkata distributors supplying eastern India and the north-east: long transit routes, sub-dealers, e-way bills and field service.",https://elevateaura.co.in/aura-business/medical-equipment-software-kolkata/,index,Answer;BreadcrumbList;FAQPage;ListItem;Organization;Person;PostalAddress;Question;SoftwareApplication,1455,37,yes,yes,KEEP,Generated from seo/build/content
https://elevateaura.co.in/aura-business/medical-equipment-software-mumbai/,aura-business/medical-equipment-software-mumbai/index.html,aura-business,Medical Equipment Software in Mumbai | Aura Business,Medical equipment software for Mumbai importers with dealers in every state.,"Medical equipment software for Mumbai importers and national distributors: multi-state dealer networks, IGST billing, e-way bills, dealer portals and AMC.",https://elevateaura.co.in/aura-business/medical-equipment-software-mumbai/,index,Answer;BreadcrumbList;FAQPage;ListItem;Organization;Person;PostalAddress;Question;SoftwareApplication,1304,39,yes,yes,KEEP,Generated from seo/build/content
https://elevateaura.co.in/aura-business/medical-equipment-software-pricing/,aura-business/medical-equipment-software-pricing/index.html,aura-business,Medical Equipment Software Pricing | Aura Business,"Medical equipment software pricing, explained module by module.","How medical equipment software pricing works at Aura Business: three module tiers, unlimited users, never per seat. See what moves a quote, then book a call.",https://elevateaura.co.in/aura-business/medical-equipment-software-pricing/,index,Answer;BreadcrumbList;FAQPage;ListItem;Organization;Person;PostalAddress;Question;SoftwareApplication,1368,36,yes,yes,KEEP,Generated from seo/build/content
https://elevateaura.co.in/aura-business/medical-equipment-software-pune/,aura-business/medical-equipment-software-pune/index.html,aura-business,Medical Equipment Software in Pune | Aura Business,"Medical equipment software for Pune, where the customer is a hospital or a factory floor.","Medical equipment software for Pune dealers and device makers: hospitals and factory-belt customers on one platform, with service, AMC and GST billing.",https://elevateaura.co.in/aura-business/medical-equipment-software-pune/,index,Answer;BreadcrumbList;FAQPage;ListItem;Organization;Person;PostalAddress;Question;SoftwareApplication,1451,36,yes,yes,KEEP,Generated from seo/build/content
https://elevateaura.co.in/aura-business/medical-equipment-tender-management-software/,aura-business/medical-equipment-tender-management-software/index.html,aura-business,Tender Management Software for Medical Equipment | Aura Business,Tender management software that finds the tender before your competitor does.,"Tender management software for medical equipment suppliers: government tenders fetched every morning, a document vault, EMD and deadline reminders.",https://elevateaura.co.in/aura-business/medical-equipment-tender-management-software/,index,Answer;BreadcrumbList;FAQPage;ListItem;Organization;Person;PostalAddress;Question;SoftwareApplication,1533,39,yes,yes,KEEP,Generated from seo/build/content
https://elevateaura.co.in/aura-business/medical-equipment-warehouse-management/,aura-business/medical-equipment-warehouse-management/index.html,aura-business,Medical Equipment Warehouse Management Software | Aura,Warehouse management that knows which location the stock is actually in.,"Warehouse management for medical equipment: multiple godowns and van stock, a full movements ledger, documented transfers and physical verification.",https://elevateaura.co.in/aura-business/medical-equipment-warehouse-management/,index,Answer;BreadcrumbList;FAQPage;ListItem;Organization;Person;PostalAddress;Question;SoftwareApplication,1453,39,yes,yes,KEEP,Generated from seo/build/content
https://elevateaura.co.in/aura-business/medical-equipment-warranty-management-software/,aura-business/medical-equipment-warranty-management-software/index.html,aura-business,Equipment Warranty Management Software | Aura Business,Equipment warranty management software that knows who pays for the visit.,"Equipment warranty management software that tracks warranty and extended warranty per serial, shows warranty vs AMC vs CMC cover on every service call.",https://elevateaura.co.in/aura-business/medical-equipment-warranty-management-software/,index,Answer;BreadcrumbList;FAQPage;ListItem;Organization;Person;PostalAddress;Question;SoftwareApplication,1611,38,yes,yes,KEEP,Generated from seo/build/content
https://elevateaura.co.in/aura-business/medical-spare-parts-inventory-software/,aura-business/medical-spare-parts-inventory-software/index.html,aura-business,Medical Spare Parts Inventory Software | Aura Business,Medical spare parts inventory software that knows what is in the engineer's bag.,"Medical spare parts inventory software with serial-level stock, spares allocated to engineers, consumption per job, multi-warehouse, batch and expiry.",https://elevateaura.co.in/aura-business/medical-spare-parts-inventory-software/,index,Answer;BreadcrumbList;FAQPage;ListItem;Organization;Person;PostalAddress;Question;SoftwareApplication,1499,38,yes,yes,KEEP,Generated from seo/build/content
https://elevateaura.co.in/aura-business/mobile-job-card-software/,aura-business/mobile-job-card-software/index.html,aura-business,Mobile Job Card Software for Field Engineers | Aura Business,Mobile job card software that captures the visit while the engineer is still there.,"Mobile job card software for field engineers: work done, readings, spares, photos and customer signature, captured offline and synced when signal returns.",https://elevateaura.co.in/aura-business/mobile-job-card-software/,index,Answer;BreadcrumbList;FAQPage;ListItem;Organization;Person;PostalAddress;Question;SoftwareApplication,1512,38,yes,yes,KEEP,Generated from seo/build/content
https://elevateaura.co.in/aura-business/preventive-maintenance-software/,aura-business/preventive-maintenance-software/index.html,aura-business,Preventive Maintenance Software for Medical Equipment,Preventive maintenance software that puts every installed device on a service calendar.,"Preventive maintenance software that schedules PM visits per installed device, puts checklists on the job card and closes each visit against its AMC or CMC.",https://elevateaura.co.in/aura-business/preventive-maintenance-software/,index,Answer;BreadcrumbList;FAQPage;ListItem;Organization;Person;PostalAddress;Question;SoftwareApplication,1427,38,yes,yes,KEEP,Generated from seo/build/content
https://elevateaura.co.in/aura-business/purchase-order-grn-software/,aura-business/purchase-order-grn-software/index.html,aura-business,Purchase Order and GRN Software for Distributors | Aura,Purchase order and GRN software where receiving goods creates the payable.,"Purchase order and GRN software with a supplier master and price lists, PO approval before commitment, and goods receipt that stocks in and opens a payable.",https://elevateaura.co.in/aura-business/purchase-order-grn-software/,index,Answer;BreadcrumbList;FAQPage;ListItem;Organization;Person;PostalAddress;Question;SoftwareApplication,1446,37,yes,yes,KEEP,Generated from seo/build/content
https://elevateaura.co.in/aura-business/rate-contract-management-software/,aura-business/rate-contract-management-software/index.html,aura-business,Rate Contract Management Software for Hospital Supply,"The rate you agreed, honoured on every order.","Hold agreed rates against a hospital or government buyer for a fixed period, draw orders against them, and stop quotes going out above the contract rate.",https://elevateaura.co.in/aura-business/rate-contract-management-software/,index,Answer;BreadcrumbList;FAQPage;ListItem;Organization;Person;PostalAddress;Question;SoftwareApplication,1525,38,yes,yes,KEEP,Generated from seo/build/content
https://elevateaura.co.in/aura-business/receivables-ageing-software/,aura-business/receivables-ageing-software/index.html,aura-business,Receivables Ageing Software for Distributors | Aura Business,Receivables ageing software that tells you who to call this morning.,"Receivables ageing software that buckets unpaid invoices by age, shows who to chase first, holds the customer ledger and applies credit limits and days.",https://elevateaura.co.in/aura-business/receivables-ageing-software/,index,Answer;BreadcrumbList;FAQPage;ListItem;Organization;Person;PostalAddress;Question;SoftwareApplication,1462,39,yes,yes,KEEP,Generated from seo/build/content
https://elevateaura.co.in/aura-business/sample-tracking-software/,aura-business/sample-tracking-software/index.html,aura-business,Sample and Demo Tracking Software for Medical Devices,Know where every demo unit is sitting tonight.,"Track every demo unit and sample out in the field: who holds it, since when, when it is due back, and whether the trial turned into an order.",https://elevateaura.co.in/aura-business/sample-tracking-software/,index,Answer;BreadcrumbList;FAQPage;ListItem;Organization;Person;PostalAddress;Question;SoftwareApplication,1488,37,yes,yes,KEEP,Generated from seo/build/content
https://elevateaura.co.in/aura-business/service-contract-management-software/,aura-business/service-contract-management-software/index.html,aura-business,Service Contract Management Software for Dealers | Aura Business,Service contract management software for every contract type you sell.,"Service contract management software for AMC, CMC, warranty, extended warranty and rate contracts, with multi-site terms, profitability and a renewal engine.",https://elevateaura.co.in/aura-business/service-contract-management-software/,index,Answer;BreadcrumbList;FAQPage;ListItem;Organization;Person;PostalAddress;Question;SoftwareApplication,1511,38,yes,yes,KEEP,Generated from seo/build/content
https://elevateaura.co.in/aura-business/service-dispatch-software/,aura-business/service-dispatch-software/index.html,aura-business,Service Dispatch Software for Equipment Engineers | Aura,"Service dispatch software: one screen that decides who goes where, today.","Service dispatch software with one board of open calls by priority and SLA, engineer matching on skill and location, route planning and easy reassignment.",https://elevateaura.co.in/aura-business/service-dispatch-software/,index,Answer;BreadcrumbList;FAQPage;ListItem;Organization;Person;PostalAddress;Question;SoftwareApplication,1461,38,yes,yes,KEEP,Generated from seo/build/content
https://elevateaura.co.in/aura-business/sla-management-software/,aura-business/sla-management-software/index.html,aura-business,SLA Management Software for Field Service | Aura Business,"SLA management software that runs a clock on every call, per contract.","SLA management software for field service: response and resolution targets per contract, a live clock on every call, breach flags and evidence at renewal.",https://elevateaura.co.in/aura-business/sla-management-software/,index,Answer;BreadcrumbList;FAQPage;ListItem;Organization;Person;PostalAddress;Question;SoftwareApplication,1437,39,yes,yes,KEEP,Generated from seo/build/content
https://elevateaura.co.in/aura-business/software-for-biomedical-service-companies/,aura-business/software-for-biomedical-service-companies/index.html,aura-business,Software for Biomedical Service Companies | Aura Business,Software for biomedical service companies with no sales arm to hide behind.,"Software for biomedical service companies: multi-brand contracts, engineer utilisation, spares sourced per job and service levels you can prove to a hospital.",https://elevateaura.co.in/aura-business/software-for-biomedical-service-companies/,index,Answer;BreadcrumbList;FAQPage;ListItem;Organization;Person;PostalAddress;Question;SoftwareApplication,1640,36,yes,yes,KEEP,Generated from seo/build/content
https://elevateaura.co.in/aura-business/software-for-dental-equipment-dealers/,aura-business/software-for-dental-equipment-dealers/index.html,aura-business,Software for Dental Equipment Dealers | Aura Business,"Software for dental equipment dealers, where the customer is one dentist.","Software for dental equipment dealers: hundreds of single-chair clinics, repeat consumable orders, same-day chair repairs and small-ticket collections.",https://elevateaura.co.in/aura-business/software-for-dental-equipment-dealers/,index,Answer;BreadcrumbList;FAQPage;ListItem;Organization;Person;PostalAddress;Question;SoftwareApplication,1648,38,yes,yes,KEEP,Generated from seo/build/content
https://elevateaura.co.in/aura-business/software-for-diagnostic-equipment-suppliers/,aura-business/software-for-diagnostic-equipment-suppliers/index.html,aura-business,Software for Diagnostic Equipment Suppliers | Aura Business,"Software for diagnostic equipment suppliers, where the reagent is the business.","Software for diagnostic equipment suppliers: reagent pull-through on every placed analyser, calibration and QC visits, and uptime the lab can depend on.",https://elevateaura.co.in/aura-business/software-for-diagnostic-equipment-suppliers/,index,Answer;BreadcrumbList;FAQPage;ListItem;Organization;Person;PostalAddress;Question;SoftwareApplication,1707,38,yes,yes,KEEP,Generated from seo/build/content
https://elevateaura.co.in/aura-business/software-for-hospital-furniture-suppliers/,aura-business/software-for-hospital-furniture-suppliers/index.html,aura-business,Software for Hospital Furniture Suppliers | Aura Business,"Software for hospital furniture suppliers, delivered ward by ward.","Software for hospital furniture suppliers: tender and project orders, phased delivery ward by ward, on-site assembly and warranty claims on moving parts.",https://elevateaura.co.in/aura-business/software-for-hospital-furniture-suppliers/,index,Answer;BreadcrumbList;FAQPage;ListItem;Organization;Person;PostalAddress;Question;SoftwareApplication,1637,37,yes,yes,KEEP,Generated from seo/build/content
https://elevateaura.co.in/aura-business/software-for-imaging-equipment-dealers/,aura-business/software-for-imaging-equipment-dealers/index.html,aura-business,Software for Imaging Equipment Dealers | Aura Business,"Software for imaging equipment dealers, from committee to uptime.","Software for imaging equipment dealers: committee-led capital sales, site preparation and installation projects, high-value CMC and uptime commitments.",https://elevateaura.co.in/aura-business/software-for-imaging-equipment-dealers/,index,Answer;BreadcrumbList;FAQPage;ListItem;Organization;Person;PostalAddress;Question;SoftwareApplication,1689,38,yes,yes,KEEP,Generated from seo/build/content
https://elevateaura.co.in/aura-business/software-for-laboratory-equipment-dealers/,aura-business/software-for-laboratory-equipment-dealers/index.html,aura-business,Software for Laboratory Equipment Dealers | Aura Business,"Software for laboratory equipment dealers, where the sale ends at training sign-off.","Software for laboratory equipment dealers selling to research and clinical labs: installation and training as a deliverable, AMC renewals and long-lead spares.",https://elevateaura.co.in/aura-business/software-for-laboratory-equipment-dealers/,index,Answer;BreadcrumbList;FAQPage;ListItem;Organization;Person;PostalAddress;Question;SoftwareApplication,1703,39,yes,yes,KEEP,Generated from seo/build/content
https://elevateaura.co.in/aura-business/software-for-medical-consumables-distributors/,aura-business/software-for-medical-consumables-distributors/index.html,aura-business,Software for Medical Consumables Distributors | Aura Business,"Software for medical consumables distributors, where margin is made in the detail.","Software for medical consumables distributors: batch and expiry control, repeat order cycles, accurate picking and the collections that thin margins depend on.",https://elevateaura.co.in/aura-business/software-for-medical-consumables-distributors/,index,Answer;BreadcrumbList;FAQPage;ListItem;Organization;Person;PostalAddress;Question;SoftwareApplication,1606,38,yes,yes,KEEP,Generated from seo/build/content
https://elevateaura.co.in/aura-business/software-for-medical-device-importers/,aura-business/software-for-medical-device-importers/index.html,aura-business,Software for Medical Device Importers | Aura Business,"Software for medical device importers, from the consignment to the sub-dealer.","Software for medical device importers: principal authorisations, consignment cost build-up, stock in transit, sub-dealer appointment and interstate despatch.",https://elevateaura.co.in/aura-business/software-for-medical-device-importers/,index,Answer;BreadcrumbList;FAQPage;ListItem;Organization;Person;PostalAddress;Question;SoftwareApplication,1707,37,yes,yes,KEEP,Generated from seo/build/content
https://elevateaura.co.in/aura-business/software-for-surgical-instrument-distributors/,aura-business/software-for-surgical-instrument-distributors/index.html,aura-business,Software for Surgical Instrument Distributors | Aura Business,"Software for surgical instrument distributors, built around sets that travel.","Software for surgical instrument distributors: thousands of SKUs, sets and kits, loan sets out to theatres, sterilisation turnaround and lot traceability.",https://elevateaura.co.in/aura-business/software-for-surgical-instrument-distributors/,index,Answer;BreadcrumbList;FAQPage;ListItem;Organization;Person;PostalAddress;Question;SoftwareApplication,1732,37,yes,yes,KEEP,Generated from seo/build/content
https://elevateaura.co.in/aura-business/tally-integration-crm/,aura-business/tally-integration-crm/index.html,aura-business,Tally Export from CRM for Distributors | Aura Business,"Your operations here, your books where your CA wants them.","Get invoice and payment data out of your operations platform and into the accounting package your CA works in, without retyping and without replacing the books.",https://elevateaura.co.in/aura-business/tally-integration-crm/,index,Answer;BreadcrumbList;FAQPage;ListItem;Organization;Person;PostalAddress;Question;SoftwareApplication,1548,39,yes,yes,KEEP,Generated from seo/build/content
https://elevateaura.co.in/aura-business/territory-management-software/,aura-business/territory-management-software/index.html,aura-business,Territory Management Software for Medical Sales Teams,"One hospital, one owner, one target it counts towards.","Divide accounts by geography or segment, give each territory one owner and a target, and stop two reps arriving at the same hospital in one week.",https://elevateaura.co.in/aura-business/territory-management-software/,index,Answer;BreadcrumbList;FAQPage;ListItem;Organization;Person;PostalAddress;Question;SoftwareApplication,1447,38,yes,yes,KEEP,Generated from seo/build/content
https://elevateaura.co.in/aura-business/whatsapp-payment-reminder-software/,aura-business/whatsapp-payment-reminder-software/index.html,aura-business,WhatsApp Payment Reminder Software for Dealers | Aura,WhatsApp payment reminders that go out on a schedule and stop when you are paid.,"WhatsApp payment reminder software that sends outstanding reminders on a schedule, with invoice details in the message, and stops as soon as you are paid.",https://elevateaura.co.in/aura-business/whatsapp-payment-reminder-software/,index,Answer;BreadcrumbList;FAQPage;ListItem;Organization;Person;PostalAddress;Question;SoftwareApplication,1447,37,yes,yes,KEEP,Generated from seo/build/content
https://elevateaura.co.in/aura-learn/certification-training-platform/,aura-learn/certification-training-platform/index.html,aura-learn,Certification Training Platform | Aura Learn,A certification platform where every course ends in a certificate on the record.,"Certification training platform: run courses that end in a certificate, track compliance for regulated training and keep a record per learner of every pass.",https://elevateaura.co.in/aura-learn/certification-training-platform/,index,Answer;BreadcrumbList;FAQPage;ListItem;Organization;Person;PostalAddress;Question;SoftwareApplication,1306,35,yes,yes,KEEP,Generated from seo/build/content
https://elevateaura.co.in/aura-learn/coaching-institute-management-software/,aura-learn/coaching-institute-management-software/index.html,aura-learn,Coaching Institute Management Software | Aura Learn,"Coaching institute software that runs batches, fees and tests from one desk.","Coaching institute management software with batches, timetable, GST fee collection, a learner app, mock tests and WhatsApp reminders. Unlimited learners.",https://elevateaura.co.in/aura-learn/coaching-institute-management-software/,index,Answer;BreadcrumbList;FAQPage;ListItem;Organization;Person;PostalAddress;Question;SoftwareApplication,1370,35,yes,yes,KEEP,Generated from seo/build/content
https://elevateaura.co.in/aura-learn/corporate-training-lms/,aura-learn/corporate-training-lms/index.html,aura-learn,Corporate Training LMS | Train Staff and Field Teams | Aura Learn,A corporate training LMS built for the staff who are never at a desk.,"Corporate training LMS for your own staff and field teams: offline lessons in a mobile app, batches by region, progress dashboards and unlimited learners.",https://elevateaura.co.in/aura-learn/corporate-training-lms/,index,Answer;BreadcrumbList;FAQPage;ListItem;Organization;Person;PostalAddress;Question;SoftwareApplication,1329,36,yes,yes,KEEP,Generated from seo/build/content
https://elevateaura.co.in/aura-learn/course-management-software/,aura-learn/course-management-software/index.html,aura-learn,Course Management Software | Aura Learn,Course management software from author to sale.,"Course management software to author, price, sell and deliver online courses: modules, video, drip release, bundles, coupons and GST payments.",https://elevateaura.co.in/aura-learn/course-management-software/,index,Answer;BreadcrumbList;FAQPage;ListItem;Organization;PostalAddress;Question;SoftwareApplication,828,30,yes,yes,IMPROVE,"Hand-built cluster page; tracking, schema fix and further-reading links added"
https://elevateaura.co.in/aura-learn/custom-lms-development/,aura-learn/custom-lms-development/index.html,aura-learn,Custom LMS Development | Aura Learn,"Custom LMS development, when a template will not do.","Custom LMS development: a learning platform built to your exact model, with the integrations, workflows and branding you need.",https://elevateaura.co.in/aura-learn/custom-lms-development/,index,Answer;BreadcrumbList;FAQPage;ListItem;Organization;Person;PostalAddress;Question;Service,921,30,yes,yes,IMPROVE,"Hand-built cluster page; tracking, schema fix and further-reading links added"
https://elevateaura.co.in/aura-learn/exam-preparation-platform/,aura-learn/exam-preparation-platform/index.html,aura-learn,Exam Preparation Platform | Aura Learn,An exam preparation platform aspirants open every day.,"An exam preparation platform for coaching institutes: video lessons, a mock test series with ranking, daily current-affairs quizzes and doubt solving.",https://elevateaura.co.in/aura-learn/exam-preparation-platform/,index,Answer;BreadcrumbList;FAQPage;ListItem;Organization;PostalAddress;Question;SoftwareApplication,856,31,yes,yes,IMPROVE,"Hand-built cluster page; tracking, schema fix and further-reading links added"
https://elevateaura.co.in/aura-learn/healthcare-training-lms/,aura-learn/healthcare-training-lms/index.html,aura-learn,Healthcare Staff Training Software | Aura Learn,Healthcare training software that certifies the people who touch the equipment.,"Healthcare staff training software to certify service engineers, clinical and front-desk staff on equipment and protocols, with offline lessons and certificates.",https://elevateaura.co.in/aura-learn/healthcare-training-lms/,index,Answer;BreadcrumbList;FAQPage;ListItem;Organization;Person;PostalAddress;Question;SoftwareApplication,1302,34,yes,yes,KEEP,Generated from seo/build/content
https://elevateaura.co.in/aura-learn/learning-app-development/,aura-learn/learning-app-development/index.html,aura-learn,Learning App Development | Aura Learn,"Learning app development, from your idea to the Play Store.","Learning app development: a branded Android and iOS learning app with offline lessons, push notifications, in-app payments and Play Store publishing.",https://elevateaura.co.in/aura-learn/learning-app-development/,index,Answer;BreadcrumbList;FAQPage;ListItem;Organization;Person;PostalAddress;Question;Service,901,29,yes,yes,IMPROVE,"Hand-built cluster page; tracking, schema fix and further-reading links added"
https://elevateaura.co.in/aura-learn/learning-management-system/,aura-learn/learning-management-system/index.html,aura-learn,Learning Management System | Aura Learn,A learning management system your students actually open.,"A learning management system with a learner app and instructor dashboard: courses, video, quizzes, mock tests, certificates and live classes, for unlimited learners.",https://elevateaura.co.in/aura-learn/learning-management-system/,index,Answer;BreadcrumbList;FAQPage;ListItem;Organization;Person;PostalAddress;Question;SoftwareApplication,1032,33,yes,yes,IMPROVE,"Hand-built cluster page; tracking, schema fix and further-reading links added"
https://elevateaura.co.in/aura-learn/lms-pricing/,aura-learn/lms-pricing/index.html,aura-learn,LMS Pricing in India: What Drives Cost | Aura Learn,LMS pricing in India: why per-learner billing breaks.,"LMS pricing in India explained: why per-learner billing breaks a growing institute, what really drives a quote, and how Aura Learn keeps learners unlimited.",https://elevateaura.co.in/aura-learn/lms-pricing/,index,Answer;BreadcrumbList;FAQPage;ListItem;Organization;Person;PostalAddress;Question;SoftwareApplication,1408,35,yes,yes,KEEP,Generated from seo/build/content
https://elevateaura.co.in/aura-learn/lms-software/,aura-learn/lms-software/index.html,aura-learn,LMS Software | Custom Learning Platform for Institutes | Aura Learn,"LMS software built around your institute, not a template.","LMS software built around your institute: your branding, learner app, instructor dashboard, courses, exams, live classes and analytics, for unlimited learners.",https://elevateaura.co.in/aura-learn/lms-software/,index,Answer;BreadcrumbList;FAQPage;ListItem;Organization;PostalAddress;Question;SoftwareApplication,818,31,yes,yes,IMPROVE,"Hand-built cluster page; tracking, schema fix and further-reading links added"
https://elevateaura.co.in/aura-learn/mock-test-platform/,aura-learn/mock-test-platform/index.html,aura-learn,Mock Test Platform | Aura Learn,A mock test platform that grades the paper the moment the learner submits.,"Mock test platform for coaching and exam prep: build timed tests from a question bank, grade on submission, show instant scores with review, track every learner.",https://elevateaura.co.in/aura-learn/mock-test-platform/,index,Answer;BreadcrumbList;FAQPage;ListItem;Organization;Person;PostalAddress;Question;SoftwareApplication,1333,36,yes,yes,KEEP,Generated from seo/build/content
https://elevateaura.co.in/aura-learn/online-assessment-platform/,aura-learn/online-assessment-platform/index.html,aura-learn,Online Assessment Platform | Aura Learn,"An online assessment platform that grades, records and certifies without a marker.","Online assessment platform for training and hiring-style evaluation: assessments graded automatically, certificates on a pass, and a record kept per candidate.",https://elevateaura.co.in/aura-learn/online-assessment-platform/,index,Answer;BreadcrumbList;FAQPage;ListItem;Organization;Person;PostalAddress;Question;SoftwareApplication,1303,34,yes,yes,KEEP,Generated from seo/build/content
https://elevateaura.co.in/aura-learn/online-exam-platform/,aura-learn/online-exam-platform/index.html,aura-learn,Online Exam Platform | Aura Learn,An online exam platform that feels like the real thing.,"Online exam platform with timed tests, sectioned papers, negative marking, question banks, instant results and all-India ranking.",https://elevateaura.co.in/aura-learn/online-exam-platform/,index,Answer;BreadcrumbList;FAQPage;ListItem;Organization;PostalAddress;Question;SoftwareApplication,845,29,yes,yes,IMPROVE,"Hand-built cluster page; tracking, schema fix and further-reading links added"
https://elevateaura.co.in/aura-learn/online-quiz-platform/,aura-learn/online-quiz-platform/index.html,aura-learn,Online Quiz Platform | Aura Learn,An online quiz platform that builds a daily habit.,"Online quiz platform for quick, gamified practice: daily quizzes, instant feedback, streaks and leaderboards that keep learners coming back.",https://elevateaura.co.in/aura-learn/online-quiz-platform/,index,Answer;BreadcrumbList;FAQPage;ListItem;Organization;PostalAddress;Question;SoftwareApplication,830,28,yes,yes,IMPROVE,"Hand-built cluster page; tracking, schema fix and further-reading links added"
https://elevateaura.co.in/aura-learn/question-bank-software/,aura-learn/question-bank-software/index.html,aura-learn,"Question Bank Software | Build, Tag, Reuse Questions | Aura Learn",Question bank software that writes a question once and uses it everywhere.,"Question bank software for coaching and training: organise questions by subject and topic, reuse them across quizzes and mock tests.",https://elevateaura.co.in/aura-learn/question-bank-software/,index,Answer;BreadcrumbList;FAQPage;ListItem;Organization;Person;PostalAddress;Question;SoftwareApplication,1324,36,yes,yes,KEEP,Generated from seo/build/content
https://elevateaura.co.in/aura-learn/student-management-system/,aura-learn/student-management-system/index.html,aura-learn,Student Management System | Aura Learn,A student management system that runs the whole institute.,"Student management system for coaching centres and institutes: admissions, batches, attendance, fee tracking, student profiles and WhatsApp communication.",https://elevateaura.co.in/aura-learn/student-management-system/,index,Answer;BreadcrumbList;FAQPage;ListItem;Organization;PostalAddress;Question;SoftwareApplication,851,30,yes,yes,IMPROVE,"Hand-built cluster page; tracking, schema fix and further-reading links added"
https://elevateaura.co.in/aura-learn/training-management-software/,aura-learn/training-management-software/index.html,aura-learn,Training Management Software | Aura Learn,Training management software for teams that have to be trained.,"Training management software for companies and field teams: assign training programmes, track completion and compliance, run assessments and issue certificates.",https://elevateaura.co.in/aura-learn/training-management-software/,index,Answer;BreadcrumbList;FAQPage;ListItem;Organization;PostalAddress;Question;SoftwareApplication,810,29,yes,yes,IMPROVE,"Hand-built cluster page; tracking, schema fix and further-reading links added"
https://elevateaura.co.in/auracare/12-24-hour-home-nursing/,auracare/12-24-hour-home-nursing/index.html,auracare,"12 & 24 Hour Home Nursing | Overnight Nurse Care, Auracare","12 hour, 24 hour and overnight home nursing.","12 hour, 24 hour and overnight home nursing in Chengalpattu and South Chennai. Round-the-clock registered-nurse care for bedridden.",https://elevateaura.co.in/auracare/12-24-hour-home-nursing/,index,Answer;BreadcrumbList;FAQPage;ListItem;MedicalBusiness;Place;PostalAddress;Question;Service,784,23,yes,yes,IMPROVE,"Hand-built cluster page; tracking, schema fix and further-reading links added"
https://elevateaura.co.in/auracare/catheter-ryles-tube-care/,auracare/catheter-ryles-tube-care/index.html,auracare,Catheter & Ryles Tube Care at Home,"Catheter and Ryles tube care at home, done safely.",Urinary catheter and Ryles tube care at home by a registered nurse in Chengalpattu and South Chennai.,https://elevateaura.co.in/auracare/catheter-ryles-tube-care/,index,Answer;BreadcrumbList;FAQPage;ListItem;MedicalBusiness;Place;PostalAddress;Question;Service,790,21,yes,yes,IMPROVE,"Hand-built cluster page; tracking, schema fix and further-reading links added"
https://elevateaura.co.in/auracare/chronic-care-home-nursing/,auracare/chronic-care-home-nursing/index.html,auracare,"Chronic Care Home Nursing | Long-Term Nurse Care, Auracare",Chronic care home nursing for the long haul.,"Chronic care home nursing in Chengalpattu and South Chennai for diabetes, kidney disease, stroke recovery, COPD and palliative needs.",https://elevateaura.co.in/auracare/chronic-care-home-nursing/,index,Answer;BreadcrumbList;FAQPage;ListItem;MedicalBusiness;Place;PostalAddress;Question;Service,778,21,yes,yes,IMPROVE,"Hand-built cluster page; tracking, schema fix and further-reading links added"
https://elevateaura.co.in/auracare/elderly-home-care/,auracare/elderly-home-care/index.html,auracare,Elderly Home Care in Chengalpattu,"Elderly home care that keeps your parents safe, at home.","Nurse-led elderly home care in the Chengalpattu and South Chennai belt: medication, diabetes and BP monitoring, mobility, hygiene and bedridden care at home.",https://elevateaura.co.in/auracare/elderly-home-care/,index,Answer;BreadcrumbList;FAQPage;ListItem;MedicalBusiness;Place;PostalAddress;Question;Service,847,22,yes,yes,IMPROVE,"Hand-built cluster page; tracking, schema fix and further-reading links added"
https://elevateaura.co.in/auracare/home-healthcare-services-chennai/,auracare/home-healthcare-services-chennai/index.html,auracare,Home Healthcare Services in Chennai & Chengalpattu | Auracare,"Home healthcare services, built around a nurse you can trust.","Complete home healthcare in the Chennai and Chengalpattu belt, built around registered-nurse care, with guidance on attenders, physiotherapy and equipment.",https://elevateaura.co.in/auracare/home-healthcare-services-chennai/,index,Answer;BreadcrumbList;FAQPage;ListItem;MedicalBusiness;Organization;PostalAddress;Question,818,24,yes,yes,IMPROVE,"Hand-built cluster page; tracking, schema fix and further-reading links added"
https://elevateaura.co.in/auracare/home-injection-iv-services/,auracare/home-injection-iv-services/index.html,auracare,Home Injection & IV Services,"Injections and IV therapy at home, given by a nurse.","Registered-nurse injections and IV therapy at home in Chengalpattu and South Chennai. Insulin, IM and SC injections, IV antibiotics, fluids and cannula care.",https://elevateaura.co.in/auracare/home-injection-iv-services/,index,Answer;BreadcrumbList;FAQPage;ListItem;MedicalBusiness;Place;PostalAddress;Question;Service,785,21,yes,yes,IMPROVE,"Hand-built cluster page; tracking, schema fix and further-reading links added"
https://elevateaura.co.in/auracare/home-nursing-services-chennai/,auracare/home-nursing-services-chennai/index.html,auracare,Home Nursing Services in Chennai & Chengalpattu | Auracare,Home nursing services across South Chennai and Chengalpattu.,"Registered-nurse home nursing across the South Chennai and Chengalpattu belt: Maraimalai Nagar, Singaperumal Koil, Guduvancheri and Mahindra City.",https://elevateaura.co.in/auracare/home-nursing-services-chennai/,index,Answer;BreadcrumbList;FAQPage;ListItem;MedicalBusiness;Organization;PostalAddress;Question,885,25,yes,yes,IMPROVE,"Hand-built cluster page; tracking, schema fix and further-reading links added"
https://elevateaura.co.in/auracare/home-nursing-services/,auracare/home-nursing-services/index.html,auracare,"Home Nursing Services | Registered Nurse Home Visits, Auracare","Home nursing services, delivered by a registered nurse at your door.",Auracare provides registered-nurse home nursing services in the Chengalpattu and South Chennai belt.,https://elevateaura.co.in/auracare/home-nursing-services/,index,Answer;BreadcrumbList;FAQPage;ListItem;MedicalBusiness;Organization;Place;PostalAddress;Question;Service,1420,22,yes,yes,IMPROVE,"Hand-built cluster page; tracking, schema fix and further-reading links added"
https://elevateaura.co.in/auracare/post-hospitalization-home-care/,auracare/post-hospitalization-home-care/index.html,auracare,Post-Hospitalization Home Care,Post-hospitalization home care that gets recovery right.,"Post-hospitalisation home care by a registered nurse in Chengalpattu and South Chennai: wound and drain care, medication, vitals and mobility support after discharge.",https://elevateaura.co.in/auracare/post-hospitalization-home-care/,index,Answer;BreadcrumbList;FAQPage;ListItem;MedicalBusiness;Place;PostalAddress;Question;Service,823,23,yes,yes,IMPROVE,"Hand-built cluster page; tracking, schema fix and further-reading links added"
https://elevateaura.co.in/auracare/wound-dressing-at-home/,auracare/wound-dressing-at-home/index.html,auracare,"Wound Dressing at Home | Nurse Wound Care, Auracare Chengalpattu","Wound dressing at home, done cleanly and watched closely.","Professional wound dressing at home by a registered nurse in Chengalpattu and South Chennai. Surgical wounds, diabetic foot ulcers.",https://elevateaura.co.in/auracare/wound-dressing-at-home/,index,Answer;BreadcrumbList;FAQPage;ListItem;MedicalBusiness;Place;PostalAddress;Question;Service,775,23,yes,yes,IMPROVE,"Hand-built cluster page; tracking, schema fix and further-reading links added"
https://elevateaura.co.in/aurapacs/cloud-pacs-software/,aurapacs/cloud-pacs-software/index.html,aurapacs,Cloud PACS Software | AuraPACS,Cloud PACS with the speed of on-premise.,Cloud PACS software with a hybrid design: an on-premise node keeps your imaging fast and available even without internet.,https://elevateaura.co.in/aurapacs/cloud-pacs-software/,index,Answer;BreadcrumbList;FAQPage;ListItem;Organization;PostalAddress;Question;SoftwareApplication,844,28,yes,yes,IMPROVE,"Hand-built cluster page; tracking, schema fix and further-reading links added"
https://elevateaura.co.in/aurapacs/diagnostic-centre-pacs/,aurapacs/diagnostic-centre-pacs/index.html,aurapacs,Diagnostic Centre PACS | AuraPACS,"PACS built for a diagnostic centre, not an IT department.","PACS for diagnostic and imaging centres: go filmless, deliver reports to referring doctors on WhatsApp, and run billing, all without a big IT team.",https://elevateaura.co.in/aurapacs/diagnostic-centre-pacs/,index,Answer;BreadcrumbList;FAQPage;ListItem;Organization;PostalAddress;Question;SoftwareApplication,847,27,yes,yes,IMPROVE,"Hand-built cluster page; tracking, schema fix and further-reading links added"
https://elevateaura.co.in/aurapacs/dicom-server-software/,aurapacs/dicom-server-software/index.html,aurapacs,"DICOM Server Software | Receive, Store, Worklist Node | AuraPACS","DICOM server software: the node that receives, stores and serves every study.","DICOM server software explained for centre IT: AE titles, ports, pointing each modality at the node, and the worklist service that fills in patient details.",https://elevateaura.co.in/aurapacs/dicom-server-software/,index,Answer;BreadcrumbList;FAQPage;ListItem;Organization;Person;PostalAddress;Question;SoftwareApplication,1420,35,yes,yes,KEEP,Generated from seo/build/content
https://elevateaura.co.in/aurapacs/dicom-viewer/,aurapacs/dicom-viewer/index.html,aurapacs,DICOM Viewer | Zero-Download Browser Medical Image Viewer | AuraPACS,"A DICOM viewer that opens in the browser, on any device.","A zero-download DICOM viewer that runs in any web browser: windowing, pan, zoom, measure and compare prior studies.",https://elevateaura.co.in/aurapacs/dicom-viewer/,index,Answer;BreadcrumbList;FAQPage;ListItem;Organization;PostalAddress;Question;SoftwareApplication,834,29,yes,yes,IMPROVE,"Hand-built cluster page; tracking, schema fix and further-reading links added"
https://elevateaura.co.in/aurapacs/dicom-worklist-software/,aurapacs/dicom-worklist-software/index.html,aurapacs,DICOM Worklist Software | Modality Worklist (MWL) | AuraPACS,"DICOM worklist software so techs select, not type.","DICOM worklist software (modality worklist / MWL) that pushes scheduled patient details straight to your CT, MRI and X-ray.",https://elevateaura.co.in/aurapacs/dicom-worklist-software/,index,Answer;BreadcrumbList;FAQPage;ListItem;Organization;PostalAddress;Question;SoftwareApplication,887,28,yes,yes,IMPROVE,"Hand-built cluster page; tracking, schema fix and further-reading links added"
https://elevateaura.co.in/aurapacs/digital-x-ray-pacs/,aurapacs/digital-x-ray-pacs/index.html,aurapacs,"Digital X-Ray PACS | CR/DR Archive, Filmless Viewing | AuraPACS",Digital X-ray PACS: go filmless and let the OPD doctor see the image in a browser.,"Digital X-ray PACS for CR and DR: go filmless, archive every exposure on your own node, let OPD doctors open the image in a browser and send it to the patient.",https://elevateaura.co.in/aurapacs/digital-x-ray-pacs/,index,Answer;BreadcrumbList;FAQPage;ListItem;Organization;Person;PostalAddress;Question;SoftwareApplication,1310,35,yes,yes,KEEP,Generated from seo/build/content
https://elevateaura.co.in/aurapacs/hospital-pacs-software/,aurapacs/hospital-pacs-software/index.html,aurapacs,Hospital PACS Software | AuraPACS,Hospital PACS with one archive for every department.,"Hospital PACS software: one central imaging archive across departments and modalities, browser viewing at the bedside, remote reading and role-based access.",https://elevateaura.co.in/aurapacs/hospital-pacs-software/,index,Answer;BreadcrumbList;FAQPage;ListItem;Organization;PostalAddress;Question;SoftwareApplication,810,29,yes,yes,IMPROVE,"Hand-built cluster page; tracking, schema fix and further-reading links added"
https://elevateaura.co.in/aurapacs/hybrid-pacs/,aurapacs/hybrid-pacs/index.html,aurapacs,Hybrid PACS | On-Premise Node Plus Cloud Layer | AuraPACS,"Hybrid PACS: local where it must be fast, cloud where it must be reachable.","Hybrid PACS explained: which parts of AuraPACS run on the node in your centre, which run in the cloud, and exactly what keeps working when power or internet fails.",https://elevateaura.co.in/aurapacs/hybrid-pacs/,index,Answer;BreadcrumbList;FAQPage;ListItem;Organization;Person;PostalAddress;Question;SoftwareApplication,1345,35,yes,yes,KEEP,Generated from seo/build/content
https://elevateaura.co.in/aurapacs/imaging-centre-software/,aurapacs/imaging-centre-software/index.html,aurapacs,Imaging Centre Software | Desk to Report to GST Bill | AuraPACS,"Imaging centre software that runs the whole centre, from front desk to GST invoice.","Imaging centre software that runs the whole centre: front desk scheduling, worklist to the machines, browser viewer, reporting, GST billing.",https://elevateaura.co.in/aurapacs/imaging-centre-software/,index,Answer;BreadcrumbList;FAQPage;ListItem;Organization;Person;PostalAddress;Question;SoftwareApplication,1256,35,yes,yes,KEEP,Generated from seo/build/content
https://elevateaura.co.in/aurapacs/mammography-pacs/,aurapacs/mammography-pacs/index.html,aurapacs,Mammography PACS | High-Resolution Images and Priors,"Mammography PACS built for large, detailed images and comparison with the last round.","Mammography PACS for large high-resolution images: careful window/level in the browser, prior screening rounds beside today's.",https://elevateaura.co.in/aurapacs/mammography-pacs/,index,Answer;BreadcrumbList;FAQPage;ListItem;Organization;Person;PostalAddress;Question;SoftwareApplication,1240,35,yes,yes,KEEP,Generated from seo/build/content
https://elevateaura.co.in/aurapacs/medical-image-archive-storage/,aurapacs/medical-image-archive-storage/index.html,aurapacs,"Medical Image Storage and Archive | Indexed, Backed Up | AuraPACS","Medical image storage that is indexed, searchable and backed up, on hardware you own.","Medical image storage and archive on your own hardware: every study indexed by patient, study and series, searchable history.",https://elevateaura.co.in/aurapacs/medical-image-archive-storage/,index,Answer;BreadcrumbList;FAQPage;ListItem;Organization;Person;PostalAddress;Question;SoftwareApplication,1347,35,yes,yes,KEEP,Generated from seo/build/content
https://elevateaura.co.in/aurapacs/medical-imaging-software/,aurapacs/medical-imaging-software/index.html,aurapacs,Medical Imaging Software | AuraPACS,Medical imaging software that ends the era of CDs and film.,"Medical imaging software to store every scan, read it in any browser and share reports on WhatsApp. Hybrid on-premise and cloud, with a DICOM viewer.",https://elevateaura.co.in/aurapacs/medical-imaging-software/,index,Answer;BreadcrumbList;FAQPage;ListItem;Organization;PostalAddress;Question;SoftwareApplication,779,30,yes,yes,IMPROVE,"Hand-built cluster page; tracking, schema fix and further-reading links added"
https://elevateaura.co.in/aurapacs/on-premise-pacs/,aurapacs/on-premise-pacs/index.html,aurapacs,On-Premise PACS | Images on Your Own Machine | AuraPACS,"On-premise PACS: your images on your own machine, readable when the internet is not.","On-premise PACS that receives, stores and serves studies on a node inside your centre, so scanning and reading continue without internet.",https://elevateaura.co.in/aurapacs/on-premise-pacs/,index,Answer;BreadcrumbList;FAQPage;ListItem;Organization;Person;PostalAddress;Question;SoftwareApplication,1406,34,yes,yes,KEEP,Generated from seo/build/content
https://elevateaura.co.in/aurapacs/pacs-for-ct-scan-centres/,aurapacs/pacs-for-ct-scan-centres/index.html,aurapacs,PACS for CT Scan Centres | Worklist to Report | AuraPACS,"PACS for CT scan centres that handle high-volume, multi-slice studies all day.","PACS for CT scan centres: receive multi-slice studies straight from the scanner, plan storage growth, push the worklist to the CT.",https://elevateaura.co.in/aurapacs/pacs-for-ct-scan-centres/,index,Answer;BreadcrumbList;FAQPage;ListItem;Organization;Person;PostalAddress;Question;SoftwareApplication,1365,35,yes,yes,KEEP,Generated from seo/build/content
https://elevateaura.co.in/aurapacs/pacs-for-mri-centres/,aurapacs/pacs-for-mri-centres/index.html,aurapacs,PACS for MRI Centres | Priors and Remote Reading | AuraPACS,PACS for MRI centres where the radiologist is not always in the building.,"PACS for MRI centres: long multi-series studies received straight from the scanner, priors opened beside today’s study, and reading from home in a browser.",https://elevateaura.co.in/aurapacs/pacs-for-mri-centres/,index,Answer;BreadcrumbList;FAQPage;ListItem;Organization;Person;PostalAddress;Question;SoftwareApplication,1342,35,yes,yes,KEEP,Generated from seo/build/content
https://elevateaura.co.in/aurapacs/pacs-software-chennai/,aurapacs/pacs-software-chennai/index.html,aurapacs,PACS Software in Chennai | AuraPACS,"PACS software in Chennai, set up by a team you can meet.","PACS software in Chennai from a Chennai team. On-site setup of the on-premise node, modality connection, branding and local support for clinics.",https://elevateaura.co.in/aurapacs/pacs-software-chennai/,index,Answer;BreadcrumbList;FAQPage;ListItem;MedicalBusiness;Organization;PostalAddress;Question,882,29,yes,yes,IMPROVE,"Hand-built cluster page; tracking, schema fix and further-reading links added"
https://elevateaura.co.in/aurapacs/pacs-software-coimbatore/,aurapacs/pacs-software-coimbatore/index.html,aurapacs,PACS Software in Coimbatore | On-Site Setup | AuraPACS,"PACS software for Coimbatore, with the node installed on your own network in person.","PACS software for Coimbatore diagnostic centres and hospitals, with the on-premise node installed and modalities connected on site by travel from Chennai.",https://elevateaura.co.in/aurapacs/pacs-software-coimbatore/,index,Answer;BreadcrumbList;FAQPage;ListItem;Organization;Person;PostalAddress;Question;SoftwareApplication,1344,36,yes,yes,KEEP,Generated from seo/build/content
https://elevateaura.co.in/aurapacs/pacs-software-india/,aurapacs/pacs-software-india/index.html,aurapacs,PACS Software India | Built for Indian Imaging Centres | AuraPACS,"PACS software for India, built around how Indian centres actually run.","PACS software for India: hybrid so power cuts and weak internet do not stop reading, GST invoicing built in, WhatsApp as the referral channel.",https://elevateaura.co.in/aurapacs/pacs-software-india/,index,Answer;BreadcrumbList;FAQPage;ListItem;Organization;Person;PostalAddress;Question;SoftwareApplication,1204,35,yes,yes,KEEP,Generated from seo/build/content
https://elevateaura.co.in/aurapacs/pacs-software-kenya/,aurapacs/pacs-software-kenya/index.html,aurapacs,"PACS Software Kenya | Hybrid, Remote Deployment | AuraPACS","PACS software for Kenya: images on your own node, read in a browser, shared on WhatsApp.","PACS software for Kenya: a hybrid on-premise node that works through outages, browser viewing on modest bandwidth.",https://elevateaura.co.in/aurapacs/pacs-software-kenya/,index,Answer;BreadcrumbList;FAQPage;ListItem;Organization;Person;PostalAddress;Question;SoftwareApplication,1259,37,yes,yes,KEEP,Generated from seo/build/content
https://elevateaura.co.in/aurapacs/pacs-software-madurai/,aurapacs/pacs-software-madurai/index.html,aurapacs,PACS Software in Madurai | On-Site Node Install | AuraPACS,"PACS software for Madurai, where the report has to travel further than the patient.","PACS software for Madurai centres serving the southern districts: on-premise node installed on site, browser reading and reports shared on WhatsApp.",https://elevateaura.co.in/aurapacs/pacs-software-madurai/,index,Answer;BreadcrumbList;FAQPage;ListItem;Organization;Person;PostalAddress;Question;SoftwareApplication,1342,33,yes,yes,KEEP,Generated from seo/build/content
https://elevateaura.co.in/aurapacs/pacs-software-nigeria/,aurapacs/pacs-software-nigeria/index.html,aurapacs,PACS Software Nigeria | Works Through Outages | AuraPACS,PACS software for Nigeria that keeps reading when power and internet do not.,"PACS software for Nigeria: an on-premise node that keeps working through power and internet outages, low-bandwidth browser viewing.",https://elevateaura.co.in/aurapacs/pacs-software-nigeria/,index,Answer;BreadcrumbList;FAQPage;ListItem;Organization;Person;PostalAddress;Question;SoftwareApplication,1241,36,yes,yes,KEEP,Generated from seo/build/content
https://elevateaura.co.in/aurapacs/pacs-software-pricing/,aurapacs/pacs-software-pricing/index.html,aurapacs,PACS Software Pricing Models Explained | AuraPACS,"PACS software pricing: three models, five years apart.","PACS software pricing: how per-study, subscription and owned-licence models behave over five years, what moves the quote, and the one exit question to ask.",https://elevateaura.co.in/aurapacs/pacs-software-pricing/,index,Answer;BreadcrumbList;FAQPage;ListItem;Organization;Person;PostalAddress;Question;SoftwareApplication,1446,35,yes,yes,KEEP,Generated from seo/build/content
https://elevateaura.co.in/aurapacs/pacs-software-saudi-arabia/,aurapacs/pacs-software-saudi-arabia/index.html,aurapacs,PACS Software Saudi Arabia | Remote Deployment | AuraPACS,"PACS software for Saudi Arabia: a node on your network, set up remotely.","PACS software for Saudi Arabia: hybrid on-premise node installed by your IT with remote guidance from Chennai, cloud layer for remote reading and backup.",https://elevateaura.co.in/aurapacs/pacs-software-saudi-arabia/,index,Answer;BreadcrumbList;FAQPage;ListItem;Organization;Person;PostalAddress;Question;SoftwareApplication,1244,36,yes,yes,KEEP,Generated from seo/build/content
https://elevateaura.co.in/aurapacs/pacs-software-uae/,aurapacs/pacs-software-uae/index.html,aurapacs,"PACS Software UAE | Hybrid PACS, Remote Deployment | AuraPACS","PACS software for the UAE, deployed remotely onto your own network.","PACS software for UAE clinics and imaging centres: an on-premise node installed by your IT with remote guidance, cloud layer for remote reading and backup.",https://elevateaura.co.in/aurapacs/pacs-software-uae/,index,Answer;BreadcrumbList;FAQPage;ListItem;Organization;Person;PostalAddress;Question;SoftwareApplication,1203,36,yes,yes,KEEP,Generated from seo/build/content
https://elevateaura.co.in/aurapacs/pacs-software/,aurapacs/pacs-software/index.html,aurapacs,PACS Software | Browser-Based Medical Image Storage & Viewing | AuraPACS,"PACS software that stores, reads and shares every scan.","AuraPACS is browser-based PACS software for clinics, diagnostic centres and hospitals: store DICOM images, read them in any browser.",https://elevateaura.co.in/aurapacs/pacs-software/,index,Answer;BreadcrumbList;FAQPage;ListItem;Organization;Person;PostalAddress;Question;SoftwareApplication,1120,31,yes,yes,IMPROVE,"Hand-built cluster page; tracking, schema fix and further-reading links added"
https://elevateaura.co.in/aurapacs/radiology-reporting-software/,aurapacs/radiology-reporting-software/index.html,aurapacs,Radiology Reporting Software | Templates to Signed PDF | AuraPACS,Radiology reporting software that goes from template to signed PDF on the study.,"Radiology reporting software with structured templates per modality, sign-off by the radiologist and a finalised PDF attached to the study and the share link.",https://elevateaura.co.in/aurapacs/radiology-reporting-software/,index,Answer;BreadcrumbList;FAQPage;ListItem;Organization;Person;PostalAddress;Question;SoftwareApplication,1289,36,yes,yes,KEEP,Generated from seo/build/content
https://elevateaura.co.in/aurapacs/radiology-workflow-software/,aurapacs/radiology-workflow-software/index.html,aurapacs,Radiology Workflow Software | Worklist to Sign-Off | AuraPACS,Radiology workflow software that shortens turnaround.,Radiology workflow software that moves every study from registration to worklist to reporting to sign-off and distribution.,https://elevateaura.co.in/aurapacs/radiology-workflow-software/,index,Answer;BreadcrumbList;FAQPage;ListItem;Organization;PostalAddress;Question;SoftwareApplication,799,28,yes,yes,IMPROVE,"Hand-built cluster page; tracking, schema fix and further-reading links added"
https://elevateaura.co.in/aurapacs/ris-pacs-software/,aurapacs/ris-pacs-software/index.html,aurapacs,RIS PACS Software | Radiology Information System + PACS | AuraPACS,RIS PACS software that joins the workflow to the images.,"RIS PACS software that joins the radiology information system and PACS: patient registration, scheduling, modality worklist, structured reporting and billing.",https://elevateaura.co.in/aurapacs/ris-pacs-software/,index,Answer;BreadcrumbList;FAQPage;ListItem;Organization;PostalAddress;Question;SoftwareApplication,847,28,yes,yes,IMPROVE,"Hand-built cluster page; tracking, schema fix and further-reading links added"
https://elevateaura.co.in/aurapacs/teleradiology-remote-reading-software/,aurapacs/teleradiology-remote-reading-software/index.html,aurapacs,Remote Reading Software for Radiologists | AuraPACS,"Remote reading software for your own radiologist, from home or a second site.","Remote reading software that lets your own radiologist read from home or a second site in a browser, with role-based access and every view audited.",https://elevateaura.co.in/aurapacs/teleradiology-remote-reading-software/,index,Answer;BreadcrumbList;FAQPage;ListItem;Organization;Person;PostalAddress;Question;SoftwareApplication,1288,35,yes,yes,KEEP,Generated from seo/build/content
https://elevateaura.co.in/aurapacs/ultrasound-pacs/,aurapacs/ultrasound-pacs/index.html,aurapacs,"Ultrasound PACS | Cine Loops, Frames and Reports",Ultrasound PACS that keeps every frame and sends the report with the images.,"Ultrasound PACS that stores every frame and cine loop from the scanner, attaches the sonologist's report with images.",https://elevateaura.co.in/aurapacs/ultrasound-pacs/,index,Answer;BreadcrumbList;FAQPage;ListItem;Organization;Person;PostalAddress;Question;SoftwareApplication,1263,34,yes,yes,KEEP,Generated from seo/build/content
https://elevateaura.co.in/aurapacs/whatsapp-medical-report-sharing/,aurapacs/whatsapp-medical-report-sharing/index.html,aurapacs,WhatsApp Medical Report Sharing | AuraPACS,"WhatsApp medical report sharing: images and report on the referrer's phone, no login.","WhatsApp medical report sharing from your PACS: a secure link puts the images and the signed report on the referrer's or patient's phone, with no login.",https://elevateaura.co.in/aurapacs/whatsapp-medical-report-sharing/,index,Answer;BreadcrumbList;FAQPage;ListItem;Organization;Person;PostalAddress;Question;SoftwareApplication,1359,34,yes,yes,KEEP,Generated from seo/build/content
https://elevateaura.co.in/case-studies/carna-medicare-medical-equipment-distributor-platform/,case-studies/carna-medicare-medical-equipment-distributor-platform/index.html,case-studies,Medical Equipment Distributor Software Case Study | Elevate Aura,Carna Medicare: a 12-module operations platform for a medical equipment distributor.,"How Carna Medicare, a medical equipment distributor in Chennai, moved from WhatsApp and Excel to a 12-module operations platform shipped in 30 days.",https://elevateaura.co.in/case-studies/carna-medicare-medical-equipment-distributor-platform/,index,Answer;Article;BreadcrumbList;FAQPage;ImageObject;ListItem;Organization;Person;Question,1266,31,yes,yes,KEEP,Generated from seo/build/content
https://elevateaura.co.in/case-studies/exam-prep-learning-app/,case-studies/exam-prep-learning-app/index.html,case-studies,Exam Preparation App Case Study | Elevate Aura,"The exam-prep app: an Android product, Telegram bots and content automation.","How Elevate Aura built its own government exam preparation product: an Android app on Google Play, Telegram practice bots and content automation.",https://elevateaura.co.in/case-studies/exam-prep-learning-app/,index,Answer;Article;BreadcrumbList;FAQPage;ImageObject;ListItem;Organization;Person;Question,1151,33,yes,yes,KEEP,Generated from seo/build/content
https://elevateaura.co.in/case-studies/medline-robotics-ecommerce-distributor-platform/,case-studies/medline-robotics-ecommerce-distributor-platform/index.html,case-studies,Medical Equipment E-commerce Case Study | Elevate Aura,"Medline Robotics: a storefront, a distributor portal and 253 SEO pages.","How Medline Robotics, a medical robotics company in Chennai, got a storefront, distributor portal, quote-to-order flow and 253 product and city SEO pages.",https://elevateaura.co.in/case-studies/medline-robotics-ecommerce-distributor-platform/,index,Answer;Article;BreadcrumbList;FAQPage;ImageObject;ListItem;Organization;Person;Question,1213,32,yes,yes,KEEP,Generated from seo/build/content
https://elevateaura.co.in/compare/amc-vs-cmc/,compare/amc-vs-cmc/index.html,compare,AMC vs CMC: What Each Contract Covers | Elevate Aura,"AMC vs CMC: what each contract covers, and who carries the spare-parts risk.","AMC vs CMC explained for equipment dealers and hospitals: what each covers, how each is priced, who carries the spare-parts risk and when to offer which.",https://elevateaura.co.in/compare/amc-vs-cmc/,index,Answer;Article;BreadcrumbList;FAQPage;ImageObject;ListItem;Organization;Person;Question,1446,34,yes,yes,KEEP,Generated from seo/build/content
https://elevateaura.co.in/compare/cloud-pacs-vs-on-premise-pacs/,compare/cloud-pacs-vs-on-premise-pacs/index.html,compare,Cloud PACS vs On-Premise PACS vs Hybrid Compared | Elevate Aura,"Cloud PACS vs on-premise PACS: the trade-offs, and the hybrid middle.","Cloud PACS vs on-premise PACS, plus the hybrid option: internet dependence, who owns the data, backup, cost model and remote reading.",https://elevateaura.co.in/compare/cloud-pacs-vs-on-premise-pacs/,index,Answer;Article;BreadcrumbList;FAQPage;ImageObject;ListItem;Organization;Person;Question,1274,33,yes,yes,KEEP,Generated from seo/build/content
https://elevateaura.co.in/compare/cloud-vs-on-premise-hospital-software/,compare/cloud-vs-on-premise-hospital-software/index.html,compare,Cloud vs On-Premise Hospital Software | Elevate Aura,Cloud vs on-premise hospital software: what happens when the line goes down.,"Cloud vs on-premise hospital management software: internet dependence, who maintains the server, where data sits, what happens in an outage and the cost model.",https://elevateaura.co.in/compare/cloud-vs-on-premise-hospital-software/,index,Answer;Article;BreadcrumbList;FAQPage;ImageObject;ListItem;Organization;Person;Question,1468,32,yes,yes,KEEP,Generated from seo/build/content
https://elevateaura.co.in/compare/crm-vs-erp-for-medical-equipment-distributors/,compare/crm-vs-erp-for-medical-equipment-distributors/index.html,compare,CRM vs ERP for Medical Equipment Distributors | Elevate Aura,CRM vs ERP for a medical equipment distributor: and the gap between them.,"CRM vs ERP for medical equipment distributors: what each covers, where AMC and field service fall between them, and when a full ERP is worth it.",https://elevateaura.co.in/compare/crm-vs-erp-for-medical-equipment-distributors/,index,Answer;Article;BreadcrumbList;FAQPage;ImageObject;ListItem;Organization;Person;Question,1475,35,yes,yes,KEEP,Generated from seo/build/content
https://elevateaura.co.in/compare/field-service-software-vs-whatsapp-groups/,compare/field-service-software-vs-whatsapp-groups/index.html,compare,Field Service Software vs WhatsApp Groups | Elevate Aura,"Field service software vs WhatsApp groups: what the group does well, and what it never records.","Field service software vs WhatsApp groups: why the group works at small scale, and the four things it cannot do once the service business grows.",https://elevateaura.co.in/compare/field-service-software-vs-whatsapp-groups/,index,Answer;Article;BreadcrumbList;FAQPage;ImageObject;ListItem;Organization;Person;Question,1562,32,yes,yes,KEEP,Generated from seo/build/content
https://elevateaura.co.in/compare/generic-crm-vs-medical-equipment-crm/,compare/generic-crm-vs-medical-equipment-crm/index.html,compare,Generic CRM vs Medical Equipment CRM | Elevate Aura,"Generic CRM vs medical equipment CRM: leads only, or lead to renewal.","Generic CRM vs medical equipment CRM: leads-only against lead to renewal, GST billing, field service and AMC, plus when a generic CRM is genuinely enough.",https://elevateaura.co.in/compare/generic-crm-vs-medical-equipment-crm/,index,Answer;Article;BreadcrumbList;FAQPage;ImageObject;ListItem;Organization;Person;Question,1483,34,yes,yes,KEEP,Generated from seo/build/content
https://elevateaura.co.in/compare/hims-vs-emr/,compare/hims-vs-emr/index.html,compare,HIMS vs EMR: Which Does Your Hospital Need | Elevate Aura,"HIMS vs EMR: the whole hospital, or only the doctor's screen.","HIMS vs EMR compared: a whole hospital system against a clinical record alone, what each covers, and when a clinic genuinely needs nothing more than an EMR.",https://elevateaura.co.in/compare/hims-vs-emr/,index,Answer;Article;BreadcrumbList;FAQPage;ImageObject;ListItem;Organization;Person;Question,1387,34,yes,yes,KEEP,Generated from seo/build/content
https://elevateaura.co.in/compare/hims-vs-hospital-erp/,compare/hims-vs-hospital-erp/index.html,compare,HIMS vs Hospital ERP: Which Do You Need | Elevate Aura,HIMS vs hospital ERP: the clinical record against the enterprise books.,"HIMS vs hospital ERP compared: clinical record against enterprise resource planning, where billing sits, and what a small hospital actually needs first.",https://elevateaura.co.in/compare/hims-vs-hospital-erp/,index,Answer;Article;BreadcrumbList;FAQPage;ImageObject;ListItem;Organization;Person;Question,1443,34,yes,yes,KEEP,Generated from seo/build/content
https://elevateaura.co.in/compare/lms-vs-youtube-and-whatsapp-for-coaching/,compare/lms-vs-youtube-and-whatsapp-for-coaching/index.html,compare,LMS vs YouTube and WhatsApp for Coaching | Aura Learn,"LMS vs YouTube and WhatsApp: free and blind, or structured and measured.","LMS vs YouTube and WhatsApp for coaching institutes: what free tools do well, what they hide, and when progress, tests and payments need a real platform.",https://elevateaura.co.in/compare/lms-vs-youtube-and-whatsapp-for-coaching/,index,Answer;Article;BreadcrumbList;FAQPage;ImageObject;ListItem;Organization;Person;Question,1490,34,yes,yes,KEEP,Generated from seo/build/content
https://elevateaura.co.in/compare/pacs-vs-cloud-storage/,compare/pacs-vs-cloud-storage/index.html,compare,PACS vs Cloud Storage for DICOM Files: What Changes,PACS vs cloud storage: why a folder of DICOM files is not an archive.,"PACS vs cloud storage compared: why a shared drive of DICOM folders is not an archive, what you lose on search, viewing, worklist, sharing and privacy.",https://elevateaura.co.in/compare/pacs-vs-cloud-storage/,index,Answer;Article;BreadcrumbList;FAQPage;ImageObject;ListItem;Organization;Person;Question,1291,33,yes,yes,KEEP,Generated from seo/build/content
https://elevateaura.co.in/compare/pacs-vs-dicom-viewer/,compare/pacs-vs-dicom-viewer/index.html,compare,PACS vs DICOM Viewer: Which Does Your Centre Need | Elevate Aura,PACS vs DICOM viewer: when a viewer is enough and when you need the whole system.,"PACS vs DICOM viewer, compared honestly. When a free viewer is enough (a CD, one doctor) and when you need the archive.",https://elevateaura.co.in/compare/pacs-vs-dicom-viewer/,index,Answer;Article;BreadcrumbList;FAQPage;ImageObject;ListItem;Organization;Person;Question,1421,35,yes,yes,KEEP,Generated from seo/build/content
https://elevateaura.co.in/compare/per-user-crm-vs-unlimited-user-crm/,compare/per-user-crm-vs-unlimited-user-crm/index.html,compare,Per-User vs Unlimited-User CRM Pricing | Elevate Aura,Per-user vs unlimited-user CRM pricing: how the model changes who gets a login.,"Per-user vs unlimited-user CRM pricing compared: how each model changes who gets an account, and when paying per seat is genuinely the better deal.",https://elevateaura.co.in/compare/per-user-crm-vs-unlimited-user-crm/,index,Answer;Article;BreadcrumbList;FAQPage;ImageObject;ListItem;Organization;Person;Question,1628,30,yes,yes,KEEP,Generated from seo/build/content
https://elevateaura.co.in/compare/spreadsheets-vs-distributor-software/,compare/spreadsheets-vs-distributor-software/index.html,compare,Spreadsheets vs Distributor Software | Elevate Aura,"Spreadsheets vs distributor software: when Excel is enough, and where it breaks.","Spreadsheets vs distributor software: when Excel is genuinely enough, and the four points where it breaks, AMC renewals, stock, collections and field work.",https://elevateaura.co.in/compare/spreadsheets-vs-distributor-software/,index,Answer;Article;BreadcrumbList;FAQPage;ImageObject;ListItem;Organization;Person;Question,1489,34,yes,yes,KEEP,Generated from seo/build/content
https://elevateaura.co.in/compare/tally-vs-distributor-operations-software/,compare/tally-vs-distributor-operations-software/index.html,compare,Tally vs Distributor Operations Software | Elevate Aura,"Tally vs distributor operations software: two different jobs, often done together.","Tally vs distributor operations software: what accounting software is for, what operations software is for, and why most distributors end up running both.",https://elevateaura.co.in/compare/tally-vs-distributor-operations-software/,index,Answer;Article;BreadcrumbList;FAQPage;ImageObject;ListItem;Organization;Person;Question,1485,31,yes,yes,KEEP,Generated from seo/build/content
https://elevateaura.co.in/hims/abha-abdm-ready-hospital-software/,hims/abha-abdm-ready-hospital-software/index.html,hims,ABHA and ABDM Ready Hospital Software | What It Means | HIMS,"ABHA and ABDM ready hospital software, and what that phrase should mean before you sign.","What ABHA and ABDM ready actually means for a hospital, the questions to put to any vendor, and how HIMS is built to support ABHA linking.",https://elevateaura.co.in/hims/abha-abdm-ready-hospital-software/,index,Answer;BreadcrumbList;FAQPage;ListItem;Organization;Person;PostalAddress;Question;SoftwareApplication,1383,34,yes,yes,KEEP,Generated from seo/build/content
https://elevateaura.co.in/hims/ayurveda-hospital-software/,hims/ayurveda-hospital-software/index.html,hims,"Ayurveda Hospital Software | Therapy Rooms, Courses | HIMS","Ayurveda hospital software for treatment that is measured in days, not visits.","Ayurveda hospital software for treatment courses over days or weeks: therapy rooms and therapist time scheduled, in-house dispensary stock and package billing.",https://elevateaura.co.in/hims/ayurveda-hospital-software/,index,Answer;BreadcrumbList;FAQPage;ListItem;Organization;Person;PostalAddress;Question;SoftwareApplication,1409,35,yes,yes,KEEP,Generated from seo/build/content
https://elevateaura.co.in/hims/charitable-hospital-software/,hims/charitable-hospital-software/index.html,hims,Software for Charitable and Trust Hospitals | HIMS,"Software for charitable and trust hospitals, where who pays is part of the record.","Software for charitable and trust hospitals: free, subsidised and paying categories, concessions recorded with an approver, and reporting a board can read.",https://elevateaura.co.in/hims/charitable-hospital-software/,index,Answer;BreadcrumbList;FAQPage;ListItem;Organization;Person;PostalAddress;Question;SoftwareApplication,1397,36,yes,yes,KEEP,Generated from seo/build/content
https://elevateaura.co.in/hims/clinic-management-software-chennai/,hims/clinic-management-software-chennai/index.html,hims,Clinic Management Software in Chennai | Elevate Aura,"Clinic management software for Chennai, built in the same city you practise in.","Clinic management software for Chennai clinics and polyclinics: registration, appointments, EMR, pharmacy and GST billing, set up in person in the same city.",https://elevateaura.co.in/hims/clinic-management-software-chennai/,index,Answer;BreadcrumbList;FAQPage;ListItem;Organization;Person;PostalAddress;Question;SoftwareApplication,1373,39,yes,yes,KEEP,Generated from seo/build/content
https://elevateaura.co.in/hims/clinic-management-software/,hims/clinic-management-software/index.html,hims,Clinic Management Software | HIMS by Elevate Aura,Clinic management software that keeps a busy practice calm.,"Clinic management software for single-doctor and multi-speciality clinics: appointments, patient records, e-prescriptions, GST billing and WhatsApp reminders.",https://elevateaura.co.in/hims/clinic-management-software/,index,Answer;BreadcrumbList;FAQPage;ListItem;Organization;PostalAddress;Question;SoftwareApplication,771,31,yes,yes,IMPROVE,"Hand-built cluster page; tracking, schema fix and further-reading links added"
https://elevateaura.co.in/hims/day-care-centre-software/,hims/day-care-centre-software/index.html,hims,Day Care Centre Software | Same-Day Admission to Bill | HIMS,Day care centre software for treatment that starts and ends the same day.,"Day care centre software for same-day procedures and short stays: admission and discharge in one day, chair and bed turnaround, package billing on one record.",https://elevateaura.co.in/hims/day-care-centre-software/,index,Answer;BreadcrumbList;FAQPage;ListItem;Organization;Person;PostalAddress;Question;SoftwareApplication,1378,37,yes,yes,KEEP,Generated from seo/build/content
https://elevateaura.co.in/hims/dental-clinic-management-software/,hims/dental-clinic-management-software/index.html,hims,Dental Clinic Management Software | Chair to Bill | HIMS,"Dental clinic management software that keeps every visit, note and bill on one patient record.","Dental clinic management software with chair-wise appointments, patient records, treatment notes per visit, billing and follow-up booking on one record.",https://elevateaura.co.in/hims/dental-clinic-management-software/,index,Answer;BreadcrumbList;FAQPage;ListItem;Organization;Person;PostalAddress;Question;SoftwareApplication,1297,37,yes,yes,KEEP,Generated from seo/build/content
https://elevateaura.co.in/hims/diagnostic-centre-management-software/,hims/diagnostic-centre-management-software/index.html,hims,Diagnostic Centre Management Software | HIMS,"Diagnostic centre management software with lab, imaging and billing on one patient record.","Diagnostic centre management software that joins the front desk, laboratory (LIMS), imaging through AuraPACS and GST billing on one record.",https://elevateaura.co.in/hims/diagnostic-centre-management-software/,index,Answer;BreadcrumbList;FAQPage;ListItem;Organization;Person;PostalAddress;Question;SoftwareApplication,1344,37,yes,yes,KEEP,Generated from seo/build/content
https://elevateaura.co.in/hims/doctor-management-software/,hims/doctor-management-software/index.html,hims,Doctor Management Software | HIMS by Elevate Aura,Doctor management that runs every doctor's day on one screen.,"Doctor management software: rosters and availability, live queue, EMR consultation notes, e-prescriptions and consultation-share reports.",https://elevateaura.co.in/hims/doctor-management-software/,index,Answer;BreadcrumbList;FAQPage;ListItem;Organization;PostalAddress;Question;SoftwareApplication,753,29,yes,yes,IMPROVE,"Hand-built cluster page; tracking, schema fix and further-reading links added"
https://elevateaura.co.in/hims/e-prescription-software/,hims/e-prescription-software/index.html,hims,e-Prescription Software India | Written to Dispensed | HIMS,e-Prescription software where the prescription the doctor types is the one the pharmacy dispenses.,"e-Prescription software for Indian hospitals and clinics: prescribe inside the consultation, choose from pharmacy stock, and dispense exactly what was typed.",https://elevateaura.co.in/hims/e-prescription-software/,index,Answer;BreadcrumbList;FAQPage;ListItem;Organization;Person;PostalAddress;Question;SoftwareApplication,1375,36,yes,yes,KEEP,Generated from seo/build/content
https://elevateaura.co.in/hims/emergency-department-software/,hims/emergency-department-software/index.html,hims,Emergency Department Software | Casualty Triage Board | HIMS,Emergency department software with a live casualty triage board and one-step admission.,"Emergency department and casualty software with a live triage board for trauma and medical emergencies, fast registration.",https://elevateaura.co.in/hims/emergency-department-software/,index,Answer;BreadcrumbList;FAQPage;ListItem;Organization;Person;PostalAddress;Question;SoftwareApplication,1311,38,yes,yes,KEEP,Generated from seo/build/content
https://elevateaura.co.in/hims/eye-hospital-management-software/,hims/eye-hospital-management-software/index.html,hims,Eye Hospital Management Software | High OP Volume | HIMS,Eye hospital management software built for a very large outpatient day.,"Eye hospital management software for high outpatient volume: multi-step visits, dilation waits, an optical counter run as stock, day-case theatre and billing.",https://elevateaura.co.in/hims/eye-hospital-management-software/,index,Answer;BreadcrumbList;FAQPage;ListItem;Organization;Person;PostalAddress;Question;SoftwareApplication,1402,35,yes,yes,KEEP,Generated from seo/build/content
https://elevateaura.co.in/hims/hospital-appointment-management/,hims/hospital-appointment-management/index.html,hims,Hospital Appointment Management | HIMS by Elevate Aura,Appointment management that keeps the waiting room moving.,"Hospital appointment management software: online booking, doctor slots, token queue, WhatsApp reminders and walk-in handling.",https://elevateaura.co.in/hims/hospital-appointment-management/,index,Answer;BreadcrumbList;FAQPage;ListItem;Organization;PostalAddress;Question;SoftwareApplication,777,28,yes,yes,IMPROVE,"Hand-built cluster page; tracking, schema fix and further-reading links added"
https://elevateaura.co.in/hims/hospital-asset-management-software/,hims/hospital-asset-management-software/index.html,hims,Hospital Asset Management Software | Biomedical Register | HIMS,"Hospital asset management software for the biomedical department, not the supplier.","Hospital asset management software for the biomedical department: an equipment register with location, service and calibration history, warranty and AMC status.",https://elevateaura.co.in/hims/hospital-asset-management-software/,index,Answer;BreadcrumbList;FAQPage;ListItem;Organization;Person;PostalAddress;Question;SoftwareApplication,1299,36,yes,yes,KEEP,Generated from seo/build/content
https://elevateaura.co.in/hims/hospital-audit-trail-software/,hims/hospital-audit-trail-software/index.html,hims,"Hospital Audit Trail Software | Who Did What, When | HIMS","Hospital audit trail software that can answer who did what, and when.","Hospital audit trail software: entries attributed and timed, edits kept visible and access by role, so billing queries and disputes are settled from the record.",https://elevateaura.co.in/hims/hospital-audit-trail-software/,index,Answer;BreadcrumbList;FAQPage;ListItem;Organization;Person;PostalAddress;Question;SoftwareApplication,1361,35,yes,yes,KEEP,Generated from seo/build/content
https://elevateaura.co.in/hims/hospital-bed-management-software/,hims/hospital-bed-management-software/index.html,hims,Hospital Bed Management Software | Live Ward Occupancy | HIMS,Hospital bed management software that shows every ward and every bed as it is right now.,"Hospital bed management software with live ward and bed occupancy, transfers, ICU step-down, bed release at discharge and occupancy on the hospital dashboard.",https://elevateaura.co.in/hims/hospital-bed-management-software/,index,Answer;BreadcrumbList;FAQPage;ListItem;Organization;Person;PostalAddress;Question;SoftwareApplication,1319,37,yes,yes,KEEP,Generated from seo/build/content
https://elevateaura.co.in/hims/hospital-billing-software/,hims/hospital-billing-software/index.html,hims,Hospital Billing Software | HIMS by Elevate Aura,Hospital billing software that ties the bill to the treatment.,"Hospital billing software that handles cash, insurance and TPA claims and GST-compliant invoicing in one place, tied to the patient record and discharge.",https://elevateaura.co.in/hims/hospital-billing-software/,index,Answer;BreadcrumbList;FAQPage;ListItem;Organization;PostalAddress;Question;SoftwareApplication,841,28,yes,yes,IMPROVE,"Hand-built cluster page; tracking, schema fix and further-reading links added"
https://elevateaura.co.in/hims/hospital-corporate-credit-billing/,hims/hospital-corporate-credit-billing/index.html,hims,Hospital Credit and Corporate Billing Software | Panels | HIMS,Hospital credit and corporate billing that knows which company owes what.,"Hospital credit and corporate billing software: bill companies and panels on credit, see outstanding per organisation and raise statements from the record.",https://elevateaura.co.in/hims/hospital-corporate-credit-billing/,index,Answer;BreadcrumbList;FAQPage;ListItem;Organization;Person;PostalAddress;Question;SoftwareApplication,1309,37,yes,yes,KEEP,Generated from seo/build/content
https://elevateaura.co.in/hims/hospital-emr-software/,hims/hospital-emr-software/index.html,hims,"Hospital EMR Software | Structured Records, e-Prescription | HIMS",Hospital EMR software that keeps one clinical record from the first OP visit to discharge.,"Hospital EMR software with structured history, orders, notes, reports and e-prescription on one record across OP, IP, lab, pharmacy and AuraPACS imaging.",https://elevateaura.co.in/hims/hospital-emr-software/,index,Answer;BreadcrumbList;FAQPage;ListItem;Organization;Person;PostalAddress;Question;SoftwareApplication,1312,37,yes,yes,KEEP,Generated from seo/build/content
https://elevateaura.co.in/hims/hospital-erp-software/,hims/hospital-erp-software/index.html,hims,Hospital ERP Software | Operations Modules in HIMS,"Hospital ERP software, or a hospital system that runs the operations as well as the ward?","Hospital ERP software, honestly: what HIMS covers for consumables, indents, billing, the money view and rosters, and where a finance ERP still differs.",https://elevateaura.co.in/hims/hospital-erp-software/,index,Answer;BreadcrumbList;FAQPage;ListItem;Organization;Person;PostalAddress;Question;SoftwareApplication,1311,38,yes,yes,KEEP,Generated from seo/build/content
https://elevateaura.co.in/hims/hospital-insurance-tpa-billing-software/,hims/hospital-insurance-tpa-billing-software/index.html,hims,"Hospital TPA and Insurance Billing Software | Claims, GST | HIMS","Hospital TPA and insurance billing software where cash, insurer and TPA sit on one bill.","Hospital TPA and insurance billing software: cash, insurer and TPA on one bill, pre-authorisation, claim documents from the record and outstanding per TPA.",https://elevateaura.co.in/hims/hospital-insurance-tpa-billing-software/,index,Answer;BreadcrumbList;FAQPage;ListItem;Organization;Person;PostalAddress;Question;SoftwareApplication,1339,35,yes,yes,KEEP,Generated from seo/build/content
https://elevateaura.co.in/hims/hospital-inventory-management/,hims/hospital-inventory-management/index.html,hims,Hospital Inventory Management Software | HIMS by Elevate Aura,Inventory management so nothing vanishes or expires.,"Hospital inventory management software for central stores: consumables and surgical items by batch and expiry, ward indents, GRN, reorder alerts and asset tracking.",https://elevateaura.co.in/hims/hospital-inventory-management/,index,Answer;BreadcrumbList;FAQPage;ListItem;Organization;PostalAddress;Question;SoftwareApplication,771,29,yes,yes,IMPROVE,"Hand-built cluster page; tracking, schema fix and further-reading links added"
https://elevateaura.co.in/hims/hospital-ipd-management-software/,hims/hospital-ipd-management-software/index.html,hims,Hospital IPD Management Software | Admission to Discharge | HIMS,Hospital IPD software that runs an admission from bed allocation to discharge summary.,"Hospital IPD software for admission, bed allocation, ward rounds, nursing charts, running IP bills with interim statements, TPA pre-auth and discharge summary.",https://elevateaura.co.in/hims/hospital-ipd-management-software/,index,Answer;BreadcrumbList;FAQPage;ListItem;Organization;Person;PostalAddress;Question;SoftwareApplication,1307,38,yes,yes,KEEP,Generated from seo/build/content
https://elevateaura.co.in/hims/hospital-laboratory-management/,hims/hospital-laboratory-management/index.html,hims,Hospital Laboratory Management (LIMS) | HIMS by Elevate Aura,Laboratory management from order to validated report.,"Hospital laboratory management software (LIMS): test orders from doctors, sample tracking, result entry with validation.",https://elevateaura.co.in/hims/hospital-laboratory-management/,index,Answer;BreadcrumbList;FAQPage;ListItem;Organization;PostalAddress;Question;SoftwareApplication,794,29,yes,yes,IMPROVE,"Hand-built cluster page; tracking, schema fix and further-reading links added"
https://elevateaura.co.in/hims/hospital-management-software-bangalore/,hims/hospital-management-software-bangalore/index.html,hims,Hospital Management Software in Bangalore | HIMS,"Hospital management software for Bangalore, built for branches that must run the same way.","Hospital management software for Bangalore hospitals, clinic groups and nursing homes: OP, IP, pharmacy, lab, billing, set up remotely with support on WhatsApp.",https://elevateaura.co.in/hims/hospital-management-software-bangalore/,index,Answer;BreadcrumbList;FAQPage;ListItem;Organization;Person;PostalAddress;Question;SoftwareApplication,1337,37,yes,yes,KEEP,Generated from seo/build/content
https://elevateaura.co.in/hims/hospital-management-software-chennai/,hims/hospital-management-software-chennai/index.html,hims,Hospital Management Software in Chennai | HIMS by Elevate Aura,"Hospital management software, built and supported in Chennai.","Hospital management software built and supported in Chennai: OP and IP, EMR, pharmacy, lab, billing and AuraPACS imaging.",https://elevateaura.co.in/hims/hospital-management-software-chennai/,index,Answer;BreadcrumbList;City;FAQPage;ListItem;LocalBusiness;PostalAddress;Question,819,32,yes,yes,IMPROVE,"Hand-built cluster page; tracking, schema fix and further-reading links added"
https://elevateaura.co.in/hims/hospital-management-software-coimbatore/,hims/hospital-management-software-coimbatore/index.html,hims,Hospital Management Software in Coimbatore | HIMS,"Hospital management software for Coimbatore, set up and taught at your front desk.","Hospital management software for Coimbatore hospitals, nursing homes and clinics: OP and IP, EMR, pharmacy, lab and billing, set up on site by travel.",https://elevateaura.co.in/hims/hospital-management-software-coimbatore/,index,Answer;BreadcrumbList;FAQPage;ListItem;Organization;Person;PostalAddress;Question;SoftwareApplication,1372,39,yes,yes,KEEP,Generated from seo/build/content
https://elevateaura.co.in/hims/hospital-management-software-hyderabad/,hims/hospital-management-software-hyderabad/index.html,hims,Hospital Management Software in Hyderabad | HIMS,"Hospital management software for Hyderabad, where a single admission can have three payers behind it.","Hospital management software for Hyderabad hospitals serving Telangana and Andhra Pradesh: OP, IP, pharmacy, lab, TPA billing, deployed remotely from Chennai.",https://elevateaura.co.in/hims/hospital-management-software-hyderabad/,index,Answer;BreadcrumbList;FAQPage;ListItem;Organization;Person;PostalAddress;Question;SoftwareApplication,1351,37,yes,yes,KEEP,Generated from seo/build/content
https://elevateaura.co.in/hims/hospital-management-software-madurai/,hims/hospital-management-software-madurai/index.html,hims,Hospital Management Software in Madurai | HIMS,"Hospital management software for Madurai, built for a hospital that never really closes.","Hospital management software for Madurai hospitals and nursing homes: casualty, OP, wards, pharmacy, lab and billing, with on-site training by travel.",https://elevateaura.co.in/hims/hospital-management-software-madurai/,index,Answer;BreadcrumbList;FAQPage;ListItem;Organization;Person;PostalAddress;Question;SoftwareApplication,1330,38,yes,yes,KEEP,Generated from seo/build/content
https://elevateaura.co.in/hims/hospital-management-software-pondicherry/,hims/hospital-management-software-pondicherry/index.html,hims,Hospital Management Software in Pondicherry | HIMS,"Hospital software for Pondicherry, where the catchment crosses a border every morning.","Hospital management software for Puducherry hospitals and clinics: OP and IP, EMR, pharmacy, lab, wards and TPA billing, set up on site by travel from Chennai.",https://elevateaura.co.in/hims/hospital-management-software-pondicherry/,index,Answer;BreadcrumbList;FAQPage;ListItem;Organization;Person;PostalAddress;Question;SoftwareApplication,1371,37,yes,yes,KEEP,Generated from seo/build/content
https://elevateaura.co.in/hims/hospital-management-software-pricing/,hims/hospital-management-software-pricing/index.html,hims,Hospital Management Software Pricing India | HIMS,What actually drives hospital software pricing in India.,"Hospital management software pricing in India: what drives the cost, the charges buyers forget, and the questions to ask before you sign a HIMS contract.",https://elevateaura.co.in/hims/hospital-management-software-pricing/,index,Answer;BreadcrumbList;FAQPage;ListItem;Organization;Person;PostalAddress;Question;SoftwareApplication,1437,36,yes,yes,KEEP,Generated from seo/build/content
https://elevateaura.co.in/hims/hospital-management-software-salem/,hims/hospital-management-software-salem/index.html,hims,Salem Hospital Management Software | HIMS by Elevate Aura,"Hospital software for Salem, sized for nursing homes and mid-size hospitals alike.","Hospital management software for Salem hospitals and nursing homes: OP and IP, EMR, pharmacy, lab, beds and TPA billing, set up on site by travel from Chennai.",https://elevateaura.co.in/hims/hospital-management-software-salem/,index,Answer;BreadcrumbList;FAQPage;ListItem;Organization;Person;PostalAddress;Question;SoftwareApplication,1314,35,yes,yes,KEEP,Generated from seo/build/content
https://elevateaura.co.in/hims/hospital-management-software-trichy/,hims/hospital-management-software-trichy/index.html,hims,Hospital Management Software in Trichy | Elevate Aura,"Hospital management software for Trichy, where the catchment reaches four districts out.","Hospital management software for Trichy hospitals and nursing homes: OP and IP, EMR, pharmacy, lab, wards and TPA billing, set up on site by travel.",https://elevateaura.co.in/hims/hospital-management-software-trichy/,index,Answer;BreadcrumbList;FAQPage;ListItem;Organization;Person;PostalAddress;Question;SoftwareApplication,1320,37,yes,yes,KEEP,Generated from seo/build/content
https://elevateaura.co.in/hims/hospital-management-software-vellore/,hims/hospital-management-software-vellore/index.html,hims,Hospital Management Software in Vellore | Elevate Aura,"Hospital software for Vellore, where most of the OP list has come from somewhere else.","Hospital management software for Vellore, built for patients who travel in: UHID registration, EMR, wards, lab, imaging and TPA billing, set up on site.",https://elevateaura.co.in/hims/hospital-management-software-vellore/,index,Answer;BreadcrumbList;FAQPage;ListItem;Organization;Person;PostalAddress;Question;SoftwareApplication,1393,39,yes,yes,KEEP,Generated from seo/build/content
https://elevateaura.co.in/hims/hospital-management-system/,hims/hospital-management-system/index.html,hims,Hospital Management System | HIMS by Elevate Aura,A hospital management system for the whole patient journey.,"A hospital management system that runs OP and IP registration, appointments, queue, EMR, pharmacy, lab and TPA and GST billing on one platform.",https://elevateaura.co.in/hims/hospital-management-system/,index,Answer;BreadcrumbList;FAQPage;ListItem;Organization;Person;PostalAddress;Question;SoftwareApplication,975,35,yes,yes,IMPROVE,"Hand-built cluster page; tracking, schema fix and further-reading links added"
https://elevateaura.co.in/hims/hospital-mis-dashboard/,hims/hospital-mis-dashboard/index.html,hims,"Hospital MIS Dashboard | Live OP, IP, Beds, Collections | HIMS","A hospital MIS dashboard built from today's entries, not last month's returns.","Hospital MIS dashboard showing OP and IP numbers, bed occupancy and collections as they happen, with reports by department for owners and administrators.",https://elevateaura.co.in/hims/hospital-mis-dashboard/,index,Answer;BreadcrumbList;FAQPage;ListItem;Organization;Person;PostalAddress;Question;SoftwareApplication,1330,36,yes,yes,KEEP,Generated from seo/build/content
https://elevateaura.co.in/hims/hospital-nursing-management-software/,hims/hospital-nursing-management-software/index.html,hims,"Hospital Nursing Management Software | Charts, Handover | HIMS","Hospital nursing management software that keeps the chart, the handover and the drug given on the bed.","Hospital nursing management software: vitals and charts per bed, handover on the record, medication recorded against the patient, tasks from doctor orders.",https://elevateaura.co.in/hims/hospital-nursing-management-software/,index,Answer;BreadcrumbList;FAQPage;ListItem;Organization;Person;PostalAddress;Question;SoftwareApplication,1406,36,yes,yes,KEEP,Generated from seo/build/content
https://elevateaura.co.in/hims/hospital-opd-management-software/,hims/hospital-opd-management-software/index.html,hims,"Hospital OPD Management Software | Tokens, Queues, e-Rx | HIMS",Hospital OPD software that moves a patient from the front desk to the pharmacy without a paper slip.,"Hospital OPD software for registration, appointments, tokens, live doctor queues, consultation, e-prescription and OPD billing on one record. Live demo.",https://elevateaura.co.in/hims/hospital-opd-management-software/,index,Answer;BreadcrumbList;FAQPage;ListItem;Organization;Person;PostalAddress;Question;SoftwareApplication,1318,39,yes,yes,KEEP,Generated from seo/build/content
https://elevateaura.co.in/hims/hospital-owner-dashboard/,hims/hospital-owner-dashboard/index.html,hims,Software for Hospital Owners | One Dashboard Daily | HIMS,A hospital owner dashboard you can read in two minutes a day.,"A hospital owner dashboard that shows collections, beds, OP volume and outstanding including TPA on one screen, and tells you what is worth looking at each day.",https://elevateaura.co.in/hims/hospital-owner-dashboard/,index,Answer;BreadcrumbList;FAQPage;ListItem;Organization;Person;PostalAddress;Question;SoftwareApplication,1335,36,yes,yes,KEEP,Generated from seo/build/content
https://elevateaura.co.in/hims/hospital-package-billing-software/,hims/hospital-package-billing-software/index.html,hims,Hospital Package Billing Software | Surgery Packages | HIMS,"Hospital package billing software that bills a surgery as one agreed package, across every department.","Hospital package billing software: bill a surgery or treatment package as one item, define the inclusions, and keep the TPA and cash portions on one bill.",https://elevateaura.co.in/hims/hospital-package-billing-software/,index,Answer;BreadcrumbList;FAQPage;ListItem;Organization;Person;PostalAddress;Question;SoftwareApplication,1362,37,yes,yes,KEEP,Generated from seo/build/content
https://elevateaura.co.in/hims/hospital-pharmacy-management/,hims/hospital-pharmacy-management/index.html,hims,Hospital Pharmacy Management Software | HIMS by Elevate Aura,Pharmacy management from prescription to dispensed.,"Hospital pharmacy management software: e-prescription to dispensing, batch and expiry tracking, GST billing, reorder alerts and stock across counters.",https://elevateaura.co.in/hims/hospital-pharmacy-management/,index,Answer;BreadcrumbList;FAQPage;ListItem;Organization;PostalAddress;Question;SoftwareApplication,764,29,yes,yes,IMPROVE,"Hand-built cluster page; tracking, schema fix and further-reading links added"
https://elevateaura.co.in/hims/hospital-procurement-software/,hims/hospital-procurement-software/index.html,hims,Hospital Procurement Software | Indents to Goods Receipt | HIMS,Hospital procurement software that starts at the ward indent and ends at the stores shelf.,"Hospital procurement software for stores: ward indents, reorder levels that trigger buying, purchase orders and goods receipt into the same hospital inventory.",https://elevateaura.co.in/hims/hospital-procurement-software/,index,Answer;BreadcrumbList;FAQPage;ListItem;Organization;Person;PostalAddress;Question;SoftwareApplication,1364,36,yes,yes,KEEP,Generated from seo/build/content
https://elevateaura.co.in/hims/hospital-queue-management-software/,hims/hospital-queue-management-software/index.html,hims,Hospital Queue Management Software | HIMS,"Hospital queue management software that gives every doctor a live token queue, not a corridor headcount.","Hospital queue and token management software: walk-in tokens, appointment check-in, a live queue per doctor and waiting counts on the OPD dashboard.",https://elevateaura.co.in/hims/hospital-queue-management-software/,index,Answer;BreadcrumbList;FAQPage;ListItem;Organization;Person;PostalAddress;Question;SoftwareApplication,1283,36,yes,yes,KEEP,Generated from seo/build/content
https://elevateaura.co.in/hims/hospital-software-100-bed/,hims/hospital-software-100-bed/index.html,hims,Hospital Management Software for a 100 Bed Hospital | HIMS,"Hospital management software for a 100 bed hospital, where departments stop talking to each other.","Hospital management software for a 100 bed hospital: shift handovers, a billing desk per area, real TPA volume and daily numbers an administrator can act on.",https://elevateaura.co.in/hims/hospital-software-100-bed/,index,Answer;BreadcrumbList;FAQPage;ListItem;Organization;Person;PostalAddress;Question;SoftwareApplication,1415,35,yes,yes,KEEP,Generated from seo/build/content
https://elevateaura.co.in/hims/hospital-software-50-bed/,hims/hospital-software-50-bed/index.html,hims,Hospital Management Software for a 50 Bed Hospital | HIMS,"Hospital management software for a 50 bed hospital, switched on in the right order.","Hospital management software for a 50 bed hospital: what to switch on first, how to go live without an IT team, and how an owner-doctor keeps control of it.",https://elevateaura.co.in/hims/hospital-software-50-bed/,index,Answer;BreadcrumbList;FAQPage;ListItem;Organization;Person;PostalAddress;Question;SoftwareApplication,1434,37,yes,yes,KEEP,Generated from seo/build/content
https://elevateaura.co.in/hims/hospital-software-for-administrators/,hims/hospital-software-for-administrators/index.html,hims,Hospital Software for Administrators | Run the Day | HIMS,Hospital software for the administrator who has to answer for the day.,"Hospital software for administrators: occupancy and collections as they happen, department performance, doctor rosters and an audit trail behind every entry.",https://elevateaura.co.in/hims/hospital-software-for-administrators/,index,Answer;BreadcrumbList;FAQPage;ListItem;Organization;Person;PostalAddress;Question;SoftwareApplication,1337,36,yes,yes,KEEP,Generated from seo/build/content
https://elevateaura.co.in/hims/hospital-whatsapp-appointment-reminders/,hims/hospital-whatsapp-appointment-reminders/index.html,hims,Hospital WhatsApp Appointment Reminders | Fewer No-Shows | HIMS,Hospital WhatsApp appointment reminders sent from the appointment book itself.,"Send hospital appointment and follow-up reminders on WhatsApp from HIMS, drawn from the appointment book itself, so fewer patients quietly stop coming back.",https://elevateaura.co.in/hims/hospital-whatsapp-appointment-reminders/,index,Answer;BreadcrumbList;FAQPage;ListItem;Organization;Person;PostalAddress;Question;SoftwareApplication,1298,36,yes,yes,KEEP,Generated from seo/build/content
https://elevateaura.co.in/hims/icu-management-software/,hims/icu-management-software/index.html,hims,ICU Management Software | HIMS,ICU management software with live vitals per bed and a nursing chart that follows the patient.,"ICU management software with live vitals per bed, critical-care nursing charts, doctor orders, ICU bed status and step-down transfers.",https://elevateaura.co.in/hims/icu-management-software/,index,Answer;BreadcrumbList;FAQPage;ListItem;Organization;Person;PostalAddress;Question;SoftwareApplication,1346,37,yes,yes,KEEP,Generated from seo/build/content
https://elevateaura.co.in/hims/maternity-hospital-software/,hims/maternity-hospital-software/index.html,hims,Maternity Hospital Software | Antenatal to Discharge | HIMS,Maternity hospital software for a stay that was booked nine months in advance.,"Maternity hospital software for antenatal visits over months, planned admissions, package billing, theatre and a newborn record linked to the mother.",https://elevateaura.co.in/hims/maternity-hospital-software/,index,Answer;BreadcrumbList;FAQPage;ListItem;Organization;Person;PostalAddress;Question;SoftwareApplication,1408,36,yes,yes,KEEP,Generated from seo/build/content
https://elevateaura.co.in/hims/multi-specialty-hospital-software/,hims/multi-specialty-hospital-software/index.html,hims,Multi-Specialty Hospital Software | One Record | HIMS,Multi-specialty hospital software where every department reads the same record.,"Multi-specialty hospital software that keeps one patient record across departments, with doctor rosters by department, department queues.",https://elevateaura.co.in/hims/multi-specialty-hospital-software/,index,Answer;BreadcrumbList;FAQPage;ListItem;Organization;Person;PostalAddress;Question;SoftwareApplication,1346,39,yes,yes,KEEP,Generated from seo/build/content
https://elevateaura.co.in/hims/nabh-documentation-software/,hims/nabh-documentation-software/index.html,hims,NABH Documentation Software for Hospitals | HIMS,"NABH documentation software: the records an assessor asks for, already assembled.","Software that supports NABH-style documentation: records complete, timed and attributed, a full audit trail, and indicators you can report for any period.",https://elevateaura.co.in/hims/nabh-documentation-software/,index,Answer;BreadcrumbList;FAQPage;ListItem;Organization;Person;PostalAddress;Question;SoftwareApplication,1401,36,yes,yes,KEEP,Generated from seo/build/content
https://elevateaura.co.in/hims/nursing-home-management-software/,hims/nursing-home-management-software/index.html,hims,"Nursing Home Management Software | Beds, Nursing, Billing | HIMS",Nursing home management software for a facility run by a few doctors and a small team.,"Nursing home management software for small IP-led facilities: beds, nursing charts, pharmacy, cash and TPA billing and discharge on one record.",https://elevateaura.co.in/hims/nursing-home-management-software/,index,Answer;BreadcrumbList;FAQPage;ListItem;Organization;Person;PostalAddress;Question;SoftwareApplication,1335,37,yes,yes,KEEP,Generated from seo/build/content
https://elevateaura.co.in/hims/operation-theatre-management-software/,hims/operation-theatre-management-software/index.html,hims,Operation Theatre Management Software | HIMS,"Operation theatre management software that puts the OT list, the consumables and the bill on the same admission.","Operation theatre management software: OT schedule by surgeon, procedure and status, pre-operative documentation on the record.",https://elevateaura.co.in/hims/operation-theatre-management-software/,index,Answer;BreadcrumbList;FAQPage;ListItem;Organization;Person;PostalAddress;Question;SoftwareApplication,1305,37,yes,yes,KEEP,Generated from seo/build/content
https://elevateaura.co.in/hims/orthopaedic-hospital-software/,hims/orthopaedic-hospital-software/index.html,hims,Orthopaedic Hospital Software | Theatre and Implants | HIMS,Orthopaedic hospital software where the theatre and the implant store decide the day.,"Orthopaedic hospital software for theatre-heavy work: implants issued against a case, package and TPA billing for planned surgery, and follow-up months later.",https://elevateaura.co.in/hims/orthopaedic-hospital-software/,index,Answer;BreadcrumbList;FAQPage;ListItem;Organization;Person;PostalAddress;Question;SoftwareApplication,1385,36,yes,yes,KEEP,Generated from seo/build/content
https://elevateaura.co.in/hims/paediatric-clinic-software/,hims/paediatric-clinic-software/index.html,hims,"Paediatric Clinic Software | Visits, Vaccines, Parents | HIMS",Paediatric clinic software where the patient is a child and the contact is a parent.,"Paediatric clinic software that records weight on every visit, holds immunisation due dates as recurring appointments and keeps the parent as the contact.",https://elevateaura.co.in/hims/paediatric-clinic-software/,index,Answer;BreadcrumbList;FAQPage;ListItem;Organization;Person;PostalAddress;Question;SoftwareApplication,1427,34,yes,yes,KEEP,Generated from seo/build/content
https://elevateaura.co.in/hims/patient-management-software/,hims/patient-management-software/index.html,hims,Patient Management Software | HIMS by Elevate Aura,Patient management that gives every patient one record.,"Patient management software that gives every patient one unified record: demographics, full visit history, EMR, prescriptions, lab and imaging.",https://elevateaura.co.in/hims/patient-management-software/,index,Answer;BreadcrumbList;FAQPage;ListItem;Organization;PostalAddress;Question;SoftwareApplication,795,29,yes,yes,IMPROVE,"Hand-built cluster page; tracking, schema fix and further-reading links added"
https://elevateaura.co.in/hims/physiotherapy-clinic-software/,hims/physiotherapy-clinic-software/index.html,hims,Physiotherapy Clinic Software | Session Packages | HIMS,"Physiotherapy clinic software built around a course of sessions, not a single visit.","Physiotherapy clinic software for courses of treatment: recurring session slots, packages paid up front and drawn down, attendance and notes across the course.",https://elevateaura.co.in/hims/physiotherapy-clinic-software/,index,Answer;BreadcrumbList;FAQPage;ListItem;Organization;Person;PostalAddress;Question;SoftwareApplication,1415,36,yes,yes,KEEP,Generated from seo/build/content
https://elevateaura.co.in/hims/polyclinic-management-software/,hims/polyclinic-management-software/index.html,hims,"Polyclinic Management Software | Many Doctors, One Desk | HIMS",Polyclinic management software for several doctors sharing one front desk.,"Polyclinic management software for several doctors under one roof: shared front desk, a queue per doctor, shared pharmacy and lab, collections read per doctor.",https://elevateaura.co.in/hims/polyclinic-management-software/,index,Answer;BreadcrumbList;FAQPage;ListItem;Organization;Person;PostalAddress;Question;SoftwareApplication,1336,37,yes,yes,KEEP,Generated from seo/build/content
https://elevateaura.co.in/hims/small-hospital-software/,hims/small-hospital-software/index.html,hims,Small Hospital Software India | 10 to 50 Beds | HIMS,"Small hospital software for a facility with beds, but no IT department.","Small hospital software for a 10 to 50 bed facility run by a few people: the modules you actually need, set up and taught, with no IT department required.",https://elevateaura.co.in/hims/small-hospital-software/,index,Answer;BreadcrumbList;FAQPage;ListItem;Organization;Person;PostalAddress;Question;SoftwareApplication,1384,36,yes,yes,KEEP,Generated from seo/build/content
https://elevateaura.co.in/hims/uhid-patient-registration-software/,hims/uhid-patient-registration-software/index.html,hims,UHID Patient Registration Software | One Hospital ID | HIMS,"UHID patient registration software: register once, and the hospital knows them forever.","UHID patient registration software: one unique hospital ID per patient, registered once and carried through OP, IP, pharmacy, laboratory, imaging and billing.",https://elevateaura.co.in/hims/uhid-patient-registration-software/,index,Answer;BreadcrumbList;FAQPage;ListItem;Organization;Person;PostalAddress;Question;SoftwareApplication,1337,36,yes,yes,KEEP,Generated from seo/build/content
https://elevateaura.co.in/mobile-app-development/doctor-app-development/,mobile-app-development/doctor-app-development/index.html,mobile-app-development,"Doctor App Development: Roster, Queue, e-Prescription",Doctor app development for the consultant who is never at a desk.,"Doctor app development for hospitals and clinics: today's roster, the live consult queue, EMR on rounds, e-prescription and imaging opened from an AuraPACS link.",https://elevateaura.co.in/mobile-app-development/doctor-app-development/,index,Answer;BreadcrumbList;FAQPage;ListItem;Organization;Person;PostalAddress;Question;Service,1396,35,yes,yes,KEEP,Generated from seo/build/content
https://elevateaura.co.in/mobile-app-development/field-service-mobile-app-development/,mobile-app-development/field-service-mobile-app-development/index.html,mobile-app-development,Field Service Mobile App Development: Job Cards and GPS,Field service mobile app development for technicians who work where the signal is not.,"Field service mobile app development for technicians: job cards, GPS check-in, photo and signature proof, spares used and offline sync, tied to your desk.",https://elevateaura.co.in/mobile-app-development/field-service-mobile-app-development/,index,Answer;BreadcrumbList;FAQPage;ListItem;Organization;Person;PostalAddress;Question;Service,1428,35,yes,yes,KEEP,Generated from seo/build/content
https://elevateaura.co.in/mobile-app-development/flutter-healthcare-app-development/,mobile-app-development/flutter-healthcare-app-development/index.html,mobile-app-development,"Flutter Healthcare App Development, Live on Google Play","Flutter healthcare app development, with a Flutter app of our own already on Google Play.","Flutter healthcare app development from a studio with its own Flutter app live on Google Play. When Flutter is the right choice for your app, and when not.",https://elevateaura.co.in/mobile-app-development/flutter-healthcare-app-development/,index,Answer;BreadcrumbList;FAQPage;ListItem;Organization;Person;PostalAddress;Question;Service,1365,34,yes,yes,KEEP,Generated from seo/build/content
https://elevateaura.co.in/mobile-app-development/healthcare-app-development-chennai/,mobile-app-development/healthcare-app-development-chennai/index.html,mobile-app-development,Healthcare App Development Company in Chennai | Elevate Aura,Healthcare app development company in Chennai that comes to your hospital or warehouse.,"Healthcare app development company in Chennai. A founder-led studio that meets you at your hospital, clinic or warehouse and builds in React Native or Flutter.",https://elevateaura.co.in/mobile-app-development/healthcare-app-development-chennai/,index,Answer;BreadcrumbList;FAQPage;ListItem;Organization;Person;PostalAddress;Question;Service,1422,37,yes,yes,KEEP,Generated from seo/build/content
https://elevateaura.co.in/mobile-app-development/healthcare-mobile-app-development/,mobile-app-development/healthcare-mobile-app-development/index.html,mobile-app-development,"Healthcare Mobile App Development, Workflow First | Elevate Aura","Healthcare mobile app development that starts from the workflow, not the wireframe.","Healthcare mobile app development built around real clinical and operational workflows. React Native or Flutter, GPS, offline mode and store publishing.",https://elevateaura.co.in/mobile-app-development/healthcare-mobile-app-development/,index,Answer;BreadcrumbList;FAQPage;ListItem;Organization;Person;PostalAddress;Question;Service,1544,35,yes,yes,KEEP,Generated from seo/build/content
https://elevateaura.co.in/mobile-app-development/hospital-mobile-app-development/,mobile-app-development/hospital-mobile-app-development/index.html,mobile-app-development,Hospital Mobile App Development: Patient and Staff Apps,Hospital mobile app development that runs on the hospital's own system.,"Hospital mobile app development tied to your HIMS: a patient app for appointments, tokens, reports and bills, plus staff apps for doctors, nurses and admin.",https://elevateaura.co.in/mobile-app-development/hospital-mobile-app-development/,index,Answer;BreadcrumbList;FAQPage;ListItem;Organization;Person;PostalAddress;Question;Service,1493,36,yes,yes,KEEP,Generated from seo/build/content
https://elevateaura.co.in/mobile-app-development/medical-equipment-service-app/,mobile-app-development/medical-equipment-service-app/index.html,mobile-app-development,Medical Equipment Service App for Dealer Engineers | Elevate Aura,A medical equipment service app built for the engineer standing in a hospital corridor.,"A medical equipment service app for dealer engineers: service calls, job cards per device, spares used, calibration readings and sign-off against the contract.",https://elevateaura.co.in/mobile-app-development/medical-equipment-service-app/,index,Answer;BreadcrumbList;FAQPage;ListItem;Organization;Person;PostalAddress;Question;Service,1457,37,yes,yes,KEEP,Generated from seo/build/content
https://elevateaura.co.in/mobile-app-development/patient-app-development/,mobile-app-development/patient-app-development/index.html,mobile-app-development,"Patient App Development: Appointments, Reports, Bills",Patient app development that stops the phone ringing at the front desk.,"Patient app development for hospitals, clinics and diagnostic centres: appointments, token position, reports, bills and WhatsApp reminders, tied to your system.",https://elevateaura.co.in/mobile-app-development/patient-app-development/,index,Answer;BreadcrumbList;FAQPage;ListItem;Organization;Person;PostalAddress;Question;Service,1362,34,yes,yes,KEEP,Generated from seo/build/content
https://elevateaura.co.in/mobile-app-development/react-native-healthcare-app-development/,mobile-app-development/react-native-healthcare-app-development/index.html,mobile-app-development,React Native Healthcare App Development | Elevate Aura,React Native healthcare app development that shares a stack with the rest of your platform.,"React Native healthcare app development for patient, staff and field apps that share a stack with your web platform. Carna Medicare's app shipped in 30 days.",https://elevateaura.co.in/mobile-app-development/react-native-healthcare-app-development/,index,Answer;BreadcrumbList;FAQPage;ListItem;Organization;Person;PostalAddress;Question;Service,1366,33,yes,yes,KEEP,Generated from seo/build/content
https://elevateaura.co.in/product-development/ble-device-software/,product-development/ble-device-software/index.html,product-development,BLE Device Software | Elevate Aura,Bluetooth Low Energy that connects and stays connected.,"BLE device software: GATT services on the firmware side and reliable pairing, reconnect and data streaming on the app side.",https://elevateaura.co.in/product-development/ble-device-software/,index,Answer;BreadcrumbList;FAQPage;ListItem;Organization;PostalAddress;Question;Service,798,30,yes,yes,IMPROVE,"Hand-built cluster page; tracking, schema fix and further-reading links added"
https://elevateaura.co.in/product-development/can-bus-software-development/,product-development/can-bus-software-development/index.html,product-development,CAN Bus Software Development for Equipment | Elevate Aura,CAN bus software for machines whose parts must agree with each other.,"CAN bus software development for robotics and equipment: message handling on the controller, node logic, and a bridge that carries CAN data to an app or cloud.",https://elevateaura.co.in/product-development/can-bus-software-development/,index,Answer;BreadcrumbList;FAQPage;ListItem;Organization;Person;PostalAddress;Question;Service,1264,34,yes,yes,KEEP,Generated from seo/build/content
https://elevateaura.co.in/product-development/custom-healthcare-software/,product-development/custom-healthcare-software/index.html,product-development,Custom Healthcare Software Development | Elevate Aura,Healthcare software shaped to how you actually work.,"Custom healthcare software development: bespoke web platforms, dashboards and automation on React, Next.js and Supabase, with GST billing.",https://elevateaura.co.in/product-development/custom-healthcare-software/,index,Answer;BreadcrumbList;FAQPage;ListItem;Organization;PostalAddress;Question;Service,774,29,yes,yes,IMPROVE,"Hand-built cluster page; tracking, schema fix and further-reading links added"
https://elevateaura.co.in/product-development/device-companion-app-development/,product-development/device-companion-app-development/index.html,product-development,Device Companion App Development | Elevate Aura,The companion app your device pairs with.,"Device companion app development: a React Native app that pairs with your hardware over BLE or Wi-Fi, shows status, controls the device and triggers OTA updates.",https://elevateaura.co.in/product-development/device-companion-app-development/,index,Answer;BreadcrumbList;FAQPage;ListItem;Organization;PostalAddress;Question;Service,806,29,yes,yes,IMPROVE,"Hand-built cluster page; tracking, schema fix and further-reading links added"
https://elevateaura.co.in/product-development/device-dashboard-development/,product-development/device-dashboard-development/index.html,product-development,Device Monitoring Dashboard Development | Elevate Aura,A dashboard that tells you which device needs attention today.,"Device monitoring dashboard development: a web view of your fleet with telemetry, device status, alerts and user roles, built on your Supabase or Azure backend.",https://elevateaura.co.in/product-development/device-dashboard-development/,index,Answer;BreadcrumbList;FAQPage;ListItem;Organization;Person;PostalAddress;Question;Service,1272,32,yes,yes,KEEP,Generated from seo/build/content
https://elevateaura.co.in/product-development/device-to-cloud-telemetry-software/,product-development/device-to-cloud-telemetry-software/index.html,product-development,Device-to-Cloud Telemetry Software | Elevate Aura,"Telemetry software that gets every reading from the device to the cloud, and keeps it there.","Device-to-cloud telemetry software: logs and readings from your devices into a Supabase or Azure pipeline, with remote monitoring, alerts and a fleet view.",https://elevateaura.co.in/product-development/device-to-cloud-telemetry-software/,index,Answer;BreadcrumbList;FAQPage;ListItem;Organization;Person;PostalAddress;Question;Service,1291,33,yes,yes,KEEP,Generated from seo/build/content
https://elevateaura.co.in/product-development/embedded-c-cpp-development-services/,product-development/embedded-c-cpp-development-services/index.html,product-development,Embedded C/C++ Development Services | Elevate Aura,"Embedded C and C++ written to your spec, tested on your board.","Embedded C/C++ development services: firmware to your spec, peripheral drivers, interrupt and timing work, tested on your board and handed over ready to flash.",https://elevateaura.co.in/product-development/embedded-c-cpp-development-services/,index,Answer;BreadcrumbList;FAQPage;ListItem;Organization;Person;PostalAddress;Question;Service,1254,33,yes,yes,KEEP,Generated from seo/build/content
https://elevateaura.co.in/product-development/embedded-software-development-australia/,product-development/embedded-software-development-australia/index.html,product-development,Embedded Software Development Australia | Elevate Aura,"Embedded software for Australian device companies, nearly on your clock.","Embedded software development for Australian device companies from Chennai: near-shared working hours, your NDA, a fixed scope and source code you own.",https://elevateaura.co.in/product-development/embedded-software-development-australia/,index,Answer;BreadcrumbList;FAQPage;ListItem;Organization;Person;PostalAddress;Question;Service,1290,31,yes,yes,KEEP,Generated from seo/build/content
https://elevateaura.co.in/product-development/embedded-software-development-uk/,product-development/embedded-software-development-uk/index.html,product-development,Embedded Software Development UK | Elevate Aura,"Embedded software for UK device companies, with most of the day shared.","Embedded software development for UK device companies from Chennai: most of your working day overlaps, with a fixed scope, your NDA and code you own outright.",https://elevateaura.co.in/product-development/embedded-software-development-uk/,index,Answer;BreadcrumbList;FAQPage;ListItem;Organization;Person;PostalAddress;Question;Service,1290,31,yes,yes,KEEP,Generated from seo/build/content
https://elevateaura.co.in/product-development/embedded-software-development-usa/,product-development/embedded-software-development-usa/index.html,product-development,Embedded Software Development USA | Elevate Aura,"Embedded software for US device companies, built remotely from Chennai.","Embedded software development for US device companies, delivered remotely from Chennai: fixed scope, NDA, code ownership and a defined daily overlap window.",https://elevateaura.co.in/product-development/embedded-software-development-usa/,index,Answer;BreadcrumbList;FAQPage;ListItem;Organization;Person;PostalAddress;Question;Service,1302,31,yes,yes,KEEP,Generated from seo/build/content
https://elevateaura.co.in/product-development/embedded-software-development/,product-development/embedded-software-development/index.html,product-development,Embedded Software Development | Elevate Aura,Embedded software that runs clean on your chip.,"Embedded software development, software-only: device firmware in C/C++ or MicroPython, sensor and peripheral drivers, state machines and power management.",https://elevateaura.co.in/product-development/embedded-software-development/,index,Answer;BreadcrumbList;FAQPage;ListItem;Organization;PostalAddress;Question;Service,810,29,yes,yes,IMPROVE,"Hand-built cluster page; tracking, schema fix and further-reading links added"
https://elevateaura.co.in/product-development/firmware-development/,product-development/firmware-development/index.html,product-development,Firmware Development | Elevate Aura,Firmware written to run and be maintained.,"Firmware development, software-only: peripheral drivers, communication stacks, over-the-air update support and clean flashing in C/C++ or MicroPython.",https://elevateaura.co.in/product-development/firmware-development/,index,Answer;BreadcrumbList;FAQPage;ListItem;Organization;PostalAddress;Question;Service,784,29,yes,yes,IMPROVE,"Hand-built cluster page; tracking, schema fix and further-reading links added"
https://elevateaura.co.in/product-development/healthcare-app-development/,product-development/healthcare-app-development/index.html,product-development,Healthcare App Development | Elevate Aura,Healthcare apps that ship and get used.,"Healthcare app development: patient, clinical and field-staff apps in React Native with a Supabase backend, WhatsApp integration and ABHA-ready records.",https://elevateaura.co.in/product-development/healthcare-app-development/,index,Answer;BreadcrumbList;FAQPage;ListItem;Organization;PostalAddress;Question;Service,811,29,yes,yes,IMPROVE,"Hand-built cluster page; tracking, schema fix and further-reading links added"
https://elevateaura.co.in/product-development/healthcare-iot-software-development/,product-development/healthcare-iot-software-development/index.html,product-development,Healthcare IoT Software Development | Elevate Aura,"Healthcare IoT software from the device to the dashboard, by one builder.","Healthcare IoT software development from device to gateway to cloud to dashboard: firmware, telemetry on Supabase or Azure and a companion app.",https://elevateaura.co.in/product-development/healthcare-iot-software-development/,index,Answer;BreadcrumbList;FAQPage;ListItem;Organization;Person;PostalAddress;Question;Service,1275,33,yes,yes,KEEP,Generated from seo/build/content
https://elevateaura.co.in/product-development/iot-product-development/,product-development/iot-product-development/index.html,product-development,IoT Product Development | Elevate Aura,"Connected products that report, alert and update in the field.","IoT product development, software-only: firmware, device communication, a cloud telemetry pipeline and a live dashboard, so your connected product reports.",https://elevateaura.co.in/product-development/iot-product-development/,index,Answer;BreadcrumbList;FAQPage;ListItem;Organization;PostalAddress;Question;Service,785,29,yes,yes,IMPROVE,"Hand-built cluster page; tracking, schema fix and further-reading links added"
https://elevateaura.co.in/product-development/medical-device-app-development/,product-development/medical-device-app-development/index.html,product-development,Medical Device App Development | Elevate Aura,The app that turns your device into a product people use.,"Medical device app development: React Native mobile apps that pair with your device over BLE or Wi-Fi, show live readings.",https://elevateaura.co.in/product-development/medical-device-app-development/,index,Answer;BreadcrumbList;FAQPage;ListItem;Organization;PostalAddress;Question;Service,824,29,yes,yes,IMPROVE,"Hand-built cluster page; tracking, schema fix and further-reading links added"
https://elevateaura.co.in/product-development/medical-device-firmware-development/,product-development/medical-device-firmware-development/index.html,product-development,Medical Device Firmware Development | To Your Spec | Elevate Aura,Medical device firmware written to your hardware team's specification.,"Medical device firmware development to your hardware spec: state handling, power management, sensors and comms in C/C++ or MicroPython, tested on your board.",https://elevateaura.co.in/product-development/medical-device-firmware-development/,index,Answer;BreadcrumbList;FAQPage;ListItem;Organization;Person;PostalAddress;Question;Service,1251,34,yes,yes,KEEP,Generated from seo/build/content
https://elevateaura.co.in/product-development/medical-device-software-development/,product-development/medical-device-software-development/index.html,product-development,Medical Device Software Development | Elevate Aura,The software that makes your medical device work.,"Medical device software development, software-only: embedded firmware, BLE/Wi-Fi/serial communication, a companion app and cloud telemetry.",https://elevateaura.co.in/product-development/medical-device-software-development/,index,Answer;BreadcrumbList;FAQPage;ListItem;Organization;PostalAddress;Question;Service,900,30,yes,yes,IMPROVE,"Hand-built cluster page; tracking, schema fix and further-reading links added"
https://elevateaura.co.in/product-development/medical-robotics-software-development/,product-development/medical-robotics-software-development/index.html,product-development,Medical Robotics Software Development | Elevate Aura,Control and communication software for medical robotics companies.,"Medical robotics software: control and communication software for robotics companies, written to your hardware spec and tested on your machine. Software-only.",https://elevateaura.co.in/product-development/medical-robotics-software-development/,index,Answer;BreadcrumbList;FAQPage;ListItem;Organization;Person;PostalAddress;Question;Service,1289,35,yes,yes,KEEP,Generated from seo/build/content
https://elevateaura.co.in/product-development/medical-technology-product-development/,product-development/medical-technology-product-development/index.html,product-development,Medical Technology Product Development | Elevate Aura,Medtech software from idea to a product that ships.,"Medical technology product development, software-only: firmware, companion app, cloud and web platform taken from prototype to a shipped product.",https://elevateaura.co.in/product-development/medical-technology-product-development/,index,Answer;BreadcrumbList;FAQPage;ListItem;Organization;PostalAddress;Question;Service,793,32,yes,yes,IMPROVE,"Hand-built cluster page; tracking, schema fix and further-reading links added"
https://elevateaura.co.in/product-development/micropython-development-services/,product-development/micropython-development-services/index.html,product-development,MicroPython Development Services | Elevate Aura,"MicroPython where it earns its place, and C/C++ where it does not.","MicroPython development services for device logic, sensors and comms: where MicroPython is the right call, where it is not, and how to move to C/C++ later.",https://elevateaura.co.in/product-development/micropython-development-services/,index,Answer;BreadcrumbList;FAQPage;ListItem;Organization;Person;PostalAddress;Question;Service,1286,33,yes,yes,KEEP,Generated from seo/build/content
https://elevateaura.co.in/product-development/modbus-software-development/,product-development/modbus-software-development/index.html,product-development,Modbus Software Development | Elevate Aura,Modbus software that makes your instrument readable by everything else.,"Modbus software development for instruments and industrial-medical equipment: RTU and TCP communication layers, register maps, polling and gateways to the cloud.",https://elevateaura.co.in/product-development/modbus-software-development/,index,Answer;BreadcrumbList;FAQPage;ListItem;Organization;Person;PostalAddress;Question;Service,1266,34,yes,yes,KEEP,Generated from seo/build/content
https://elevateaura.co.in/product-development/ota-firmware-update-development/,product-development/ota-firmware-update-development/index.html,product-development,OTA Firmware Update System Development | Elevate Aura,"An OTA update path, built before the device leaves the building.","OTA firmware update system development: signed update delivery, version tracking, rollback on a failed boot, and updates triggered from your companion app.",https://elevateaura.co.in/product-development/ota-firmware-update-development/,index,Answer;BreadcrumbList;FAQPage;ListItem;Organization;Person;PostalAddress;Question;Service,1296,33,yes,yes,KEEP,Generated from seo/build/content
https://elevateaura.co.in/product-development/sensor-integration-software/,product-development/sensor-integration-software/index.html,product-development,Sensor Integration Software Development | Elevate Aura,Sensor software that turns a raw reading into something worth acting on.,"Sensor integration software: reading sensors and driving actuators reliably, handling calibration, and moving data from sensor to controller to app or cloud.",https://elevateaura.co.in/product-development/sensor-integration-software/,index,Answer;BreadcrumbList;FAQPage;ListItem;Organization;Person;PostalAddress;Question;Service,1254,32,yes,yes,KEEP,Generated from seo/build/content
https://elevateaura.co.in/product-development/wifi-connected-device-software/,product-development/wifi-connected-device-software/index.html,product-development,Wi-Fi Connected Device Software | Elevate Aura,Wi-Fi device software that survives the customer's network.,"Wi-Fi connected device software: onboarding a device onto the customer's network, reconnect logic that survives an outage, cloud sync and pairing from your app.",https://elevateaura.co.in/product-development/wifi-connected-device-software/,index,Answer;BreadcrumbList;FAQPage;ListItem;Organization;Person;PostalAddress;Question;Service,1267,33,yes,yes,KEEP,Generated from seo/build/content
https://elevateaura.co.in/resources/emr-vs-ehr/,resources/emr-vs-ehr/index.html,resources,EMR vs EHR Explained for Indian Hospitals | Elevate Aura,"EMR vs EHR: one record inside your hospital, one that follows the patient out of it.","EMR vs EHR in plain words: one record inside your hospital, one that follows the patient between them, and where ABDM and ABHA fit for Indian hospitals.",https://elevateaura.co.in/resources/emr-vs-ehr/,index,Answer;Article;BreadcrumbList;FAQPage;ImageObject;ListItem;Organization;Person;Question,1364,33,yes,yes,KEEP,Generated from seo/build/content
https://elevateaura.co.in/resources/hospital-software-implementation-checklist/,resources/hospital-software-implementation-checklist/index.html,resources,Hospital Software Implementation Checklist for Go-Live,Hospital software implementation checklist: what to do before go-live day.,"A practical hospital software implementation checklist: data to prepare, the order to switch departments on, training per counter and what to test.",https://elevateaura.co.in/resources/hospital-software-implementation-checklist/,index,Answer;Article;BreadcrumbList;FAQPage;ImageObject;ListItem;Organization;Person;Question,1479,31,yes,yes,KEEP,Generated from seo/build/content
https://elevateaura.co.in/resources/how-medical-equipment-service-management-works/,resources/how-medical-equipment-service-management-works/index.html,resources,How Medical Equipment Service Management Works,"How medical equipment service management works, step by step.","From call intake and dispatch to job cards, spares, SLA and invoice. A plain guide to running an equipment service desk and the numbers to watch.",https://elevateaura.co.in/resources/how-medical-equipment-service-management-works/,index,Answer;Article;BreadcrumbList;FAQPage;ImageObject;ListItem;Organization;Person;Question,1302,34,yes,yes,KEEP,Generated from seo/build/content
https://elevateaura.co.in/resources/how-to-choose-hospital-management-software/,resources/how-to-choose-hospital-management-software/index.html,resources,How to Choose Hospital Management Software in India,How to choose hospital management software: a buyer's checklist.,"A buyer's checklist for Indian hospitals: modules, TPA billing, ABHA, imaging, data ownership, migration, training and the questions to ask during a demo.",https://elevateaura.co.in/resources/how-to-choose-hospital-management-software/,index,Answer;Article;BreadcrumbList;FAQPage;ImageObject;ListItem;Organization;Person;Question,1299,34,yes,yes,KEEP,Generated from seo/build/content
https://elevateaura.co.in/resources/how-to-choose-medical-equipment-crm/,resources/how-to-choose-medical-equipment-crm/index.html,resources,How to Choose a CRM for a Medical Equipment Business,"How to choose a CRM for a medical equipment business, without regretting it.","A buyer's checklist for choosing a medical equipment CRM: after-sales cover, GST billing, the field app, renewals, data ownership, migration and pricing models.",https://elevateaura.co.in/resources/how-to-choose-medical-equipment-crm/,index,Answer;Article;BreadcrumbList;FAQPage;ImageObject;ListItem;Organization;Person;Question,1906,32,yes,yes,KEEP,Generated from seo/build/content
https://elevateaura.co.in/resources/how-to-choose-pacs/,resources/how-to-choose-pacs/index.html,resources,How to Choose a PACS: A Checklist for Imaging Centres,How to choose a PACS: the checklist before you sign.,"How to choose a PACS: the checklist to run before you buy, covering modalities, worklist, browser viewing, sharing, deployment, ownership and support.",https://elevateaura.co.in/resources/how-to-choose-pacs/,index,Answer;Article;BreadcrumbList;FAQPage;ImageObject;ListItem;Organization;Person;Question,1303,33,yes,yes,KEEP,Generated from seo/build/content
https://elevateaura.co.in/resources/how-to-stop-amc-revenue-leakage/,resources/how-to-stop-amc-revenue-leakage/index.html,resources,How to Stop AMC Revenue Leaking: A Practical Guide,"How to stop AMC revenue leaking, in the order that works.","A practical sequence for stopping AMC revenue leaking: know the installed base, put every contract on a renewal clock, chase early and bill what is extra.",https://elevateaura.co.in/resources/how-to-stop-amc-revenue-leakage/,index,Answer;Article;BreadcrumbList;FAQPage;ImageObject;ListItem;Organization;Person;Question,1670,32,yes,yes,KEEP,Generated from seo/build/content
https://elevateaura.co.in/resources/moving-a-hospital-from-paper-to-software/,resources/moving-a-hospital-from-paper-to-software/index.html,resources,Moving a Hospital From Paper to Software: The Real Order,"Moving a hospital from paper to software, in the order that actually survives contact with the ward.","What to digitise first, what to leave on paper, how to sequence training, and the mistakes that stall a hospital software rollout. An honest guide.",https://elevateaura.co.in/resources/moving-a-hospital-from-paper-to-software/,index,Answer;Article;BreadcrumbList;FAQPage;ImageObject;ListItem;Organization;Person;Question,1483,33,yes,yes,KEEP,Generated from seo/build/content
https://elevateaura.co.in/resources/what-a-medical-equipment-dealer-should-track-monthly/,resources/what-a-medical-equipment-dealer-should-track-monthly/index.html,resources,What a Medical Equipment Dealer Should Track Monthly,What a medical equipment dealer should look at once a month.,"The short monthly list for an equipment dealer: pipeline, collections and ageing, AMC due and renewed, open calls and SLA, stock and contract profitability.",https://elevateaura.co.in/resources/what-a-medical-equipment-dealer-should-track-monthly/,index,Answer;Article;BreadcrumbList;FAQPage;ImageObject;ListItem;Organization;Person;Question,1427,32,yes,yes,KEEP,Generated from seo/build/content
https://elevateaura.co.in/resources/what-is-a-delivery-challan/,resources/what-is-a-delivery-challan/index.html,resources,What Is a Delivery Challan? A Plain Guide for Distributors,"What is a delivery challan, and when do goods move without an invoice?","A delivery challan explained: when goods move without an invoice, returnable and demo material, how a challan becomes an invoice, and what the driver carries.",https://elevateaura.co.in/resources/what-is-a-delivery-challan/,index,Answer;Article;BreadcrumbList;FAQPage;ImageObject;ListItem;Organization;Person;Question,1766,31,yes,yes,KEEP,Generated from seo/build/content
https://elevateaura.co.in/resources/what-is-a-discharge-summary/,resources/what-is-a-discharge-summary/index.html,resources,"What Is a Discharge Summary? Contents, Delays, Claims",What is a discharge summary? The document that releases a bed and a claim.,"A discharge summary explained: what it contains, who writes it, why a slow one holds up the bed and the insurance claim, and what a good one looks like.",https://elevateaura.co.in/resources/what-is-a-discharge-summary/,index,Answer;Article;BreadcrumbList;FAQPage;ImageObject;ListItem;Organization;Person;Question,1452,33,yes,yes,KEEP,Generated from seo/build/content
https://elevateaura.co.in/resources/what-is-a-rate-contract/,resources/what-is-a-rate-contract/index.html,resources,What Is a Rate Contract in Government Buying? Guide,"What is a rate contract, and why does quoting outside it start an argument?","Rate contracts explained for suppliers: agreed rates held for a period, how orders are drawn against them, EMD and tender vocabulary, and off-contract disputes.",https://elevateaura.co.in/resources/what-is-a-rate-contract/,index,Answer;Article;BreadcrumbList;FAQPage;ImageObject;ListItem;Organization;Person;Question,1701,30,yes,yes,KEEP,Generated from seo/build/content
https://elevateaura.co.in/resources/what-is-amc-software/,resources/what-is-amc-software/index.html,resources,What Is AMC Software? A Guide for Equipment Dealers,What is AMC software? The renewal clock your business runs on.,"AMC software tracks annual maintenance contracts, renewal dates, preventive visits and service billing. A plain guide for Indian equipment dealers.",https://elevateaura.co.in/resources/what-is-amc-software/,index,Answer;Article;BreadcrumbList;FAQPage;ImageObject;ListItem;Organization;Person;Question,1309,33,yes,yes,KEEP,Generated from seo/build/content
https://elevateaura.co.in/resources/what-is-cmc/,resources/what-is-cmc/index.html,resources,What Is CMC? Comprehensive Maintenance Contracts Explained,What is CMC? The contract where you carry the parts risk.,"A CMC includes spare parts in the maintenance fee, unlike an AMC. A plain guide to what is covered, how it is priced and the risk it puts on the dealer.",https://elevateaura.co.in/resources/what-is-cmc/,index,Answer;Article;BreadcrumbList;FAQPage;ImageObject;ListItem;Organization;Person;Question,1231,31,yes,yes,KEEP,Generated from seo/build/content
https://elevateaura.co.in/resources/what-is-contract-profitability/,resources/what-is-contract-profitability/index.html,resources,What Is Contract Profitability for AMC? Plain Guide,"What is contract profitability, and how does a good AMC price still lose money?","Contract profitability for AMC explained: visit costs, spares consumed, travel and breakdown frequency, and what to measure per contract before you renew it.",https://elevateaura.co.in/resources/what-is-contract-profitability/,index,Answer;Article;BreadcrumbList;FAQPage;ImageObject;ListItem;Organization;Person;Question,1505,31,yes,yes,KEEP,Generated from seo/build/content
https://elevateaura.co.in/resources/what-is-dicom-modality-worklist/,resources/what-is-dicom-modality-worklist/index.html,resources,What Is a DICOM Modality Worklist? A Plain Guide,What is a DICOM modality worklist? Type the name once.,A modality worklist sends booked patient details to the scanner so nobody retypes a name. A plain guide to how MWL works and why it prevents mismatched studies.,https://elevateaura.co.in/resources/what-is-dicom-modality-worklist/,index,Answer;Article;BreadcrumbList;FAQPage;ImageObject;ListItem;Organization;Person;Question,1301,32,yes,yes,KEEP,Generated from seo/build/content
https://elevateaura.co.in/resources/what-is-dicom/,resources/what-is-dicom/index.html,resources,What Is DICOM? The Medical Imaging Standard Explained,What is DICOM? The language every scanner speaks.,"DICOM is how every scanner saves and sends medical images. A plain-language guide to DICOM files, tags and network services for imaging centre owners.",https://elevateaura.co.in/resources/what-is-dicom/,index,Answer;Article;BreadcrumbList;FAQPage;ImageObject;ListItem;Organization;Person;Question,1303,33,yes,yes,KEEP,Generated from seo/build/content
https://elevateaura.co.in/resources/what-is-e-invoice-irn/,resources/what-is-e-invoice-irn/index.html,resources,What Is E-Invoice and IRN? A Distributor's Guide,"What is an e-invoice, and what is an IRN?","E-invoice and IRN explained for a distributor: what the Invoice Registration Number and QR code are, how they fit normal billing and who needs to confirm.",https://elevateaura.co.in/resources/what-is-e-invoice-irn/,index,Answer;Article;BreadcrumbList;FAQPage;ImageObject;ListItem;Organization;Person;Question,1525,30,yes,yes,KEEP,Generated from seo/build/content
https://elevateaura.co.in/resources/what-is-hims/,resources/what-is-hims/index.html,resources,What Is HIMS? Hospital Information Management Explained,What is HIMS? A plain guide for hospital and clinic owners.,"HIMS is the software that runs a hospital from registration to discharge. A plain guide to the modules, EMR, TPA billing and ABHA for Indian hospital owners.",https://elevateaura.co.in/resources/what-is-hims/,index,Answer;Article;BreadcrumbList;FAQPage;ImageObject;ListItem;Organization;Person;Question,1304,33,yes,yes,KEEP,Generated from seo/build/content
https://elevateaura.co.in/resources/what-is-installed-base-management/,resources/what-is-installed-base-management/index.html,resources,What Is Installed Base Management? A Dealer's Guide,What is installed base management? Every machine you have sold.,"Your installed base is every unit you have sold, by serial number and site. A plain guide to why that register is your AMC pipeline and service history.",https://elevateaura.co.in/resources/what-is-installed-base-management/,index,Answer;Article;BreadcrumbList;FAQPage;ImageObject;ListItem;Organization;Person;Question,1307,32,yes,yes,KEEP,Generated from seo/build/content
https://elevateaura.co.in/resources/what-is-lms/,resources/what-is-lms/index.html,resources,What Is an LMS? Learning Management Systems Explained,What is an LMS? A plain guide for institutes and trainers.,"An LMS holds courses, tests, batches, certificates and learner progress in one place. A plain guide for coaching institutes and staff training teams.",https://elevateaura.co.in/resources/what-is-lms/,index,Answer;Article;BreadcrumbList;FAQPage;ImageObject;ListItem;Organization;Person;Question,1260,32,yes,yes,KEEP,Generated from seo/build/content
https://elevateaura.co.in/resources/what-is-medical-equipment-crm/,resources/what-is-medical-equipment-crm/index.html,resources,What Is Medical Equipment CRM? A Guide for Distributors,What is a medical equipment CRM? The sale is the beginning.,"A medical equipment CRM follows the machine from enquiry to quote, order, installation, AMC and renewal. Why a generic sales CRM stops at the purchase order.",https://elevateaura.co.in/resources/what-is-medical-equipment-crm/,index,Answer;Article;BreadcrumbList;FAQPage;ImageObject;ListItem;Organization;Person;Question,1308,34,yes,yes,KEEP,Generated from seo/build/content
https://elevateaura.co.in/resources/what-is-nabh-documentation/,resources/what-is-nabh-documentation/index.html,resources,What Is NABH Documentation? A Plain Guide for Hospitals,What is NABH documentation? The records behind a claim you can stand up.,"NABH documentation explained: what accreditation is, who awards it, what records an assessment expects, how software helps and where its help stops.",https://elevateaura.co.in/resources/what-is-nabh-documentation/,index,Answer;Article;BreadcrumbList;FAQPage;ImageObject;ListItem;Organization;Person;Question,1471,30,yes,yes,KEEP,Generated from seo/build/content
https://elevateaura.co.in/resources/what-is-pacs/,resources/what-is-pacs/index.html,resources,What Is PACS? Picture Archiving and Communication Explained,What is PACS? A plain-language guide for imaging centre owners.,"PACS receives, stores, displays and shares medical images from CT, MRI, X-ray and ultrasound. A plain-language guide for clinic and diagnostic centre owners.",https://elevateaura.co.in/resources/what-is-pacs/,index,Answer;Article;BreadcrumbList;FAQPage;ImageObject;ListItem;Organization;Person;Question,1418,35,yes,yes,KEEP,Generated from seo/build/content
https://elevateaura.co.in/resources/what-is-preventive-maintenance-software/,resources/what-is-preventive-maintenance-software/index.html,resources,What Is Preventive Maintenance Software? A Guide,What is preventive maintenance software? Visits that schedule themselves.,"Preventive maintenance software turns contracts into scheduled visits, checklists and calibration records. A plain guide to PM against breakdown work.",https://elevateaura.co.in/resources/what-is-preventive-maintenance-software/,index,Answer;Article;BreadcrumbList;FAQPage;ImageObject;ListItem;Organization;Person;Question,1289,32,yes,yes,KEEP,Generated from seo/build/content
https://elevateaura.co.in/resources/what-is-ris/,resources/what-is-ris/index.html,resources,What Is RIS? Radiology Information System Explained,What is RIS? The paperwork half of a radiology department.,"A RIS runs scheduling, the worklist, reporting and billing in a radiology department. A plain guide to RIS, how it differs from PACS and HIS, and who needs it.",https://elevateaura.co.in/resources/what-is-ris/,index,Answer;Article;BreadcrumbList;FAQPage;ImageObject;ListItem;Organization;Person;Question,1225,34,yes,yes,KEEP,Generated from seo/build/content
https://elevateaura.co.in/resources/what-is-sla-equipment-service/,resources/what-is-sla-equipment-service/index.html,resources,What Is an SLA in Equipment Service? Plain Guide,"What is an SLA in equipment service, and what does a breach cost?","An SLA in equipment service explained: response versus resolution time, how service levels sit inside AMC and CMC contracts.",https://elevateaura.co.in/resources/what-is-sla-equipment-service/,index,Answer;Article;BreadcrumbList;FAQPage;ImageObject;ListItem;Organization;Person;Question,1602,31,yes,yes,KEEP,Generated from seo/build/content
https://elevateaura.co.in/resources/what-is-tpa-hospital-billing/,resources/what-is-tpa-hospital-billing/index.html,resources,What Is TPA in Hospital Billing? A Plain-Language Guide,What is a TPA in hospital billing? The middle party that pays you.,"A TPA administers health insurance claims between the hospital and the insurer. What pre-authorisation is, what goes in the claim file and why payment is slow.",https://elevateaura.co.in/resources/what-is-tpa-hospital-billing/,index,Answer;Article;BreadcrumbList;FAQPage;ImageObject;ListItem;Organization;Person;Question,1498,30,yes,yes,KEEP,Generated from seo/build/content
https://elevateaura.co.in/resources/what-is-uhid/,resources/what-is-uhid/index.html,resources,"What Is UHID? One Hospital ID Per Patient, Explained",What is a UHID? The number that decides whether a patient has a history.,UHID is the unique hospital identification number given to a patient once and reused for every visit. Why duplicates happen and what they cost your hospital.,https://elevateaura.co.in/resources/what-is-uhid/,index,Answer;Article;BreadcrumbList;FAQPage;ImageObject;ListItem;Organization;Person;Question,1359,32,yes,yes,KEEP,Generated from seo/build/content
https://elevateaura.co.in/resources/why-collections-run-late/,resources/why-collections-run-late/index.html,resources,Why Collections Run Late in a Distribution Business,"Why collections run late, and the order in which to fix the causes.","The real reasons payments arrive late in a distribution business: invoices raised late, ageing nobody sees, no owner for the chase, and disputes found too late.",https://elevateaura.co.in/resources/why-collections-run-late/,index,Answer;Article;BreadcrumbList;FAQPage;ImageObject;ListItem;Organization;Person;Question,1442,32,yes,yes,KEEP,Generated from seo/build/content
https://elevateaura.co.in/resources/why-distributor-stock-never-matches/,resources/why-distributor-stock-never-matches/index.html,resources,Why Distributor Stock Never Matches the Shelf | Guide,"Why distributor stock never matches the shelf, cause by cause.","Why distributor stock never matches the shelf: service consumption, engineer van stock, goods received but unentered, returns, and the fix for each cause.",https://elevateaura.co.in/resources/why-distributor-stock-never-matches/,index,Answer;Article;BreadcrumbList;FAQPage;ImageObject;ListItem;Organization;Person;Question,1746,32,yes,yes,KEEP,Generated from seo/build/content
https://elevateaura.co.in/resources/why-hospital-pharmacy-loses-money-on-expiry/,resources/why-hospital-pharmacy-loses-money-on-expiry/index.html,resources,Why a Hospital Pharmacy Loses Money on Expiry,"Why a hospital pharmacy loses money on expiry, and why it only shows up at the end.","Pharmacy expiry losses explained: how they build quietly, what batch and expiry discipline changes, near-expiry action and the ordering habits behind them.",https://elevateaura.co.in/resources/why-hospital-pharmacy-loses-money-on-expiry/,index,Answer;Article;BreadcrumbList;FAQPage;ImageObject;ListItem;Organization;Person;Question,1414,31,yes,yes,KEEP,Generated from seo/build/content
https://elevateaura.co.in/resources/why-hospital-reports-get-lost-between-departments/,resources/why-hospital-reports-get-lost-between-departments/index.html,resources,Why Hospital Reports Get Lost Between Departments,"Why hospital reports get lost between departments, and what a single record changes.","Reports lost between departments: the handover points where results go missing, what one shared record changes and what to check in your own hospital.",https://elevateaura.co.in/resources/why-hospital-reports-get-lost-between-departments/,index,Answer;Article;BreadcrumbList;FAQPage;ImageObject;ListItem;Organization;Person;Question,1493,34,yes,yes,KEEP,Generated from seo/build/content
https://elevateaura.co.in/seo-services/healthcare-saas-seo/,seo-services/healthcare-saas-seo/index.html,seo-services,Healthcare SaaS SEO for Software Companies | Elevate Aura,"Healthcare SaaS SEO built as clusters, not campaigns.","Healthcare SaaS SEO: feature, comparison, guide and case-study clusters that build authority for software sold to hospitals and diagnostic centres.",https://elevateaura.co.in/seo-services/healthcare-saas-seo/,index,Answer;BreadcrumbList;FAQPage;ListItem;Organization;Person;PostalAddress;Question;Service,1355,30,yes,yes,KEEP,Generated from seo/build/content
https://elevateaura.co.in/seo-services/healthcare-seo-services/,seo-services/healthcare-seo-services/index.html,seo-services,Healthcare SEO Services for Clinics | Elevate Aura,Healthcare SEO services for the clinic a patient finds two streets away.,"Healthcare SEO services for clinics and diagnostic centres: service and condition pages, doctor profiles, local search intent and schema, built and measured.",https://elevateaura.co.in/seo-services/healthcare-seo-services/,index,Answer;BreadcrumbList;FAQPage;ListItem;Organization;Person;PostalAddress;Question;Service,1348,32,yes,yes,KEEP,Generated from seo/build/content
https://elevateaura.co.in/seo-services/hospital-seo-services/,seo-services/hospital-seo-services/index.html,seo-services,Hospital SEO Services for Indian Hospitals | Elevate Aura,"Hospital SEO services built around departments, doctors and appointments.","Hospital SEO services: a page per department and doctor, appointment tracking, GA4 events and schema, with no ranking promises and no fabricated reviews.",https://elevateaura.co.in/seo-services/hospital-seo-services/,index,Answer;BreadcrumbList;FAQPage;ListItem;Organization;Person;PostalAddress;Question;Service,1363,31,yes,yes,KEEP,Generated from seo/build/content
https://elevateaura.co.in/seo-services/medical-device-seo/,seo-services/medical-device-seo/index.html,seo-services,Medical Device SEO for Manufacturers | Elevate Aura,Medical device SEO for manufacturers whose buyers read the technical documents.,"Medical device SEO for manufacturers and OEMs: product, application and technical-documentation content that answers how engineers and clinicians search.",https://elevateaura.co.in/seo-services/medical-device-seo/,index,Answer;BreadcrumbList;FAQPage;ListItem;Organization;Person;PostalAddress;Question;Service,1335,32,yes,yes,KEEP,Generated from seo/build/content
https://elevateaura.co.in/seo-services/medical-equipment-lead-generation/,seo-services/medical-equipment-lead-generation/index.html,seo-services,Medical Equipment Lead Generation Services | Elevate Aura,"Medical equipment lead generation that ends in a CRM record, not an inbox.","Medical equipment lead generation: SEO pages, WhatsApp and enquiry tracking, with every enquiry captured as a source-tagged lead in the Aura Business CRM.",https://elevateaura.co.in/seo-services/medical-equipment-lead-generation/,index,Answer;BreadcrumbList;FAQPage;ListItem;Organization;Person;PostalAddress;Question;Service,1443,35,yes,yes,KEEP,Generated from seo/build/content
https://elevateaura.co.in/seo-services/medical-equipment-seo/,seo-services/medical-equipment-seo/index.html,seo-services,Medical Equipment SEO Services in India | Elevate Aura,Medical equipment SEO that puts a page where the purchase officer is searching.,"Medical equipment SEO: product-line and city landing pages, technical SEO, product schema and enquiry tracking, with Medline Robotics as the worked example.",https://elevateaura.co.in/seo-services/medical-equipment-seo/,index,Answer;BreadcrumbList;FAQPage;ListItem;Organization;Person;PostalAddress;Question;Service,1429,33,yes,yes,KEEP,Generated from seo/build/content
https://elevateaura.co.in/seo-services/programmatic-seo-services/,seo-services/programmatic-seo-services/index.html,seo-services,Programmatic SEO Services Done Responsibly | Elevate Aura,"Programmatic SEO services, with the doorway pages left out.","Programmatic SEO services: real search intent, unique data per page, templates and internal links, 50 to 250 pages per product and city, no doorway pages.",https://elevateaura.co.in/seo-services/programmatic-seo-services/,index,Answer;BreadcrumbList;FAQPage;ListItem;Organization;Person;PostalAddress;Question;Service,1420,32,yes,yes,KEEP,Generated from seo/build/content
https://elevateaura.co.in/web-development/healthcare-b2b-ecommerce-platform/,web-development/healthcare-b2b-ecommerce-platform/index.html,web-development,Healthcare B2B E-commerce Platform Development | Elevate Aura,A healthcare B2B e-commerce platform built around credit terms and price tiers.,"Healthcare B2B e-commerce platform development: multi-tier pricing, credit terms, bulk ordering, distributor onboarding, orders that reach stock and billing.",https://elevateaura.co.in/web-development/healthcare-b2b-ecommerce-platform/,index,Answer;BreadcrumbList;FAQPage;ListItem;Organization;Person;PostalAddress;Question;Service,1440,33,yes,yes,KEEP,Generated from seo/build/content
https://elevateaura.co.in/web-development/healthcare-website-development/,web-development/healthcare-website-development/index.html,web-development,Healthcare Website Development for Hospitals | Elevate Aura,Healthcare website development for the moment a patient is choosing where to go.,"Healthcare website development for hospitals, clinics and diagnostic centres: doctor and department pages, appointment CTAs, fast load times and medical schema.",https://elevateaura.co.in/web-development/healthcare-website-development/,index,Answer;BreadcrumbList;FAQPage;ListItem;Organization;Person;PostalAddress;Question;Service,1383,32,yes,yes,KEEP,Generated from seo/build/content
https://elevateaura.co.in/web-development/medical-distributor-portal-development/,web-development/medical-distributor-portal-development/index.html,web-development,Medical Distributor Portal Development | Elevate Aura,Medical distributor portal development that takes dealers off the phone.,"Medical distributor portal development: dealer login, ordering at dealer prices, price lists, order tracking, UTR payments and a documents vault.",https://elevateaura.co.in/web-development/medical-distributor-portal-development/,index,Answer;BreadcrumbList;FAQPage;ListItem;Organization;Person;PostalAddress;Question;Service,1284,34,yes,yes,KEEP,Generated from seo/build/content
https://elevateaura.co.in/web-development/medical-equipment-ecommerce-development/,web-development/medical-equipment-ecommerce-development/index.html,web-development,Medical Equipment E-commerce Development | Elevate Aura,Medical equipment e-commerce development for buyers who order by quotation and bank transfer.,"Medical equipment e-commerce development: a B2B storefront with quote-to-order, distributor pricing and payment verification by UTR.",https://elevateaura.co.in/web-development/medical-equipment-ecommerce-development/,index,Answer;BreadcrumbList;FAQPage;ListItem;Organization;Person;PostalAddress;Question;Service,1371,35,yes,yes,KEEP,Generated from seo/build/content
https://elevateaura.co.in/web-development/medical-equipment-website-development/,web-development/medical-equipment-website-development/index.html,web-development,Medical Equipment Website Development | Elevate Aura,Medical equipment website development that turns a catalogue into enquiries.,"Medical equipment website development: a catalogue-led site with enquiry and quote forms, WhatsApp CTAs and SEO-ready product pages, in WordPress or Next.js.",https://elevateaura.co.in/web-development/medical-equipment-website-development/,index,Answer;BreadcrumbList;FAQPage;ListItem;Organization;Person;PostalAddress;Question;Service,1402,35,yes,yes,KEEP,Generated from seo/build/content
https://elevateaura.co.in/web-development/medical-product-catalogue-website/,web-development/medical-product-catalogue-website/index.html,web-development,Medical Product Catalogue Website Development | Elevate Aura,A medical product catalogue website where every product has its own page.,"Medical product catalogue website development: a structured catalogue per product line with specifications, brochures and an enquiry on every product.",https://elevateaura.co.in/web-development/medical-product-catalogue-website/,index,Answer;BreadcrumbList;FAQPage;ListItem;Organization;Person;PostalAddress;Question;Service,1379,33,yes,yes,KEEP,Generated from seo/build/content
