id,product,category,page_type,primary_keyword,search_intent,buyer_persona,url,parent_url,phase,status,title,notes
EA-001,aura-business,product,product,medical equipment CRM software,commercial,Owner or service head of a medical-equipment distributor or dealer,/aura-business/medical-equipment-crm-software/,/aura-business.html,0,PUBLISHED,Medical Equipment CRM Software | Aura Business,
EA-002,aura-business,product,product,medical equipment management software,commercial,Owner or service head of a medical-equipment distributor or dealer,/aura-business/medical-equipment-management-software/,/aura-business.html,0,PUBLISHED,Medical Equipment Management Software | Aura Business,
EA-003,aura-business,product,product,medical equipment distributor software,commercial,Owner or service head of a medical-equipment distributor or dealer,/aura-business/medical-equipment-distributor-software/,/aura-business.html,0,PUBLISHED,Medical Equipment Distributor Software | Aura Business,
EA-004,aura-business,product,product,healthcare CRM software,commercial,Owner or service head of a medical-equipment distributor or dealer,/aura-business/healthcare-crm-software/,/aura-business.html,0,PUBLISHED,Healthcare CRM Software | Aura Business,
EA-005,aura-business,product,product,medical equipment business software,commercial,Owner or service head of a medical-equipment distributor or dealer,/aura-business/medical-equipment-management-software/,/aura-business.html,2,PUBLISHED,Medical Equipment Management Software | Aura Business,Served by an existing page; add the keyword to its H2/FAQ rather than a new URL
EA-006,aura-business,product,product,medical equipment ERP software,commercial,Owner or service head of a medical-equipment distributor or dealer,/aura-business/medical-equipment-management-software/,/aura-business.html,2,PUBLISHED,Medical Equipment Management Software | Aura Business,Served by an existing page; add the keyword to its H2/FAQ rather than a new URL
EA-007,aura-business,product,product,medical equipment operations software,commercial,Owner or service head of a medical-equipment distributor or dealer,/aura-business/medical-equipment-management-software/,/aura-business.html,2,PUBLISHED,Medical Equipment Management Software | Aura Business,Served by an existing page; add the keyword to its H2/FAQ rather than a new URL
EA-008,aura-business,product,product,medical device CRM software,commercial,OEM sales head,/aura-business/medical-device-crm-software/,/aura-business.html,1,PUBLISHED,Medical Device CRM Software for OEMs and Dealers | Aura Business,
EA-009,aura-business,product,product,medical distributor CRM,commercial,Owner or service head of a medical-equipment distributor or dealer,/aura-business/medical-equipment-crm-software/,/aura-business.html,2,PUBLISHED,Medical Equipment CRM Software | Aura Business,Served by an existing page; add the keyword to its H2/FAQ rather than a new URL
EA-010,aura-business,product,product,medical equipment dealer management software,commercial,Owner or service head of a medical-equipment distributor or dealer,/aura-business/medical-equipment-dealer-management-software/,/aura-business.html,1,PUBLISHED,Medical Equipment Dealer Management Software | Aura Business,
EA-011,aura-business,product,product,healthcare business automation software,commercial,Owner or service head of a medical-equipment distributor or dealer,/aura-business/healthcare-business-automation-software/,/aura-business.html,0,PUBLISHED,Healthcare Business Automation Software | Aura Business,
EA-012,aura-business,product,product,distributor management software India,commercial,Owner or service head of a medical-equipment distributor or dealer,/aura-business/distributor-management-software-india/,/aura-business.html,2,PLANNED,Distributor Management Software India | Aura Business,Legitimate intent; write when Phase 2 opens and Search Console shows demand for the cluster
EA-013,aura-business,product,product,field service business software India,commercial,Service company owner,/aura-business/field-service-business-software-india/,/aura-business.html,2,PLANNED,,Legitimate intent; write when Phase 2 opens and Search Console shows demand for the cluster
EA-014,aura-business,product,product,equipment dealer software,commercial,Owner or service head of a medical-equipment distributor or dealer,/aura-business/equipment-dealer-software/,/aura-business.html,2,PLANNED,,Legitimate intent; write when Phase 2 opens and Search Console shows demand for the cluster
EA-015,aura-business,feature,feature,medical equipment field service software,commercial,Owner or service head of a medical-equipment distributor or dealer,/aura-business/medical-equipment-field-service-software/,/aura-business.html,0,PUBLISHED,Medical Equipment Field Service Software | Aura Business,
EA-016,aura-business,feature,feature,medical equipment AMC CMC software,commercial,Owner or service head of a medical-equipment distributor or dealer,/aura-business/medical-equipment-amc-cmc-software/,/aura-business.html,0,PUBLISHED,Medical Equipment AMC / CMC Software | Aura Business,
EA-017,aura-business,feature,feature,medical equipment inventory software,commercial,Owner or service head of a medical-equipment distributor or dealer,/aura-business/medical-equipment-inventory-software/,/aura-business.html,0,PUBLISHED,Medical Equipment Inventory Software | Aura Business,
EA-018,aura-business,feature,feature,medical equipment asset management,commercial,Owner or service head of a medical-equipment distributor or dealer,/aura-business/medical-equipment-asset-management/,/aura-business.html,0,PUBLISHED,Medical Equipment Asset Management | Aura Business,
EA-019,aura-business,feature,feature,medical equipment billing software,commercial,Owner or service head of a medical-equipment distributor or dealer,/aura-business/medical-equipment-billing-software/,/aura-business.html,0,PUBLISHED,Medical Equipment Billing Software | Aura Business,
EA-020,aura-business,feature,feature,medical equipment service management software,commercial,Owner or service head of a medical-equipment distributor or dealer,/aura-business/medical-equipment-service-management-software/,/aura-business.html,1,PUBLISHED,Medical Equipment Service Management Software | Aura Business,
EA-021,aura-business,feature,feature,preventive maintenance software,commercial,Owner or service head of a medical-equipment distributor or dealer,/aura-business/preventive-maintenance-software/,/aura-business.html,1,PUBLISHED,Preventive Maintenance Software for Medical Equipment,
EA-022,aura-business,feature,feature,service contract management software,commercial,Owner or service head of a medical-equipment distributor or dealer,/aura-business/service-contract-management-software/,/aura-business.html,1,PUBLISHED,Service Contract Management Software for Dealers | Aura Business,
EA-023,aura-business,feature,feature,medical equipment quotation software,commercial,Owner or service head of a medical-equipment distributor or dealer,/aura-business/medical-equipment-quotation-software/,/aura-business.html,1,PUBLISHED,Medical Equipment Quotation Software with GST | Aura Business,
EA-024,aura-business,feature,feature,technician tracking software,commercial,Owner or service head of a medical-equipment distributor or dealer,/aura-business/field-technician-tracking-app/,/aura-business.html,1,PUBLISHED,Field Technician Tracking App for Service Engineers,
EA-025,aura-business,feature,feature,medical spare parts inventory software,commercial,Owner or service head of a medical-equipment distributor or dealer,/aura-business/medical-spare-parts-inventory-software/,/aura-business.html,1,PUBLISHED,Medical Spare Parts Inventory Software | Aura Business,
EA-026,aura-business,feature,feature,tender management software medical equipment,commercial,Owner or service head of a medical-equipment distributor or dealer,/aura-business/medical-equipment-tender-management-software/,/aura-business.html,1,PUBLISHED,Tender Management Software for Medical Equipment | Aura Business,
EA-027,aura-business,feature,feature,installed base management software,commercial,Owner or service head of a medical-equipment distributor or dealer,/aura-business/installed-base-management-software/,/aura-business.html,1,PUBLISHED,Installed Base Management Software for Equipment | Aura Business,
EA-028,aura-business,feature,feature,GST billing software for medical equipment distributors,commercial,Owner or service head of a medical-equipment distributor or dealer,/aura-business/gst-billing-software-medical-equipment-distributors/,/aura-business.html,1,PUBLISHED,GST Billing Software for Medical Distributors | Aura Business,
EA-029,aura-business,feature,feature,equipment warranty management software,commercial,Owner or service head of a medical-equipment distributor or dealer,/aura-business/medical-equipment-warranty-management-software/,/aura-business.html,1,PUBLISHED,Equipment Warranty Management Software | Aura Business,
EA-030,aura-business,feature,feature,medical distributor analytics dashboard,commercial,Owner or service head of a medical-equipment distributor or dealer,/aura-business/medical-distributor-dashboard-analytics/,/aura-business.html,1,PUBLISHED,Medical Distributor Dashboard and Analytics Software,
EA-031,aura-business,feature,feature,AMC management software,commercial,Owner or service head of a medical-equipment distributor or dealer,/aura-business/medical-equipment-amc-cmc-software/,/aura-business.html,2,PUBLISHED,Medical Equipment AMC / CMC Software | Aura Business,Served by an existing page; add the keyword to its H2/FAQ rather than a new URL
EA-032,aura-business,feature,feature,CMC management software,commercial,Owner or service head of a medical-equipment distributor or dealer,/aura-business/medical-equipment-amc-cmc-software/,/aura-business.html,2,PUBLISHED,Medical Equipment AMC / CMC Software | Aura Business,Served by an existing page; add the keyword to its H2/FAQ rather than a new URL
EA-033,aura-business,feature,feature,AMC renewal software,commercial,Owner or service head of a medical-equipment distributor or dealer,/aura-business/medical-equipment-amc-cmc-software/,/aura-business.html,2,PUBLISHED,Medical Equipment AMC / CMC Software | Aura Business,Served by an existing page; add the keyword to its H2/FAQ rather than a new URL
EA-034,aura-business,feature,feature,AMC billing software,commercial,Owner or service head of a medical-equipment distributor or dealer,/aura-business/amc-billing-software/,/aura-business.html,2,PLANNED,AMC Billing Software for Equipment Dealers | Aura Business,Legitimate intent; write when Phase 2 opens and Search Console shows demand for the cluster
EA-035,aura-business,feature,feature,medical equipment lead management software,commercial,Owner or service head of a medical-equipment distributor or dealer,/aura-business/medical-equipment-lead-management-software/,/aura-business.html,2,PLANNED,Medical Equipment Lead Management Software | Aura Business,Legitimate intent; write when Phase 2 opens and Search Console shows demand for the cluster
EA-036,aura-business,feature,feature,healthcare lead management,commercial,Owner or service head of a medical-equipment distributor or dealer,/aura-business/healthcare-lead-management/,/aura-business.html,2,PLANNED,,Legitimate intent; write when Phase 2 opens and Search Console shows demand for the cluster
EA-037,aura-business,feature,feature,service call management software,commercial,Owner or service head of a medical-equipment distributor or dealer,/aura-business/medical-equipment-service-management-software/,/aura-business.html,2,PUBLISHED,Medical Equipment Service Management Software | Aura Business,Served by an existing page; add the keyword to its H2/FAQ rather than a new URL
EA-038,aura-business,feature,feature,service dispatch software,commercial,Owner or service head of a medical-equipment distributor or dealer,/aura-business/service-dispatch-software/,/aura-business.html,2,PLANNED,Service Dispatch Software for Equipment Engineers | Aura,Legitimate intent; write when Phase 2 opens and Search Console shows demand for the cluster
EA-039,aura-business,feature,feature,mobile job card software,commercial,Owner or service head of a medical-equipment distributor or dealer,/aura-business/mobile-job-card-software/,/aura-business.html,2,PLANNED,Mobile Job Card Software for Field Engineers | Aura Business,Legitimate intent; write when Phase 2 opens and Search Console shows demand for the cluster
EA-040,aura-business,feature,feature,technician GPS tracking,commercial,Owner or service head of a medical-equipment distributor or dealer,/aura-business/field-technician-tracking-app/,/aura-business.html,2,PUBLISHED,Field Technician Tracking App for Service Engineers,Served by an existing page; add the keyword to its H2/FAQ rather than a new URL
EA-041,aura-business,feature,feature,medical service engineer app,commercial,Owner or service head of a medical-equipment distributor or dealer,/mobile-app-development/medical-equipment-service-app/,/aura-business.html,2,PUBLISHED,Medical Equipment Service App for Dealer Engineers | Elevate Aura,Served by an existing page; add the keyword to its H2/FAQ rather than a new URL
EA-042,aura-business,feature,feature,medical equipment stock management software,commercial,Owner or service head of a medical-equipment distributor or dealer,/aura-business/medical-equipment-inventory-software/,/aura-business.html,2,PUBLISHED,Medical Equipment Inventory Software | Aura Business,Served by an existing page; add the keyword to its H2/FAQ rather than a new URL
EA-043,aura-business,feature,feature,medical equipment warehouse management,commercial,Owner or service head of a medical-equipment distributor or dealer,/aura-business/medical-equipment-warehouse-management/,/aura-business.html,2,PLANNED,Medical Equipment Warehouse Management Software | Aura,Legitimate intent; write when Phase 2 opens and Search Console shows demand for the cluster
EA-044,aura-business,feature,feature,batch and expiry tracking software,commercial,Owner or service head of a medical-equipment distributor or dealer,/aura-business/batch-and-expiry-tracking-software/,/aura-business.html,2,PLANNED,,Legitimate intent; write when Phase 2 opens and Search Console shows demand for the cluster
EA-045,aura-business,feature,feature,medical inventory reorder software,commercial,Owner or service head of a medical-equipment distributor or dealer,/aura-business/medical-inventory-reorder-software/,/aura-business.html,2,PLANNED,,Legitimate intent; write when Phase 2 opens and Search Console shows demand for the cluster
EA-046,aura-business,feature,feature,delivery challan software,commercial,Owner or service head of a medical-equipment distributor or dealer,/aura-business/delivery-challan-software/,/aura-business.html,2,PLANNED,Delivery Challan Software for Distributors | Aura Business,Legitimate intent; write when Phase 2 opens and Search Console shows demand for the cluster
EA-047,aura-business,feature,feature,payment tracking software distributors,commercial,Owner or service head of a medical-equipment distributor or dealer,/aura-business/payment-tracking-software-distributors/,/aura-business.html,2,PLANNED,,Legitimate intent; write when Phase 2 opens and Search Console shows demand for the cluster
EA-048,aura-business,feature,feature,outstanding payment tracking software,commercial,Owner or service head of a medical-equipment distributor or dealer,/aura-business/outstanding-payment-tracking-software/,/aura-business.html,2,PLANNED,,Legitimate intent; write when Phase 2 opens and Search Console shows demand for the cluster
EA-049,aura-business,feature,feature,medical distributor invoicing software,commercial,Owner or service head of a medical-equipment distributor or dealer,/aura-business/gst-billing-software-medical-equipment-distributors/,/aura-business.html,2,PUBLISHED,GST Billing Software for Medical Distributors | Aura Business,Served by an existing page; add the keyword to its H2/FAQ rather than a new URL
EA-050,aura-business,feature,feature,e-invoice software for distributors,commercial,Owner or service head of a medical-equipment distributor or dealer,/aura-business/e-invoice-software-for-distributors/,/aura-business.html,2,PLANNED,,Legitimate intent; write when Phase 2 opens and Search Console shows demand for the cluster
EA-051,aura-business,feature,feature,e-way bill software distributors,commercial,Owner or service head of a medical-equipment distributor or dealer,/aura-business/e-way-bill-software-distributors/,/aura-business.html,2,PLANNED,E-Way Bill Software for Distributors and Dealers | Aura,Legitimate intent; write when Phase 2 opens and Search Console shows demand for the cluster
EA-052,aura-business,feature,feature,hospital equipment asset tracking,commercial,Hospital biomedical head,/aura-business/hospital-equipment-asset-tracking/,/aura-business.html,2,PLANNED,,Legitimate intent; write when Phase 2 opens and Search Console shows demand for the cluster
EA-053,aura-business,feature,feature,equipment serial number tracking software,commercial,Owner or service head of a medical-equipment distributor or dealer,/aura-business/installed-base-management-software/,/aura-business.html,2,PUBLISHED,Installed Base Management Software for Equipment | Aura Business,Served by an existing page; add the keyword to its H2/FAQ rather than a new URL
EA-054,aura-business,feature,feature,medical equipment lifecycle management,commercial,Owner or service head of a medical-equipment distributor or dealer,/aura-business/medical-equipment-asset-management/,/aura-business.html,2,PUBLISHED,Medical Equipment Asset Management | Aura Business,Served by an existing page; add the keyword to its H2/FAQ rather than a new URL
EA-055,aura-business,feature,feature,SLA management software field service,commercial,Owner or service head of a medical-equipment distributor or dealer,/aura-business/sla-management-software-field-service/,/aura-business.html,2,PLANNED,,Legitimate intent; write when Phase 2 opens and Search Console shows demand for the cluster
EA-056,aura-business,feature,feature,helpdesk ticketing software for equipment dealers,commercial,Owner or service head of a medical-equipment distributor or dealer,/aura-business/helpdesk-ticketing-software-for-equipment-dealers/,/aura-business.html,2,PLANNED,,Legitimate intent; write when Phase 2 opens and Search Console shows demand for the cluster
EA-057,aura-business,feature,feature,purchase order software distributors,commercial,Owner or service head of a medical-equipment distributor or dealer,/aura-business/purchase-order-software-distributors/,/aura-business.html,2,PLANNED,,Legitimate intent; write when Phase 2 opens and Search Console shows demand for the cluster
EA-058,aura-business,feature,feature,GRN goods receipt software,commercial,Owner or service head of a medical-equipment distributor or dealer,/aura-business/grn-goods-receipt-software/,/aura-business.html,2,PLANNED,,Legitimate intent; write when Phase 2 opens and Search Console shows demand for the cluster
EA-059,aura-business,feature,feature,supplier management software distributors,commercial,Owner or service head of a medical-equipment distributor or dealer,/aura-business/supplier-management-software-distributors/,/aura-business.html,2,PLANNED,,Legitimate intent; write when Phase 2 opens and Search Console shows demand for the cluster
EA-060,aura-business,feature,feature,receivables ageing software,commercial,Owner or service head of a medical-equipment distributor or dealer,/aura-business/receivables-ageing-software/,/aura-business.html,2,PLANNED,Receivables Ageing Software for Distributors | Aura Business,Legitimate intent; write when Phase 2 opens and Search Console shows demand for the cluster
EA-061,aura-business,feature,feature,WhatsApp payment reminder software,commercial,Owner or service head of a medical-equipment distributor or dealer,/aura-business/whatsapp-payment-reminder-software/,/aura-business.html,2,PLANNED,WhatsApp Payment Reminder Software for Dealers | Aura,Legitimate intent; write when Phase 2 opens and Search Console shows demand for the cluster
EA-062,aura-business,feature,feature,distributor order portal software,commercial,Owner or service head of a medical-equipment distributor or dealer,/web-development/medical-distributor-portal-development/,/aura-business.html,2,PUBLISHED,Medical Distributor Portal Development | Elevate Aura,Served by an existing page; add the keyword to its H2/FAQ rather than a new URL
EA-063,aura-business,feature,feature,customer self service portal for distributors,commercial,Owner or service head of a medical-equipment distributor or dealer,/aura-business/customer-self-service-portal-for-distributors/,/aura-business.html,2,PLANNED,,Legitimate intent; write when Phase 2 opens and Search Console shows demand for the cluster
EA-064,aura-business,feature,feature,field staff attendance app GPS selfie,commercial,Owner or service head of a medical-equipment distributor or dealer,/aura-business/field-staff-attendance-app-gps-selfie/,/aura-business.html,2,PLANNED,,Legitimate intent; write when Phase 2 opens and Search Console shows demand for the cluster
EA-065,aura-business,feature,feature,beat plan software sales reps,commercial,Owner or service head of a medical-equipment distributor or dealer,/aura-business/beat-plan-software-sales-reps/,/aura-business.html,2,PLANNED,,Legitimate intent; write when Phase 2 opens and Search Console shows demand for the cluster
EA-066,aura-business,feature,feature,sample tracking software medical devices,commercial,Owner or service head of a medical-equipment distributor or dealer,/aura-business/sample-tracking-software-medical-devices/,/aura-business.html,2,PLANNED,,Legitimate intent; write when Phase 2 opens and Search Console shows demand for the cluster
EA-067,aura-business,feature,feature,territory management software medical sales,commercial,Owner or service head of a medical-equipment distributor or dealer,/aura-business/territory-management-software-medical-sales/,/aura-business.html,2,PLANNED,,Legitimate intent; write when Phase 2 opens and Search Console shows demand for the cluster
EA-068,aura-business,feature,feature,medical equipment sales dashboard,commercial,Owner or service head of a medical-equipment distributor or dealer,/aura-business/medical-distributor-dashboard-analytics/,/aura-business.html,2,PUBLISHED,Medical Distributor Dashboard and Analytics Software,Served by an existing page; add the keyword to its H2/FAQ rather than a new URL
EA-069,aura-business,feature,feature,service management dashboard,commercial,Owner or service head of a medical-equipment distributor or dealer,/aura-business/medical-distributor-dashboard-analytics/,/aura-business.html,2,PUBLISHED,Medical Distributor Dashboard and Analytics Software,Served by an existing page; add the keyword to its H2/FAQ rather than a new URL
EA-070,aura-business,feature,feature,AMC revenue dashboard,commercial,Owner or service head of a medical-equipment distributor or dealer,/aura-business/medical-distributor-dashboard-analytics/,/aura-business.html,2,PUBLISHED,Medical Distributor Dashboard and Analytics Software,Served by an existing page; add the keyword to its H2/FAQ rather than a new URL
EA-071,aura-business,feature,feature,field service analytics,commercial,Owner or service head of a medical-equipment distributor or dealer,/aura-business/field-service-analytics/,/aura-business.html,2,PLANNED,Field Service Analytics Software for Service Heads,Legitimate intent; write when Phase 2 opens and Search Console shows demand for the cluster
EA-072,aura-business,feature,feature,calibration tracking software,commercial,Owner or service head of a medical-equipment distributor or dealer,/aura-business/preventive-maintenance-software/,/aura-business.html,2,PUBLISHED,Preventive Maintenance Software for Medical Equipment,Served by an existing page; add the keyword to its H2/FAQ rather than a new URL
EA-073,aura-business,feature,feature,rate contract management software,commercial,Owner or service head of a medical-equipment distributor or dealer,/aura-business/rate-contract-management-software/,/aura-business.html,2,PLANNED,Rate Contract Management Software for Hospital Supply,Legitimate intent; write when Phase 2 opens and Search Console shows demand for the cluster
EA-074,aura-business,feature,feature,EMD tracking software tenders,commercial,Owner or service head of a medical-equipment distributor or dealer,/aura-business/medical-equipment-tender-management-software/,/aura-business.html,2,PUBLISHED,Tender Management Software for Medical Equipment | Aura Business,Served by an existing page; add the keyword to its H2/FAQ rather than a new URL
EA-075,aura-business,feature,feature,multi-warehouse inventory software India,commercial,Owner or service head of a medical-equipment distributor or dealer,/aura-business/multi-warehouse-inventory-software-india/,/aura-business.html,2,PLANNED,,Legitimate intent; write when Phase 2 opens and Search Console shows demand for the cluster
EA-076,aura-business,feature,feature,barcode inventory software medical,commercial,Owner or service head of a medical-equipment distributor or dealer,/aura-business/barcode-inventory-software-medical/,/aura-business.html,2,PLANNED,,Legitimate intent; write when Phase 2 opens and Search Console shows demand for the cluster
EA-077,aura-business,feature,feature,Tally export CRM,commercial,Owner or service head of a medical-equipment distributor or dealer,/aura-business/tally-export-crm/,/aura-business.html,2,PLANNED,,Legitimate intent; write when Phase 2 opens and Search Console shows demand for the cluster
EA-078,aura-business,application,application,software for medical equipment dealers,commercial,Owner or service head of a medical-equipment distributor or dealer,/aura-business/medical-equipment-dealer-management-software/,/aura-business.html,3,PUBLISHED,Medical Equipment Dealer Management Software | Aura Business,Served by an existing page; add the keyword to its H2/FAQ rather than a new URL
EA-079,aura-business,application,application,software for diagnostic equipment suppliers,commercial,Owner or service head of a medical-equipment distributor or dealer,/aura-business/software-for-diagnostic-equipment-suppliers/,/aura-business.html,3,PLANNED,Software for Diagnostic Equipment Suppliers | Aura Business,Legitimate intent; write when Phase 3 opens and Search Console shows demand for the cluster
EA-080,aura-business,application,application,software for medical device importers,commercial,Importer,/aura-business/software-for-medical-device-importers/,/aura-business.html,3,PLANNED,Software for Medical Device Importers | Aura Business,Legitimate intent; write when Phase 3 opens and Search Console shows demand for the cluster
EA-081,aura-business,application,application,software for surgical instrument distributors,commercial,Owner or service head of a medical-equipment distributor or dealer,/aura-business/software-for-surgical-instrument-distributors/,/aura-business.html,3,PLANNED,Software for Surgical Instrument Distributors | Aura Business,Legitimate intent; write when Phase 3 opens and Search Console shows demand for the cluster
EA-082,aura-business,application,application,software for laboratory equipment dealers,commercial,Owner or service head of a medical-equipment distributor or dealer,/aura-business/software-for-laboratory-equipment-dealers/,/aura-business.html,3,PLANNED,Software for Laboratory Equipment Dealers | Aura Business,Legitimate intent; write when Phase 3 opens and Search Console shows demand for the cluster
EA-083,aura-business,application,application,software for imaging equipment dealers,commercial,Owner or service head of a medical-equipment distributor or dealer,/aura-business/software-for-imaging-equipment-dealers/,/aura-business.html,3,PLANNED,Software for Imaging Equipment Dealers | Aura Business,Legitimate intent; write when Phase 3 opens and Search Console shows demand for the cluster
EA-084,aura-business,application,application,software for dental equipment dealers,commercial,Owner or service head of a medical-equipment distributor or dealer,/aura-business/software-for-dental-equipment-dealers/,/aura-business.html,3,PLANNED,Software for Dental Equipment Dealers | Aura Business,Legitimate intent; write when Phase 3 opens and Search Console shows demand for the cluster
EA-085,aura-business,application,application,software for hospital furniture suppliers,commercial,Owner or service head of a medical-equipment distributor or dealer,/aura-business/software-for-hospital-furniture-suppliers/,/aura-business.html,3,PLANNED,Software for Hospital Furniture Suppliers | Aura Business,Legitimate intent; write when Phase 3 opens and Search Console shows demand for the cluster
EA-086,aura-business,application,application,software for medical consumables distributors,commercial,Owner or service head of a medical-equipment distributor or dealer,/aura-business/software-for-medical-consumables-distributors/,/aura-business.html,3,PLANNED,Software for Medical Consumables Distributors | Aura Business,Legitimate intent; write when Phase 3 opens and Search Console shows demand for the cluster
EA-087,aura-business,application,application,software for biomedical service companies,commercial,Third-party service firm,/aura-business/software-for-biomedical-service-companies/,/aura-business.html,3,PLANNED,Software for Biomedical Service Companies | Aura Business,Legitimate intent; write when Phase 3 opens and Search Console shows demand for the cluster
EA-088,aura-business,application,application,software for equipment rental businesses,commercial,Owner or service head of a medical-equipment distributor or dealer,,/aura-business.html,3,REJECTED,,rental billing cycles are not a verified module
EA-089,aura-business,industry,industry,industrial equipment distributor software,commercial,Industrial dealer,/aura-business/industrial-equipment-distributor-software/,/aura-business.html,4,PLANNED,Industrial Equipment Distributor Software | Aura Business,Legitimate intent; write when Phase 4 opens and Search Console shows demand for the cluster
EA-090,aura-business,industry,industry,electrical equipment dealer software,commercial,Owner or service head of a medical-equipment distributor or dealer,/aura-business/electrical-equipment-dealer-software/,/aura-business.html,4,PLANNED,Electrical Equipment Dealer Software | Aura Business,Legitimate intent; write when Phase 4 opens and Search Console shows demand for the cluster
EA-091,aura-business,industry,industry,building products distributor software,commercial,Owner or service head of a medical-equipment distributor or dealer,/aura-business/building-products-distributor-software/,/aura-business.html,4,PLANNED,Building Products Distributor Software | Aura Business,Legitimate intent; write when Phase 4 opens and Search Console shows demand for the cluster
EA-092,aura-business,industry,industry,HVAC AMC software,commercial,Owner or service head of a medical-equipment distributor or dealer,/aura-business/hvac-amc-software/,/aura-business.html,4,PLANNED,HVAC AMC Software for Maintenance Contracts | Aura Business,Legitimate intent; write when Phase 4 opens and Search Console shows demand for the cluster
EA-093,aura-business,industry,industry,lift AMC management software,commercial,Owner or service head of a medical-equipment distributor or dealer,/aura-business/lift-amc-management-software/,/aura-business.html,4,PLANNED,Lift AMC Management Software for Contracts | Aura Business,Legitimate intent; write when Phase 4 opens and Search Console shows demand for the cluster
EA-094,aura-business,industry,industry,fire safety AMC software,commercial,Owner or service head of a medical-equipment distributor or dealer,/aura-business/fire-safety-amc-software/,/aura-business.html,4,PLANNED,Fire Safety AMC Software for Service Contracts | Aura Business,Legitimate intent; write when Phase 4 opens and Search Console shows demand for the cluster
EA-095,aura-business,industry,industry,pharma distributor software,commercial,Owner or service head of a medical-equipment distributor or dealer,,/aura-business.html,4,REJECTED,,pharma distribution needs drug-licence and scheduled-drug workflows not on record
EA-096,aura-business,persona,persona,hospital sales CRM,commercial,Sales head selling into hospitals,/aura-business/hospital-sales-crm/,/aura-business.html,1,PUBLISHED,Hospital Sales CRM for Medical Equipment Sellers | Aura Business,
EA-097,aura-business,persona,persona,medical sales CRM,commercial,Owner or service head of a medical-equipment distributor or dealer,/aura-business/hospital-sales-crm/,/aura-business.html,4,PUBLISHED,Hospital Sales CRM for Medical Equipment Sellers | Aura Business,Served by an existing page; add the keyword to its H2/FAQ rather than a new URL
EA-098,aura-business,persona,persona,CRM for medical representatives,commercial,Owner or service head of a medical-equipment distributor or dealer,/aura-business/crm-for-medical-representatives/,/aura-business.html,4,PLANNED,CRM for Medical Representatives | Aura Business,Legitimate intent; write when Phase 4 opens and Search Console shows demand for the cluster
EA-099,aura-business,persona,persona,software for service engineers medical equipment,commercial,Service engineer,/mobile-app-development/medical-equipment-service-app/,/aura-business.html,4,PUBLISHED,Medical Equipment Service App for Dealer Engineers | Elevate Aura,Served by an existing page; add the keyword to its H2/FAQ rather than a new URL
EA-100,aura-business,persona,persona,owner dashboard for distribution business,commercial,Owner,/aura-business/medical-distributor-dashboard-analytics/,/aura-business.html,4,PUBLISHED,Medical Distributor Dashboard and Analytics Software,Served by an existing page; add the keyword to its H2/FAQ rather than a new URL
EA-101,aura-business,persona,persona,software for biomedical engineers hospital,commercial,Hospital biomedical,/aura-business/software-for-biomedical-engineers-hospital/,/aura-business.html,4,PLANNED,,Legitimate intent; write when Phase 4 opens and Search Console shows demand for the cluster
EA-102,aura-business,problem,problem,AMC renewals getting missed,informational,Owner or service head of a medical-equipment distributor or dealer,/resources/what-is-amc-software/,/aura-business.html,3,PUBLISHED,What Is AMC Software? A Guide for Equipment Dealers,Served by an existing page; add the keyword to its H2/FAQ rather than a new URL
EA-103,aura-business,problem,problem,how to track medical equipment service history,informational,Owner or service head of a medical-equipment distributor or dealer,/resources/what-is-installed-base-management/,/aura-business.html,3,PUBLISHED,What Is Installed Base Management? A Dealer's Guide,Served by an existing page; add the keyword to its H2/FAQ rather than a new URL
EA-104,aura-business,problem,problem,how to stop revenue leakage in AMC,informational,Owner or service head of a medical-equipment distributor or dealer,/aura-business/how-to-stop-revenue-leakage-in-amc/,/aura-business.html,3,PLANNED,,Legitimate intent; write when Phase 3 opens and Search Console shows demand for the cluster
EA-105,aura-business,problem,problem,how to manage field service engineers,informational,Owner or service head of a medical-equipment distributor or dealer,/resources/how-medical-equipment-service-management-works/,/aura-business.html,3,PUBLISHED,How Medical Equipment Service Management Works,Served by an existing page; add the keyword to its H2/FAQ rather than a new URL
EA-106,aura-business,problem,problem,quotation to invoice in one click GST,informational,Owner or service head of a medical-equipment distributor or dealer,/aura-business/quotation-to-invoice-in-one-click-gst/,/aura-business.html,3,PLANNED,,Legitimate intent; write when Phase 3 opens and Search Console shows demand for the cluster
EA-107,aura-business,problem,problem,stock never matches inventory distributor,informational,Owner or service head of a medical-equipment distributor or dealer,/aura-business/stock-never-matches-inventory-distributor/,/aura-business.html,3,PLANNED,,Legitimate intent; write when Phase 3 opens and Search Console shows demand for the cluster
EA-108,aura-business,problem,problem,collections chased late receivables,informational,Owner or service head of a medical-equipment distributor or dealer,/aura-business/collections-chased-late-receivables/,/aura-business.html,3,PLANNED,,Legitimate intent; write when Phase 3 opens and Search Console shows demand for the cluster
EA-109,aura-business,problem,problem,moving from Excel to CRM distributor,informational,Owner or service head of a medical-equipment distributor or dealer,/compare/spreadsheets-vs-distributor-software/,/aura-business.html,3,PUBLISHED,Spreadsheets vs Distributor Software | Elevate Aura,Served by an existing page; add the keyword to its H2/FAQ rather than a new URL
EA-110,aura-business,comparison,comparison,CRM vs ERP for medical equipment distributors,comparison,Owner or service head of a medical-equipment distributor or dealer,/compare/crm-vs-erp-for-medical-equipment-distributors/,/aura-business.html,8,PUBLISHED,CRM vs ERP for Medical Equipment Distributors | Elevate Aura,
EA-111,aura-business,comparison,comparison,generic CRM vs medical equipment CRM,comparison,Owner or service head of a medical-equipment distributor or dealer,/compare/generic-crm-vs-medical-equipment-crm/,/aura-business.html,8,PUBLISHED,Generic CRM vs Medical Equipment CRM | Elevate Aura,
EA-112,aura-business,comparison,comparison,spreadsheets vs distributor software,comparison,Owner or service head of a medical-equipment distributor or dealer,/compare/spreadsheets-vs-distributor-software/,/aura-business.html,8,PUBLISHED,Spreadsheets vs Distributor Software | Elevate Aura,
EA-113,aura-business,comparison,comparison,AMC vs CMC,comparison,Owner or service head of a medical-equipment distributor or dealer,/compare/amc-vs-cmc/,/aura-business.html,8,PUBLISHED,AMC vs CMC: What Each Contract Covers | Elevate Aura,
EA-114,aura-business,comparison,comparison,Tally vs distributor operations software,comparison,Owner or service head of a medical-equipment distributor or dealer,/aura-business/tally-vs-distributor-operations-software/,/aura-business.html,8,PLANNED,,Legitimate intent; write when Phase 8 opens and Search Console shows demand for the cluster
EA-115,aura-business,comparison,comparison,field service software vs WhatsApp groups,comparison,Owner or service head of a medical-equipment distributor or dealer,/aura-business/field-service-software-vs-whatsapp-groups/,/aura-business.html,8,PLANNED,,Legitimate intent; write when Phase 8 opens and Search Console shows demand for the cluster
EA-116,aura-business,comparison,comparison,per-user CRM vs unlimited-user CRM,comparison,Owner or service head of a medical-equipment distributor or dealer,/aura-business/per-user-crm-vs-unlimited-user-crm/,/aura-business.html,8,PLANNED,,Legitimate intent; write when Phase 8 opens and Search Console shows demand for the cluster
EA-117,aura-business,commercial,commercial,Aura Business pricing,transactional,Owner or service head of a medical-equipment distributor or dealer,/aura-business/medical-equipment-software-pricing/,/aura-business.html,1,PUBLISHED,Medical Equipment Software Pricing | Aura Business,Served by an existing page; add the keyword to its H2/FAQ rather than a new URL
EA-118,aura-business,commercial,commercial,medical equipment CRM demo,transactional,Owner or service head of a medical-equipment distributor or dealer,/contact.html,/aura-business.html,1,PUBLISHED,"Book an Aura Business Demo | Elevate Aura, Chennai",Served by an existing page; add the keyword to its H2/FAQ rather than a new URL
EA-119,aura-business,commercial,commercial,medical equipment CRM price India,transactional,Owner or service head of a medical-equipment distributor or dealer,/aura-business/medical-equipment-software-pricing/,/aura-business.html,1,PUBLISHED,Medical Equipment Software Pricing | Aura Business,Served by an existing page; add the keyword to its H2/FAQ rather than a new URL
EA-120,aura-business,commercial,commercial,best medical equipment distributor software India,transactional,Owner or service head of a medical-equipment distributor or dealer,,/aura-business.html,1,REJECTED,,listicle naming competitors; category comparisons built instead
EA-121,aura-business,commercial,commercial,medical equipment software free trial,transactional,Owner or service head of a medical-equipment distributor or dealer,/demo/aura-business.html,/aura-business.html,1,PUBLISHED,,Served by an existing page; add the keyword to its H2/FAQ rather than a new URL
EA-122,aura-business,country,country,medical equipment software India,commercial,Owner or service head of a medical-equipment distributor or dealer,/aura-business/medical-equipment-distributor-software/,/aura-business.html,5,PUBLISHED,Medical Equipment Distributor Software | Aura Business,Served by an existing page; add the keyword to its H2/FAQ rather than a new URL
EA-123,aura-business,country,country,medical equipment distributor software UAE,commercial,Owner or service head of a medical-equipment distributor or dealer,,/aura-business.html,5,REJECTED,,GST-native billing; no VAT variant verified
EA-124,aura-business,country,country,medical equipment CRM Saudi Arabia,commercial,Owner or service head of a medical-equipment distributor or dealer,,/aura-business.html,5,REJECTED,,same
EA-125,aura-business,city,city,medical equipment software Chennai,local,Owner or service head of a medical-equipment distributor or dealer,/aura-business.html,/aura-business.html,6,PUBLISHED,"Aura Business | Distributor, Field Service & AMC Software",Served by an existing page; add the keyword to its H2/FAQ rather than a new URL
EA-126,aura-business,city,city,medical equipment software Bangalore,local,Owner or service head of a medical-equipment distributor or dealer,/aura-business/medical-equipment-software-bangalore/,/aura-business.html,6,PUBLISHED,Medical Equipment Software in Bangalore | Aura Business,
EA-127,aura-business,city,city,medical equipment software Hyderabad,local,Owner or service head of a medical-equipment distributor or dealer,/aura-business/medical-equipment-software-hyderabad/,/aura-business.html,6,PUBLISHED,Medical Equipment Software in Hyderabad | Aura Business,
EA-128,aura-business,city,city,medical equipment software Mumbai,local,Owner or service head of a medical-equipment distributor or dealer,/aura-business/medical-equipment-software-mumbai/,/aura-business.html,6,PUBLISHED,Medical Equipment Software in Mumbai | Aura Business,
EA-129,aura-business,city,city,medical equipment software Coimbatore,local,Owner or service head of a medical-equipment distributor or dealer,/aura-business/medical-equipment-software-coimbatore/,/aura-business.html,6,PUBLISHED,Medical Equipment Software in Coimbatore | Aura Business,
EA-130,aura-business,city,city,medical equipment software Delhi,local,Owner or service head of a medical-equipment distributor or dealer,/aura-business/medical-equipment-software-delhi/,/aura-business.html,6,PLANNED,Medical Equipment Software in Delhi NCR | Aura Business,Legitimate intent; write when Phase 6 opens and Search Console shows demand for the cluster
EA-131,aura-business,city,city,medical equipment software Pune,local,Owner or service head of a medical-equipment distributor or dealer,/aura-business/medical-equipment-software-pune/,/aura-business.html,6,PLANNED,Medical Equipment Software in Pune | Aura Business,Legitimate intent; write when Phase 6 opens and Search Console shows demand for the cluster
EA-132,aura-business,city,city,medical equipment software Ahmedabad,local,Owner or service head of a medical-equipment distributor or dealer,/aura-business/medical-equipment-software-ahmedabad/,/aura-business.html,6,PLANNED,Medical Equipment Software in Ahmedabad | Aura Business,Legitimate intent; write when Phase 6 opens and Search Console shows demand for the cluster
EA-133,aura-business,city,city,medical equipment software Kochi,local,Owner or service head of a medical-equipment distributor or dealer,/aura-business/medical-equipment-software-kochi/,/aura-business.html,6,PLANNED,Medical Equipment Software in Kochi | Aura Business,Legitimate intent; write when Phase 6 opens and Search Console shows demand for the cluster
EA-134,aura-business,city,city,medical equipment software Kolkata,local,Owner or service head of a medical-equipment distributor or dealer,/aura-business/medical-equipment-software-kolkata/,/aura-business.html,6,PLANNED,Medical Equipment Software in Kolkata | Aura Business,Legitimate intent; write when Phase 6 opens and Search Console shows demand for the cluster
EA-135,aura-business,guide,guide,what is medical equipment CRM,informational,Owner or service head of a medical-equipment distributor or dealer,/resources/what-is-medical-equipment-crm/,/aura-business.html,7,PUBLISHED,What Is Medical Equipment CRM? A Guide for Distributors,
EA-136,aura-business,guide,guide,what is AMC software,informational,Owner or service head of a medical-equipment distributor or dealer,/resources/what-is-amc-software/,/aura-business.html,7,PUBLISHED,What Is AMC Software? A Guide for Equipment Dealers,
EA-137,aura-business,guide,guide,what is CMC,informational,Owner or service head of a medical-equipment distributor or dealer,/resources/what-is-cmc/,/aura-business.html,7,PUBLISHED,What Is CMC? Comprehensive Maintenance Contracts Explained,
EA-138,aura-business,guide,guide,how medical equipment service management works,informational,Owner or service head of a medical-equipment distributor or dealer,/resources/how-medical-equipment-service-management-works/,/aura-business.html,7,PUBLISHED,How Medical Equipment Service Management Works,
EA-139,aura-business,guide,guide,what is preventive maintenance software,informational,Owner or service head of a medical-equipment distributor or dealer,/resources/what-is-preventive-maintenance-software/,/aura-business.html,7,PUBLISHED,What Is Preventive Maintenance Software? A Guide,
EA-140,aura-business,guide,guide,what is installed base management,informational,Owner or service head of a medical-equipment distributor or dealer,/resources/what-is-installed-base-management/,/aura-business.html,7,PUBLISHED,What Is Installed Base Management? A Dealer's Guide,
EA-141,aura-business,guide,guide,how to choose CRM for medical equipment distributor,informational,Owner or service head of a medical-equipment distributor or dealer,/aura-business/how-to-choose-crm-for-medical-equipment-distributor/,/aura-business.html,7,PLANNED,,Legitimate intent; write when Phase 7 opens and Search Console shows demand for the cluster
EA-142,aura-business,guide,guide,what is e-invoice IRN for distributors,informational,Owner or service head of a medical-equipment distributor or dealer,/aura-business/what-is-e-invoice-irn-for-distributors/,/aura-business.html,7,PLANNED,,Legitimate intent; write when Phase 7 opens and Search Console shows demand for the cluster
EA-143,aura-business,guide,guide,what is a delivery challan,informational,Owner or service head of a medical-equipment distributor or dealer,/aura-business/what-is-a-delivery-challan/,/aura-business.html,7,PLANNED,,Legitimate intent; write when Phase 7 opens and Search Console shows demand for the cluster
EA-144,aura-business,guide,guide,what is SLA in equipment service,informational,Owner or service head of a medical-equipment distributor or dealer,/aura-business/what-is-sla-in-equipment-service/,/aura-business.html,7,PLANNED,,Legitimate intent; write when Phase 7 opens and Search Console shows demand for the cluster
EA-145,aura-business,guide,guide,what is a rate contract in government tenders,informational,Owner or service head of a medical-equipment distributor or dealer,/aura-business/what-is-a-rate-contract-in-government-tenders/,/aura-business.html,7,PLANNED,,Legitimate intent; write when Phase 7 opens and Search Console shows demand for the cluster
EA-146,aura-business,guide,guide,what is contract profitability for AMC,informational,Owner or service head of a medical-equipment distributor or dealer,/aura-business/what-is-contract-profitability-for-amc/,/aura-business.html,7,PLANNED,,Legitimate intent; write when Phase 7 opens and Search Console shows demand for the cluster
EA-147,hims,product,product,hospital management system,commercial,"Hospital owner, administrator or IT head at an Indian hospital or clinic",/hims/hospital-management-system/,/hims.html,0,PUBLISHED,Hospital Management System | HIMS by Elevate Aura,
EA-148,hims,product,product,hospital management software India,commercial,"Hospital owner, administrator or IT head at an Indian hospital or clinic",/hims/hospital-management-system/,/hims.html,2,PUBLISHED,Hospital Management System | HIMS by Elevate Aura,Served by an existing page; add the keyword to its H2/FAQ rather than a new URL
EA-149,hims,product,product,hospital information management system,commercial,"Hospital owner, administrator or IT head at an Indian hospital or clinic",/hims/hospital-management-system/,/hims.html,2,PUBLISHED,Hospital Management System | HIMS by Elevate Aura,Served by an existing page; add the keyword to its H2/FAQ rather than a new URL
EA-150,hims,product,product,HIMS software,commercial,"Hospital owner, administrator or IT head at an Indian hospital or clinic",/hims/hospital-management-system/,/hims.html,2,PUBLISHED,Hospital Management System | HIMS by Elevate Aura,Served by an existing page; add the keyword to its H2/FAQ rather than a new URL
EA-151,hims,product,product,hospital ERP software,commercial,"Hospital owner, administrator or IT head at an Indian hospital or clinic",/hims/hospital-erp-software/,/hims.html,1,PUBLISHED,Hospital ERP Software | Operations Modules in HIMS,
EA-152,hims,product,product,clinic management software,commercial,"Hospital owner, administrator or IT head at an Indian hospital or clinic",/hims/clinic-management-software/,/hims.html,0,PUBLISHED,Clinic Management Software | HIMS by Elevate Aura,
EA-153,hims,product,product,multi-specialty hospital software,commercial,"Hospital owner, administrator or IT head at an Indian hospital or clinic",/hims/multi-specialty-hospital-software/,/hims.html,4,PUBLISHED,Multi-Specialty Hospital Software | One Record | HIMS,
EA-154,hims,product,product,hospital administration software,commercial,"Hospital owner, administrator or IT head at an Indian hospital or clinic",/hims/hospital-management-system/,/hims.html,2,PUBLISHED,Hospital Management System | HIMS by Elevate Aura,Served by an existing page; add the keyword to its H2/FAQ rather than a new URL
EA-155,hims,product,product,polyclinic management software,commercial,"Hospital owner, administrator or IT head at an Indian hospital or clinic",/hims/polyclinic-management-software/,/hims.html,2,PLANNED,"Polyclinic Management Software | Many Doctors, One Desk | HIMS",Legitimate intent; write when Phase 2 opens and Search Console shows demand for the cluster
EA-156,hims,product,product,small hospital software India,commercial,"Hospital owner, administrator or IT head at an Indian hospital or clinic",/hims/small-hospital-software-india/,/hims.html,2,PLANNED,,Legitimate intent; write when Phase 2 opens and Search Console shows demand for the cluster
EA-157,hims,product,product,day care centre software,commercial,"Hospital owner, administrator or IT head at an Indian hospital or clinic",/hims/day-care-centre-software/,/hims.html,2,PLANNED,Day Care Centre Software | Same-Day Admission to Bill | HIMS,Legitimate intent; write when Phase 2 opens and Search Console shows demand for the cluster
EA-158,hims,feature,feature,hospital billing software,commercial,"Hospital owner, administrator or IT head at an Indian hospital or clinic",/hims/hospital-billing-software/,/hims.html,0,PUBLISHED,Hospital Billing Software | HIMS by Elevate Aura,
EA-159,hims,feature,feature,hospital appointment software,commercial,"Hospital owner, administrator or IT head at an Indian hospital or clinic",/hims/hospital-appointment-management/,/hims.html,0,PUBLISHED,Hospital Appointment Management | HIMS by Elevate Aura,
EA-160,hims,feature,feature,patient management software,commercial,"Hospital owner, administrator or IT head at an Indian hospital or clinic",/hims/patient-management-software/,/hims.html,0,PUBLISHED,Patient Management Software | HIMS by Elevate Aura,
EA-161,hims,feature,feature,doctor management software,commercial,"Hospital owner, administrator or IT head at an Indian hospital or clinic",/hims/doctor-management-software/,/hims.html,0,PUBLISHED,Doctor Management Software | HIMS by Elevate Aura,
EA-162,hims,feature,feature,hospital pharmacy software,commercial,"Hospital owner, administrator or IT head at an Indian hospital or clinic",/hims/hospital-pharmacy-management/,/hims.html,0,PUBLISHED,Hospital Pharmacy Management Software | HIMS by Elevate Aura,
EA-163,hims,feature,feature,hospital laboratory software,commercial,"Hospital owner, administrator or IT head at an Indian hospital or clinic",/hims/hospital-laboratory-management/,/hims.html,0,PUBLISHED,Hospital Laboratory Management (LIMS) | HIMS by Elevate Aura,
EA-164,hims,feature,feature,hospital inventory software,commercial,"Hospital owner, administrator or IT head at an Indian hospital or clinic",/hims/hospital-inventory-management/,/hims.html,0,PUBLISHED,Hospital Inventory Management Software | HIMS by Elevate Aura,
EA-165,hims,feature,feature,hospital EMR software,commercial,"Hospital owner, administrator or IT head at an Indian hospital or clinic",/hims/hospital-emr-software/,/hims.html,2,PUBLISHED,"Hospital EMR Software | Structured Records, e-Prescription | HIMS",
EA-166,hims,feature,feature,hospital OPD software,commercial,"Hospital owner, administrator or IT head at an Indian hospital or clinic",/hims/hospital-opd-management-software/,/hims.html,2,PUBLISHED,"Hospital OPD Management Software | Tokens, Queues, e-Rx | HIMS",
EA-167,hims,feature,feature,hospital IPD software,commercial,"Hospital owner, administrator or IT head at an Indian hospital or clinic",/hims/hospital-ipd-management-software/,/hims.html,2,PUBLISHED,Hospital IPD Management Software | Admission to Discharge | HIMS,
EA-168,hims,feature,feature,hospital TPA software,commercial,"Hospital owner, administrator or IT head at an Indian hospital or clinic",/hims/hospital-insurance-tpa-billing-software/,/hims.html,2,PUBLISHED,"Hospital TPA and Insurance Billing Software | Claims, GST | HIMS",
EA-169,hims,feature,feature,hospital insurance billing software,commercial,"Hospital owner, administrator or IT head at an Indian hospital or clinic",/hims/hospital-insurance-tpa-billing-software/,/hims.html,2,PUBLISHED,"Hospital TPA and Insurance Billing Software | Claims, GST | HIMS",Served by an existing page; add the keyword to its H2/FAQ rather than a new URL
EA-170,hims,feature,feature,hospital bed management software,commercial,"Hospital owner, administrator or IT head at an Indian hospital or clinic",/hims/hospital-bed-management-software/,/hims.html,2,PUBLISHED,Hospital Bed Management Software | Live Ward Occupancy | HIMS,
EA-171,hims,feature,feature,hospital queue management software,commercial,"Hospital owner, administrator or IT head at an Indian hospital or clinic",/hims/hospital-queue-management-software/,/hims.html,2,PUBLISHED,Hospital Queue Management Software | HIMS,
EA-172,hims,feature,feature,operation theatre management software,commercial,"Hospital owner, administrator or IT head at an Indian hospital or clinic",/hims/operation-theatre-management-software/,/hims.html,2,PUBLISHED,Operation Theatre Management Software | HIMS,
EA-173,hims,feature,feature,ICU management software,commercial,"Hospital owner, administrator or IT head at an Indian hospital or clinic",/hims/icu-management-software/,/hims.html,2,PUBLISHED,ICU Management Software | HIMS,
EA-174,hims,feature,feature,emergency department software,commercial,"Hospital owner, administrator or IT head at an Indian hospital or clinic",/hims/emergency-department-software/,/hims.html,2,PUBLISHED,Emergency Department Software | Casualty Triage Board | HIMS,
EA-175,hims,feature,feature,hospital discharge management software,commercial,"Hospital owner, administrator or IT head at an Indian hospital or clinic",/hims/hospital-ipd-management-software/,/hims.html,2,PUBLISHED,Hospital IPD Management Software | Admission to Discharge | HIMS,Served by an existing page; add the keyword to its H2/FAQ rather than a new URL
EA-176,hims,feature,feature,hospital nursing management software,commercial,"Hospital owner, administrator or IT head at an Indian hospital or clinic",/hims/hospital-nursing-management-software/,/hims.html,2,PLANNED,"Hospital Nursing Management Software | Charts, Handover | HIMS",Legitimate intent; write when Phase 2 opens and Search Console shows demand for the cluster
EA-177,hims,feature,feature,hospital asset management software,commercial,Biomedical head,/hims/hospital-asset-management-software/,/hims.html,2,PLANNED,Hospital Asset Management Software | Biomedical Register | HIMS,Legitimate intent; write when Phase 2 opens and Search Console shows demand for the cluster
EA-178,hims,feature,feature,hospital finance software,commercial,"Hospital owner, administrator or IT head at an Indian hospital or clinic",/hims/hospital-erp-software/,/hims.html,2,PUBLISHED,Hospital ERP Software | Operations Modules in HIMS,Served by an existing page; add the keyword to its H2/FAQ rather than a new URL
EA-179,hims,feature,feature,e-prescription software India,commercial,"Hospital owner, administrator or IT head at an Indian hospital or clinic",/hims/e-prescription-software-india/,/hims.html,2,PLANNED,,Legitimate intent; write when Phase 2 opens and Search Console shows demand for the cluster
EA-180,hims,feature,feature,patient portal software hospital,commercial,"Hospital owner, administrator or IT head at an Indian hospital or clinic",/mobile-app-development/patient-app-development/,/hims.html,2,PUBLISHED,"Patient App Development: Appointments, Reports, Bills",Served by an existing page; add the keyword to its H2/FAQ rather than a new URL
EA-181,hims,feature,feature,hospital token system software,commercial,"Hospital owner, administrator or IT head at an Indian hospital or clinic",/hims/hospital-queue-management-software/,/hims.html,2,PUBLISHED,Hospital Queue Management Software | HIMS,Served by an existing page; add the keyword to its H2/FAQ rather than a new URL
EA-182,hims,feature,feature,LIMS software for hospitals,commercial,"Hospital owner, administrator or IT head at an Indian hospital or clinic",/hims/hospital-laboratory-management/,/hims.html,2,PUBLISHED,Hospital Laboratory Management (LIMS) | HIMS by Elevate Aura,Served by an existing page; add the keyword to its H2/FAQ rather than a new URL
EA-183,hims,feature,feature,pharmacy stock expiry software hospital,commercial,"Hospital owner, administrator or IT head at an Indian hospital or clinic",/hims/hospital-pharmacy-management/,/hims.html,2,PUBLISHED,Hospital Pharmacy Management Software | HIMS by Elevate Aura,Served by an existing page; add the keyword to its H2/FAQ rather than a new URL
EA-184,hims,feature,feature,hospital GST billing software,commercial,"Hospital owner, administrator or IT head at an Indian hospital or clinic",/hims/hospital-billing-software/,/hims.html,2,PUBLISHED,Hospital Billing Software | HIMS by Elevate Aura,Served by an existing page; add the keyword to its H2/FAQ rather than a new URL
EA-185,hims,feature,feature,hospital MIS dashboard,commercial,"Hospital owner, administrator or IT head at an Indian hospital or clinic",/hims/hospital-mis-dashboard/,/hims.html,2,PLANNED,"Hospital MIS Dashboard | Live OP, IP, Beds, Collections | HIMS",Legitimate intent; write when Phase 2 opens and Search Console shows demand for the cluster
EA-186,hims,feature,feature,hospital consumables inventory software,commercial,"Hospital owner, administrator or IT head at an Indian hospital or clinic",/hims/hospital-inventory-management/,/hims.html,2,PUBLISHED,Hospital Inventory Management Software | HIMS by Elevate Aura,Served by an existing page; add the keyword to its H2/FAQ rather than a new URL
EA-187,hims,feature,feature,hospital procurement software,commercial,"Hospital owner, administrator or IT head at an Indian hospital or clinic",/hims/hospital-procurement-software/,/hims.html,2,PLANNED,Hospital Procurement Software | Indents to Goods Receipt | HIMS,Legitimate intent; write when Phase 2 opens and Search Console shows demand for the cluster
EA-188,hims,feature,feature,doctor roster software,commercial,"Hospital owner, administrator or IT head at an Indian hospital or clinic",/hims/doctor-management-software/,/hims.html,2,PUBLISHED,Doctor Management Software | HIMS by Elevate Aura,Served by an existing page; add the keyword to its H2/FAQ rather than a new URL
EA-189,hims,feature,feature,hospital radiology module PACS integration,commercial,"Hospital owner, administrator or IT head at an Indian hospital or clinic",/aurapacs/hospital-pacs-software/,/hims.html,2,PUBLISHED,Hospital PACS Software | AuraPACS,Served by an existing page; add the keyword to its H2/FAQ rather than a new URL
EA-190,hims,feature,feature,ABHA ready hospital software,commercial,"Hospital owner, administrator or IT head at an Indian hospital or clinic",/hims/abha-abdm-ready-hospital-software/,/hims.html,1,PUBLISHED,ABHA and ABDM Ready Hospital Software | What It Means | HIMS,
EA-191,hims,feature,feature,ABDM compliant HMIS,commercial,"Hospital owner, administrator or IT head at an Indian hospital or clinic",/hims/abha-abdm-ready-hospital-software/,/hims.html,2,PUBLISHED,ABHA and ABDM Ready Hospital Software | What It Means | HIMS,Served by an existing page; add the keyword to its H2/FAQ rather than a new URL
EA-192,hims,feature,feature,NABH documentation software,commercial,"Hospital owner, administrator or IT head at an Indian hospital or clinic",/hims/nabh-documentation-software/,/hims.html,2,PLANNED,NABH Documentation Software for Hospitals | HIMS,Legitimate intent; write when Phase 2 opens and Search Console shows demand for the cluster
EA-193,hims,feature,feature,hospital WhatsApp appointment reminders,commercial,"Hospital owner, administrator or IT head at an Indian hospital or clinic",/hims/hospital-whatsapp-appointment-reminders/,/hims.html,2,PLANNED,Hospital WhatsApp Appointment Reminders | Fewer No-Shows | HIMS,Legitimate intent; write when Phase 2 opens and Search Console shows demand for the cluster
EA-194,hims,feature,feature,hospital audit trail software,commercial,"Hospital owner, administrator or IT head at an Indian hospital or clinic",/hims/hospital-audit-trail-software/,/hims.html,2,PLANNED,"Hospital Audit Trail Software | Who Did What, When | HIMS",Legitimate intent; write when Phase 2 opens and Search Console shows demand for the cluster
EA-195,hims,feature,feature,UHID patient registration software,commercial,"Hospital owner, administrator or IT head at an Indian hospital or clinic",/hims/uhid-patient-registration-software/,/hims.html,2,PLANNED,UHID Patient Registration Software | One Hospital ID | HIMS,Legitimate intent; write when Phase 2 opens and Search Console shows demand for the cluster
EA-196,hims,feature,feature,hospital package billing software,commercial,"Hospital owner, administrator or IT head at an Indian hospital or clinic",/hims/hospital-package-billing-software/,/hims.html,2,PLANNED,Hospital Package Billing Software | Surgery Packages | HIMS,Legitimate intent; write when Phase 2 opens and Search Console shows demand for the cluster
EA-197,hims,feature,feature,hospital credit and corporate billing,commercial,"Hospital owner, administrator or IT head at an Indian hospital or clinic",/hims/hospital-credit-and-corporate-billing/,/hims.html,2,PLANNED,,Legitimate intent; write when Phase 2 opens and Search Console shows demand for the cluster
EA-198,hims,feature,feature,blood bank software,commercial,"Hospital owner, administrator or IT head at an Indian hospital or clinic",,/hims.html,2,REJECTED,,no blood bank module on record
EA-199,hims,feature,feature,hospital HR payroll software,commercial,"Hospital owner, administrator or IT head at an Indian hospital or clinic",,/hims.html,2,REJECTED,,HR is not a HIMS module on record
EA-200,hims,feature,feature,telemedicine software India,commercial,"Hospital owner, administrator or IT head at an Indian hospital or clinic",,/hims.html,2,REJECTED,,teleconsultation is listed in knowsAbout only; no module described
EA-201,hims,application,application,hospital software for 50 bed hospital,commercial,"Hospital owner, administrator or IT head at an Indian hospital or clinic",/hims/hospital-software-for-50-bed-hospital/,/hims.html,3,PLANNED,,Legitimate intent; write when Phase 3 opens and Search Console shows demand for the cluster
EA-202,hims,application,application,hospital software for 100 bed hospital,commercial,"Hospital owner, administrator or IT head at an Indian hospital or clinic",/hims/hospital-software-for-100-bed-hospital/,/hims.html,3,PLANNED,,Legitimate intent; write when Phase 3 opens and Search Console shows demand for the cluster
EA-203,hims,application,application,software for charitable hospitals,commercial,"Hospital owner, administrator or IT head at an Indian hospital or clinic",/hims/software-for-charitable-hospitals/,/hims.html,3,PLANNED,,Legitimate intent; write when Phase 3 opens and Search Console shows demand for the cluster
EA-204,hims,application,application,software for corporate hospital chains,commercial,"Hospital owner, administrator or IT head at an Indian hospital or clinic",,/hims.html,3,REJECTED,,multi-entity consolidation not on record
EA-205,hims,industry,industry,nursing home management software,commercial,"Hospital owner, administrator or IT head at an Indian hospital or clinic",/hims/nursing-home-management-software/,/hims.html,4,PUBLISHED,"Nursing Home Management Software | Beds, Nursing, Billing | HIMS",
EA-206,hims,industry,industry,dental clinic management software,commercial,"Hospital owner, administrator or IT head at an Indian hospital or clinic",/hims/dental-clinic-management-software/,/hims.html,4,PUBLISHED,Dental Clinic Management Software | Chair to Bill | HIMS,
EA-207,hims,industry,industry,diagnostic centre management software,commercial,"Hospital owner, administrator or IT head at an Indian hospital or clinic",/hims/diagnostic-centre-management-software/,/hims.html,4,PUBLISHED,Diagnostic Centre Management Software | HIMS,
EA-208,hims,industry,industry,eye hospital management software,commercial,"Hospital owner, administrator or IT head at an Indian hospital or clinic",/hims/eye-hospital-management-software/,/hims.html,4,PLANNED,Eye Hospital Management Software | High OP Volume | HIMS,Legitimate intent; write when Phase 4 opens and Search Console shows demand for the cluster
EA-209,hims,industry,industry,maternity hospital software,commercial,"Hospital owner, administrator or IT head at an Indian hospital or clinic",/hims/maternity-hospital-software/,/hims.html,4,PLANNED,Maternity Hospital Software | Antenatal to Discharge | HIMS,Legitimate intent; write when Phase 4 opens and Search Console shows demand for the cluster
EA-210,hims,industry,industry,orthopaedic hospital software,commercial,"Hospital owner, administrator or IT head at an Indian hospital or clinic",/hims/orthopaedic-hospital-software/,/hims.html,4,PLANNED,Orthopaedic Hospital Software | Theatre and Implants | HIMS,Legitimate intent; write when Phase 4 opens and Search Console shows demand for the cluster
EA-211,hims,industry,industry,paediatric clinic software,commercial,"Hospital owner, administrator or IT head at an Indian hospital or clinic",/hims/paediatric-clinic-software/,/hims.html,4,PLANNED,"Paediatric Clinic Software | Visits, Vaccines, Parents | HIMS",Legitimate intent; write when Phase 4 opens and Search Console shows demand for the cluster
EA-212,hims,industry,industry,physiotherapy clinic software,commercial,"Hospital owner, administrator or IT head at an Indian hospital or clinic",/hims/physiotherapy-clinic-software/,/hims.html,4,PLANNED,Physiotherapy Clinic Software | Session Packages | HIMS,Legitimate intent; write when Phase 4 opens and Search Console shows demand for the cluster
EA-213,hims,industry,industry,ayurveda hospital software,commercial,"Hospital owner, administrator or IT head at an Indian hospital or clinic",/hims/ayurveda-hospital-software/,/hims.html,4,PLANNED,"Ayurveda Hospital Software | Therapy Rooms, Courses | HIMS",Legitimate intent; write when Phase 4 opens and Search Console shows demand for the cluster
EA-214,hims,industry,industry,dialysis centre software,commercial,"Hospital owner, administrator or IT head at an Indian hospital or clinic",,/hims.html,4,REJECTED,,dialysis session scheduling not on record
EA-215,hims,industry,industry,IVF clinic software,commercial,"Hospital owner, administrator or IT head at an Indian hospital or clinic",,/hims.html,4,REJECTED,,fertility cycle workflows not on record
EA-216,hims,industry,industry,cardiology hospital software,commercial,"Hospital owner, administrator or IT head at an Indian hospital or clinic",,/hims.html,4,REJECTED,,no specialty modules; would be a renamed page
EA-217,hims,industry,industry,dermatology clinic software,commercial,"Hospital owner, administrator or IT head at an Indian hospital or clinic",,/hims.html,4,REJECTED,,same
EA-218,hims,industry,industry,ENT clinic software,commercial,"Hospital owner, administrator or IT head at an Indian hospital or clinic",,/hims.html,4,REJECTED,,same
EA-219,hims,industry,industry,neurology hospital software,commercial,"Hospital owner, administrator or IT head at an Indian hospital or clinic",,/hims.html,4,REJECTED,,same
EA-220,hims,industry,industry,urology hospital software,commercial,"Hospital owner, administrator or IT head at an Indian hospital or clinic",,/hims.html,4,REJECTED,,same
EA-221,hims,industry,industry,general surgery hospital software,commercial,"Hospital owner, administrator or IT head at an Indian hospital or clinic",,/hims.html,4,REJECTED,,same
EA-222,hims,industry,industry,radiology centre software,commercial,"Hospital owner, administrator or IT head at an Indian hospital or clinic",/aurapacs/imaging-centre-software/,/hims.html,4,PUBLISHED,Imaging Centre Software | Desk to Report to GST Bill | AuraPACS,Served by an existing page; add the keyword to its H2/FAQ rather than a new URL
EA-223,hims,industry,industry,pathology lab software,commercial,"Hospital owner, administrator or IT head at an Indian hospital or clinic",/hims/hospital-laboratory-management/,/hims.html,4,PUBLISHED,Hospital Laboratory Management (LIMS) | HIMS by Elevate Aura,Served by an existing page; add the keyword to its H2/FAQ rather than a new URL
EA-224,hims,persona,persona,hospital software for administrators,commercial,Administrator,/hims/hospital-software-for-administrators/,/hims.html,4,PLANNED,Hospital Software for Administrators | Run the Day | HIMS,Legitimate intent; write when Phase 4 opens and Search Console shows demand for the cluster
EA-225,hims,persona,persona,front desk software hospital,commercial,Front desk,/hims/hospital-opd-management-software/,/hims.html,4,PUBLISHED,"Hospital OPD Management Software | Tokens, Queues, e-Rx | HIMS",Served by an existing page; add the keyword to its H2/FAQ rather than a new URL
EA-226,hims,persona,persona,software for hospital owners dashboard,commercial,Owner,/hims/software-for-hospital-owners-dashboard/,/hims.html,4,PLANNED,,Legitimate intent; write when Phase 4 opens and Search Console shows demand for the cluster
EA-227,hims,persona,persona,software for nursing staff charts,commercial,Nursing,/hims/software-for-nursing-staff-charts/,/hims.html,4,PLANNED,,Legitimate intent; write when Phase 4 opens and Search Console shows demand for the cluster
EA-228,hims,problem,problem,patients re-explaining history at every counter,informational,"Hospital owner, administrator or IT head at an Indian hospital or clinic",/hims/hospital-emr-software/,/hims.html,3,PUBLISHED,"Hospital EMR Software | Structured Records, e-Prescription | HIMS",Served by an existing page; add the keyword to its H2/FAQ rather than a new URL
EA-229,hims,problem,problem,TPA claims delayed hospital,informational,"Hospital owner, administrator or IT head at an Indian hospital or clinic",/hims/hospital-insurance-tpa-billing-software/,/hims.html,3,PUBLISHED,"Hospital TPA and Insurance Billing Software | Claims, GST | HIMS",Served by an existing page; add the keyword to its H2/FAQ rather than a new URL
EA-230,hims,problem,problem,reports lost between departments,informational,"Hospital owner, administrator or IT head at an Indian hospital or clinic",/hims/reports-lost-between-departments/,/hims.html,3,PLANNED,,Legitimate intent; write when Phase 3 opens and Search Console shows demand for the cluster
EA-231,hims,problem,problem,OPD waiting time reduce,informational,"Hospital owner, administrator or IT head at an Indian hospital or clinic",/hims/hospital-queue-management-software/,/hims.html,3,PUBLISHED,Hospital Queue Management Software | HIMS,Served by an existing page; add the keyword to its H2/FAQ rather than a new URL
EA-232,hims,problem,problem,pharmacy expiry losses hospital,informational,"Hospital owner, administrator or IT head at an Indian hospital or clinic",/hims/pharmacy-expiry-losses-hospital/,/hims.html,3,PLANNED,,Legitimate intent; write when Phase 3 opens and Search Console shows demand for the cluster
EA-233,hims,problem,problem,moving hospital from paper to software,informational,"Hospital owner, administrator or IT head at an Indian hospital or clinic",/hims/moving-hospital-from-paper-to-software/,/hims.html,3,PLANNED,,Legitimate intent; write when Phase 3 opens and Search Console shows demand for the cluster
EA-234,hims,comparison,comparison,HIMS vs hospital ERP,comparison,"Hospital owner, administrator or IT head at an Indian hospital or clinic",/compare/hims-vs-hospital-erp/,/hims.html,8,PUBLISHED,HIMS vs Hospital ERP: Which Do You Need | Elevate Aura,
EA-235,hims,comparison,comparison,HIMS vs EMR,comparison,"Hospital owner, administrator or IT head at an Indian hospital or clinic",/hims/hims-vs-emr/,/hims.html,8,PLANNED,,Legitimate intent; write when Phase 8 opens and Search Console shows demand for the cluster
EA-236,hims,comparison,comparison,cloud vs on-premise hospital software,comparison,"Hospital owner, administrator or IT head at an Indian hospital or clinic",/hims/cloud-vs-on-premise-hospital-software/,/hims.html,8,PLANNED,,Legitimate intent; write when Phase 8 opens and Search Console shows demand for the cluster
EA-237,hims,comparison,comparison,HMS vs HIMS difference,comparison,"Hospital owner, administrator or IT head at an Indian hospital or clinic",/resources/what-is-hims/,/hims.html,8,PUBLISHED,What Is HIMS? Hospital Information Management Explained,Served by an existing page; add the keyword to its H2/FAQ rather than a new URL
EA-238,hims,commercial,commercial,hospital management software demo,transactional,"Hospital owner, administrator or IT head at an Indian hospital or clinic",/demo/hospital.html,/hims.html,1,PUBLISHED,,Served by an existing page; add the keyword to its H2/FAQ rather than a new URL
EA-239,hims,commercial,commercial,hospital management software price India,transactional,"Hospital owner, administrator or IT head at an Indian hospital or clinic",/hims/hospital-management-software-pricing/,/hims.html,1,PUBLISHED,Hospital Management Software Pricing India | HIMS,Served by an existing page; add the keyword to its H2/FAQ rather than a new URL
EA-240,hims,commercial,commercial,best hospital management software India,transactional,"Hospital owner, administrator or IT head at an Indian hospital or clinic",,/hims.html,1,REJECTED,,competitor listicle; guide and comparison built instead
EA-241,hims,country,country,hospital software India,commercial,"Hospital owner, administrator or IT head at an Indian hospital or clinic",/hims/hospital-management-system/,/hims.html,5,PUBLISHED,Hospital Management System | HIMS by Elevate Aura,Served by an existing page; add the keyword to its H2/FAQ rather than a new URL
EA-242,hims,country,country,hospital management software UAE,commercial,"Hospital owner, administrator or IT head at an Indian hospital or clinic",,/hims.html,5,REJECTED,,TPA/GST/ABDM are India-specific; not verified for Gulf insurance workflows
EA-243,hims,country,country,hospital management software Nigeria,commercial,"Hospital owner, administrator or IT head at an Indian hospital or clinic",,/hims.html,5,REJECTED,,same
EA-244,hims,city,city,hospital management software Chennai,local,"Hospital owner, administrator or IT head at an Indian hospital or clinic",/hims/hospital-management-software-chennai/,/hims.html,0,PUBLISHED,Hospital Management Software in Chennai | HIMS by Elevate Aura,
EA-245,hims,city,city,hospital management software Coimbatore,local,"Hospital owner, administrator or IT head at an Indian hospital or clinic",/hims/hospital-management-software-coimbatore/,/hims.html,6,PUBLISHED,Hospital Management Software in Coimbatore | HIMS,
EA-246,hims,city,city,hospital management software Madurai,local,"Hospital owner, administrator or IT head at an Indian hospital or clinic",/hims/hospital-management-software-madurai/,/hims.html,6,PUBLISHED,Hospital Management Software in Madurai | HIMS,
EA-247,hims,city,city,hospital management software Trichy,local,"Hospital owner, administrator or IT head at an Indian hospital or clinic",/hims/hospital-management-software-trichy/,/hims.html,6,PLANNED,Hospital Management Software in Trichy | Elevate Aura,Legitimate intent; write when Phase 6 opens and Search Console shows demand for the cluster
EA-248,hims,city,city,hospital management software Salem,local,"Hospital owner, administrator or IT head at an Indian hospital or clinic",/hims/hospital-management-software-salem/,/hims.html,6,PLANNED,Salem Hospital Management Software | HIMS by Elevate Aura,Legitimate intent; write when Phase 6 opens and Search Console shows demand for the cluster
EA-249,hims,city,city,hospital management software Vellore,local,"Hospital owner, administrator or IT head at an Indian hospital or clinic",/hims/hospital-management-software-vellore/,/hims.html,6,PLANNED,Hospital Management Software in Vellore | Elevate Aura,Legitimate intent; write when Phase 6 opens and Search Console shows demand for the cluster
EA-250,hims,city,city,hospital management software Pondicherry,local,"Hospital owner, administrator or IT head at an Indian hospital or clinic",/hims/hospital-management-software-pondicherry/,/hims.html,6,PLANNED,Hospital Management Software in Pondicherry | HIMS,Legitimate intent; write when Phase 6 opens and Search Console shows demand for the cluster
EA-251,hims,city,city,hospital management software Bangalore,local,"Hospital owner, administrator or IT head at an Indian hospital or clinic",/hims/hospital-management-software-bangalore/,/hims.html,6,PLANNED,Hospital Management Software in Bangalore | HIMS,Legitimate intent; write when Phase 6 opens and Search Console shows demand for the cluster
EA-252,hims,city,city,hospital management software Hyderabad,local,"Hospital owner, administrator or IT head at an Indian hospital or clinic",/hims/hospital-management-software-hyderabad/,/hims.html,6,PLANNED,Hospital Management Software in Hyderabad | HIMS,Legitimate intent; write when Phase 6 opens and Search Console shows demand for the cluster
EA-253,hims,city,city,clinic management software Chennai,local,"Hospital owner, administrator or IT head at an Indian hospital or clinic",/hims/clinic-management-software-chennai/,/hims.html,6,PLANNED,Clinic Management Software in Chennai | Elevate Aura,Legitimate intent; write when Phase 6 opens and Search Console shows demand for the cluster
EA-254,hims,guide,guide,what is HIMS,informational,"Hospital owner, administrator or IT head at an Indian hospital or clinic",/resources/what-is-hims/,/hims.html,7,PUBLISHED,What Is HIMS? Hospital Information Management Explained,
EA-255,hims,guide,guide,how to choose hospital management software,informational,"Hospital owner, administrator or IT head at an Indian hospital or clinic",/resources/how-to-choose-hospital-management-software/,/hims.html,7,PUBLISHED,How to Choose Hospital Management Software in India,
EA-256,hims,guide,guide,what is ABHA,informational,"Hospital owner, administrator or IT head at an Indian hospital or clinic",/hims/abha-abdm-ready-hospital-software/,/hims.html,7,PUBLISHED,ABHA and ABDM Ready Hospital Software | What It Means | HIMS,Served by an existing page; add the keyword to its H2/FAQ rather than a new URL
EA-257,hims,guide,guide,what is TPA in hospital billing,informational,"Hospital owner, administrator or IT head at an Indian hospital or clinic",/hims/what-is-tpa-in-hospital-billing/,/hims.html,7,PLANNED,,Legitimate intent; write when Phase 7 opens and Search Console shows demand for the cluster
EA-258,hims,guide,guide,what is EMR vs EHR,informational,"Hospital owner, administrator or IT head at an Indian hospital or clinic",/hims/what-is-emr-vs-ehr/,/hims.html,7,PLANNED,,Legitimate intent; write when Phase 7 opens and Search Console shows demand for the cluster
EA-259,hims,guide,guide,what is UHID,informational,"Hospital owner, administrator or IT head at an Indian hospital or clinic",/hims/what-is-uhid/,/hims.html,7,PLANNED,,Legitimate intent; write when Phase 7 opens and Search Console shows demand for the cluster
EA-260,hims,guide,guide,hospital software implementation checklist,informational,"Hospital owner, administrator or IT head at an Indian hospital or clinic",/hims/hospital-software-implementation-checklist/,/hims.html,7,PLANNED,,Legitimate intent; write when Phase 7 opens and Search Console shows demand for the cluster
EA-261,hims,guide,guide,what is NABH documentation,informational,"Hospital owner, administrator or IT head at an Indian hospital or clinic",/hims/what-is-nabh-documentation/,/hims.html,7,PLANNED,,Legitimate intent; write when Phase 7 opens and Search Console shows demand for the cluster
EA-262,hims,guide,guide,what is a discharge summary,informational,"Hospital owner, administrator or IT head at an Indian hospital or clinic",/hims/what-is-a-discharge-summary/,/hims.html,7,PLANNED,,Legitimate intent; write when Phase 7 opens and Search Console shows demand for the cluster
EA-263,aurapacs,product,product,PACS software,commercial,"Owner or radiologist at a diagnostic centre, clinic or small hospital",/aurapacs/pacs-software/,/aurapacs.html,0,PUBLISHED,PACS Software | Browser-Based Medical Image Storage & Viewing | AuraPACS,
EA-264,aurapacs,product,product,DICOM viewer,commercial,"Owner or radiologist at a diagnostic centre, clinic or small hospital",/aurapacs/dicom-viewer/,/aurapacs.html,0,PUBLISHED,DICOM Viewer | Zero-Download Browser Medical Image Viewer | AuraPACS,
EA-265,aurapacs,product,product,cloud PACS software,commercial,"Owner or radiologist at a diagnostic centre, clinic or small hospital",/aurapacs/cloud-pacs-software/,/aurapacs.html,0,PUBLISHED,Cloud PACS Software | AuraPACS,
EA-266,aurapacs,product,product,RIS PACS software,commercial,"Owner or radiologist at a diagnostic centre, clinic or small hospital",/aurapacs/ris-pacs-software/,/aurapacs.html,0,PUBLISHED,RIS PACS Software | Radiology Information System + PACS | AuraPACS,
EA-267,aurapacs,product,product,DICOM worklist software,commercial,"Owner or radiologist at a diagnostic centre, clinic or small hospital",/aurapacs/dicom-worklist-software/,/aurapacs.html,0,PUBLISHED,DICOM Worklist Software | Modality Worklist (MWL) | AuraPACS,
EA-268,aurapacs,product,product,medical imaging software,commercial,"Owner or radiologist at a diagnostic centre, clinic or small hospital",/aurapacs/medical-imaging-software/,/aurapacs.html,0,PUBLISHED,Medical Imaging Software | AuraPACS,
EA-269,aurapacs,product,product,radiology workflow software,commercial,"Owner or radiologist at a diagnostic centre, clinic or small hospital",/aurapacs/radiology-workflow-software/,/aurapacs.html,0,PUBLISHED,Radiology Workflow Software | Worklist to Sign-Off | AuraPACS,
EA-270,aurapacs,product,product,radiology software,commercial,"Owner or radiologist at a diagnostic centre, clinic or small hospital",/aurapacs/radiology-workflow-software/,/aurapacs.html,2,PUBLISHED,Radiology Workflow Software | Worklist to Sign-Off | AuraPACS,Served by an existing page; add the keyword to its H2/FAQ rather than a new URL
EA-271,aurapacs,product,product,radiology information system,commercial,"Owner or radiologist at a diagnostic centre, clinic or small hospital",/aurapacs/ris-pacs-software/,/aurapacs.html,2,PUBLISHED,RIS PACS Software | Radiology Information System + PACS | AuraPACS,Served by an existing page; add the keyword to its H2/FAQ rather than a new URL
EA-272,aurapacs,product,product,web DICOM viewer,commercial,"Owner or radiologist at a diagnostic centre, clinic or small hospital",/aurapacs/dicom-viewer/,/aurapacs.html,2,PUBLISHED,DICOM Viewer | Zero-Download Browser Medical Image Viewer | AuraPACS,Served by an existing page; add the keyword to its H2/FAQ rather than a new URL
EA-273,aurapacs,product,product,zero footprint DICOM viewer,commercial,"Owner or radiologist at a diagnostic centre, clinic or small hospital",/aurapacs/dicom-viewer/,/aurapacs.html,2,PUBLISHED,DICOM Viewer | Zero-Download Browser Medical Image Viewer | AuraPACS,Served by an existing page; add the keyword to its H2/FAQ rather than a new URL
EA-274,aurapacs,product,product,diagnostic imaging software,commercial,"Owner or radiologist at a diagnostic centre, clinic or small hospital",/aurapacs/medical-imaging-software/,/aurapacs.html,2,PUBLISHED,Medical Imaging Software | AuraPACS,Served by an existing page; add the keyword to its H2/FAQ rather than a new URL
EA-275,aurapacs,product,product,medical image management software,commercial,"Owner or radiologist at a diagnostic centre, clinic or small hospital",/aurapacs/medical-image-archive-storage/,/aurapacs.html,2,PUBLISHED,"Medical Image Storage and Archive | Indexed, Backed Up | AuraPACS",Served by an existing page; add the keyword to its H2/FAQ rather than a new URL
EA-276,aurapacs,product,product,mini PACS,commercial,"Owner or radiologist at a diagnostic centre, clinic or small hospital",/aurapacs/mini-pacs/,/aurapacs.html,2,PLANNED,,Legitimate intent; write when Phase 2 opens and Search Console shows demand for the cluster
EA-277,aurapacs,product,product,PACS for small clinics,commercial,"Owner or radiologist at a diagnostic centre, clinic or small hospital",/aurapacs/pacs-for-small-clinics/,/aurapacs.html,2,PLANNED,,Legitimate intent; write when Phase 2 opens and Search Console shows demand for the cluster
EA-278,aurapacs,feature,feature,on-premise PACS,commercial,"Owner or radiologist at a diagnostic centre, clinic or small hospital",/aurapacs/on-premise-pacs/,/aurapacs.html,2,PUBLISHED,On-Premise PACS | Images on Your Own Machine | AuraPACS,
EA-279,aurapacs,feature,feature,hybrid PACS,commercial,"Owner or radiologist at a diagnostic centre, clinic or small hospital",/aurapacs/hybrid-pacs/,/aurapacs.html,2,PUBLISHED,Hybrid PACS | On-Premise Node Plus Cloud Layer | AuraPACS,
EA-280,aurapacs,feature,feature,radiology reporting software,commercial,"Owner or radiologist at a diagnostic centre, clinic or small hospital",/aurapacs/radiology-reporting-software/,/aurapacs.html,2,PUBLISHED,Radiology Reporting Software | Templates to Signed PDF | AuraPACS,
EA-281,aurapacs,feature,feature,WhatsApp medical report sharing,commercial,"Owner or radiologist at a diagnostic centre, clinic or small hospital",/aurapacs/whatsapp-medical-report-sharing/,/aurapacs.html,2,PUBLISHED,WhatsApp Medical Report Sharing | AuraPACS,
EA-282,aurapacs,feature,feature,medical image storage,commercial,"Owner or radiologist at a diagnostic centre, clinic or small hospital",/aurapacs/medical-image-archive-storage/,/aurapacs.html,2,PUBLISHED,"Medical Image Storage and Archive | Indexed, Backed Up | AuraPACS",
EA-283,aurapacs,feature,feature,teleradiology software,commercial,"Owner or radiologist at a diagnostic centre, clinic or small hospital",/aurapacs/teleradiology-remote-reading-software/,/aurapacs.html,2,PUBLISHED,Remote Reading Software for Radiologists | AuraPACS,
EA-284,aurapacs,feature,feature,DICOM server software,commercial,"Owner or radiologist at a diagnostic centre, clinic or small hospital",/aurapacs/dicom-server-software/,/aurapacs.html,2,PUBLISHED,"DICOM Server Software | Receive, Store, Worklist Node | AuraPACS",
EA-285,aurapacs,feature,feature,modality worklist,commercial,"Owner or radiologist at a diagnostic centre, clinic or small hospital",/aurapacs/dicom-worklist-software/,/aurapacs.html,2,PUBLISHED,DICOM Worklist Software | Modality Worklist (MWL) | AuraPACS,Served by an existing page; add the keyword to its H2/FAQ rather than a new URL
EA-286,aurapacs,feature,feature,structured radiology report templates,commercial,"Owner or radiologist at a diagnostic centre, clinic or small hospital",/aurapacs/radiology-reporting-software/,/aurapacs.html,2,PUBLISHED,Radiology Reporting Software | Templates to Signed PDF | AuraPACS,Served by an existing page; add the keyword to its H2/FAQ rather than a new URL
EA-287,aurapacs,feature,feature,PACS backup and disaster recovery,commercial,"Owner or radiologist at a diagnostic centre, clinic or small hospital",/aurapacs/pacs-backup-and-disaster-recovery/,/aurapacs.html,2,PLANNED,,Legitimate intent; write when Phase 2 opens and Search Console shows demand for the cluster
EA-288,aurapacs,feature,feature,role based access PACS,commercial,"Owner or radiologist at a diagnostic centre, clinic or small hospital",/aurapacs/role-based-access-pacs/,/aurapacs.html,2,PLANNED,,Legitimate intent; write when Phase 2 opens and Search Console shows demand for the cluster
EA-289,aurapacs,feature,feature,PACS GST billing,commercial,"Owner or radiologist at a diagnostic centre, clinic or small hospital",/aurapacs/pacs-gst-billing/,/aurapacs.html,2,PLANNED,,Legitimate intent; write when Phase 2 opens and Search Console shows demand for the cluster
EA-290,aurapacs,feature,feature,patient image sharing link,commercial,"Owner or radiologist at a diagnostic centre, clinic or small hospital",/aurapacs/whatsapp-medical-report-sharing/,/aurapacs.html,2,PUBLISHED,WhatsApp Medical Report Sharing | AuraPACS,Served by an existing page; add the keyword to its H2/FAQ rather than a new URL
EA-291,aurapacs,feature,feature,referring doctor portal radiology,commercial,"Owner or radiologist at a diagnostic centre, clinic or small hospital",/aurapacs/referring-doctor-portal-radiology/,/aurapacs.html,2,PLANNED,,Legitimate intent; write when Phase 2 opens and Search Console shows demand for the cluster
EA-292,aurapacs,feature,feature,DICOM query retrieve,commercial,"Owner or radiologist at a diagnostic centre, clinic or small hospital",/aurapacs/dicom-server-software/,/aurapacs.html,2,PUBLISHED,"DICOM Server Software | Receive, Store, Worklist Node | AuraPACS",Served by an existing page; add the keyword to its H2/FAQ rather than a new URL
EA-293,aurapacs,feature,feature,PACS remote viewing,commercial,"Owner or radiologist at a diagnostic centre, clinic or small hospital",/aurapacs/teleradiology-remote-reading-software/,/aurapacs.html,2,PUBLISHED,Remote Reading Software for Radiologists | AuraPACS,Served by an existing page; add the keyword to its H2/FAQ rather than a new URL
EA-294,aurapacs,feature,feature,PACS study search patient history,commercial,"Owner or radiologist at a diagnostic centre, clinic or small hospital",/aurapacs/medical-image-archive-storage/,/aurapacs.html,2,PUBLISHED,"Medical Image Storage and Archive | Indexed, Backed Up | AuraPACS",Served by an existing page; add the keyword to its H2/FAQ rather than a new URL
EA-295,aurapacs,feature,feature,radiology appointment scheduling software,commercial,"Owner or radiologist at a diagnostic centre, clinic or small hospital",/aurapacs/radiology-appointment-scheduling-software/,/aurapacs.html,2,PLANNED,,Legitimate intent; write when Phase 2 opens and Search Console shows demand for the cluster
EA-296,aurapacs,feature,feature,DICOM to PDF report,commercial,"Owner or radiologist at a diagnostic centre, clinic or small hospital",/aurapacs/dicom-to-pdf-report/,/aurapacs.html,2,PLANNED,,Legitimate intent; write when Phase 2 opens and Search Console shows demand for the cluster
EA-297,aurapacs,feature,feature,PACS audit log,commercial,"Owner or radiologist at a diagnostic centre, clinic or small hospital",/aurapacs/pacs-audit-log/,/aurapacs.html,2,PLANNED,,Legitimate intent; write when Phase 2 opens and Search Console shows demand for the cluster
EA-298,aurapacs,feature,feature,AI radiology software,commercial,"Owner or radiologist at a diagnostic centre, clinic or small hospital",,/aurapacs.html,2,REJECTED,,no AI features on record
EA-299,aurapacs,feature,feature,3D MPR viewer,commercial,"Owner or radiologist at a diagnostic centre, clinic or small hospital",,/aurapacs.html,2,REJECTED,,not on record
EA-300,aurapacs,feature,feature,voice dictation radiology,commercial,"Owner or radiologist at a diagnostic centre, clinic or small hospital",,/aurapacs.html,2,REJECTED,,not on record
EA-301,aurapacs,application,application,PACS for CT scan centres,commercial,"Owner or radiologist at a diagnostic centre, clinic or small hospital",/aurapacs/pacs-for-ct-scan-centres/,/aurapacs.html,3,PUBLISHED,PACS for CT Scan Centres | Worklist to Report | AuraPACS,
EA-302,aurapacs,application,application,PACS for MRI centres,commercial,"Owner or radiologist at a diagnostic centre, clinic or small hospital",/aurapacs/pacs-for-mri-centres/,/aurapacs.html,3,PUBLISHED,PACS for MRI Centres | Priors and Remote Reading | AuraPACS,
EA-303,aurapacs,application,application,digital X-ray PACS,commercial,"Owner or radiologist at a diagnostic centre, clinic or small hospital",/aurapacs/digital-x-ray-pacs/,/aurapacs.html,3,PUBLISHED,"Digital X-Ray PACS | CR/DR Archive, Filmless Viewing | AuraPACS",
EA-304,aurapacs,application,application,ultrasound PACS,commercial,"Owner or radiologist at a diagnostic centre, clinic or small hospital",/aurapacs/ultrasound-pacs/,/aurapacs.html,3,PUBLISHED,"Ultrasound PACS | Cine Loops, Frames and Reports",
EA-305,aurapacs,application,application,mammography PACS,commercial,"Owner or radiologist at a diagnostic centre, clinic or small hospital",/aurapacs/mammography-pacs/,/aurapacs.html,3,PUBLISHED,Mammography PACS | High-Resolution Images and Priors,
EA-306,aurapacs,application,application,CR DR image archive,commercial,"Owner or radiologist at a diagnostic centre, clinic or small hospital",/aurapacs/digital-x-ray-pacs/,/aurapacs.html,3,PUBLISHED,"Digital X-Ray PACS | CR/DR Archive, Filmless Viewing | AuraPACS",Served by an existing page; add the keyword to its H2/FAQ rather than a new URL
EA-307,aurapacs,application,application,dental X-ray PACS,commercial,"Owner or radiologist at a diagnostic centre, clinic or small hospital",/aurapacs/dental-x-ray-pacs/,/aurapacs.html,3,PLANNED,,Legitimate intent; write when Phase 3 opens and Search Console shows demand for the cluster
EA-308,aurapacs,application,application,orthopaedic clinic X-ray software,commercial,"Owner or radiologist at a diagnostic centre, clinic or small hospital",/aurapacs/orthopaedic-clinic-x-ray-software/,/aurapacs.html,3,PLANNED,,Legitimate intent; write when Phase 3 opens and Search Console shows demand for the cluster
EA-309,aurapacs,application,application,obstetric ultrasound reporting software,commercial,"Owner or radiologist at a diagnostic centre, clinic or small hospital",/aurapacs/obstetric-ultrasound-reporting-software/,/aurapacs.html,3,PLANNED,,Legitimate intent; write when Phase 3 opens and Search Console shows demand for the cluster
EA-310,aurapacs,application,application,echocardiography image storage,commercial,"Owner or radiologist at a diagnostic centre, clinic or small hospital",,/aurapacs.html,3,REJECTED,,cardiology cine workflows not verified
EA-311,aurapacs,application,application,nuclear medicine PACS,commercial,"Owner or radiologist at a diagnostic centre, clinic or small hospital",,/aurapacs.html,3,REJECTED,,not on record
EA-312,aurapacs,application,application,veterinary PACS,commercial,"Owner or radiologist at a diagnostic centre, clinic or small hospital",,/aurapacs.html,3,REJECTED,,not a target market
EA-313,aurapacs,industry,industry,diagnostic centre PACS,commercial,"Owner or radiologist at a diagnostic centre, clinic or small hospital",/aurapacs/diagnostic-centre-pacs/,/aurapacs.html,0,PUBLISHED,Diagnostic Centre PACS | AuraPACS,
EA-314,aurapacs,industry,industry,hospital PACS software,commercial,"Owner or radiologist at a diagnostic centre, clinic or small hospital",/aurapacs/hospital-pacs-software/,/aurapacs.html,0,PUBLISHED,Hospital PACS Software | AuraPACS,
EA-315,aurapacs,industry,industry,imaging centre software,commercial,"Owner or radiologist at a diagnostic centre, clinic or small hospital",/aurapacs/imaging-centre-software/,/aurapacs.html,4,PUBLISHED,Imaging Centre Software | Desk to Report to GST Bill | AuraPACS,
EA-316,aurapacs,industry,industry,DICOM viewer for hospitals,commercial,"Owner or radiologist at a diagnostic centre, clinic or small hospital",/aurapacs/hospital-pacs-software/,/aurapacs.html,4,PUBLISHED,Hospital PACS Software | AuraPACS,Served by an existing page; add the keyword to its H2/FAQ rather than a new URL
EA-317,aurapacs,industry,industry,DICOM viewer for diagnostic centres,commercial,"Owner or radiologist at a diagnostic centre, clinic or small hospital",/aurapacs/diagnostic-centre-pacs/,/aurapacs.html,4,PUBLISHED,Diagnostic Centre PACS | AuraPACS,Served by an existing page; add the keyword to its H2/FAQ rather than a new URL
EA-318,aurapacs,industry,industry,PACS for orthopaedic clinics,commercial,"Owner or radiologist at a diagnostic centre, clinic or small hospital",/aurapacs/pacs-for-orthopaedic-clinics/,/aurapacs.html,4,PLANNED,,Legitimate intent; write when Phase 4 opens and Search Console shows demand for the cluster
EA-319,aurapacs,industry,industry,PACS for multi-centre diagnostic chains,commercial,"Owner or radiologist at a diagnostic centre, clinic or small hospital",/aurapacs/pacs-for-multi-centre-diagnostic-chains/,/aurapacs.html,4,PLANNED,,Legitimate intent; write when Phase 4 opens and Search Console shows demand for the cluster
EA-320,aurapacs,industry,industry,PACS for mobile X-ray services,commercial,"Owner or radiologist at a diagnostic centre, clinic or small hospital",/aurapacs/pacs-for-mobile-x-ray-services/,/aurapacs.html,4,PLANNED,,Legitimate intent; write when Phase 4 opens and Search Console shows demand for the cluster
EA-321,aurapacs,persona,persona,PACS for radiologists reading from home,commercial,Radiologist,/aurapacs/teleradiology-remote-reading-software/,/aurapacs.html,4,PUBLISHED,Remote Reading Software for Radiologists | AuraPACS,Served by an existing page; add the keyword to its H2/FAQ rather than a new URL
EA-322,aurapacs,persona,persona,software for radiology technicians worklist,commercial,Technician,/aurapacs/dicom-worklist-software/,/aurapacs.html,4,PUBLISHED,DICOM Worklist Software | Modality Worklist (MWL) | AuraPACS,Served by an existing page; add the keyword to its H2/FAQ rather than a new URL
EA-323,aurapacs,persona,persona,referring doctor image access,commercial,Referrer,/aurapacs/whatsapp-medical-report-sharing/,/aurapacs.html,4,PUBLISHED,WhatsApp Medical Report Sharing | AuraPACS,Served by an existing page; add the keyword to its H2/FAQ rather than a new URL
EA-324,aurapacs,problem,problem,scans on CDs patients lose,informational,"Owner or radiologist at a diagnostic centre, clinic or small hospital",/aurapacs/medical-image-archive-storage/,/aurapacs.html,3,PUBLISHED,"Medical Image Storage and Archive | Indexed, Backed Up | AuraPACS",Served by an existing page; add the keyword to its H2/FAQ rather than a new URL
EA-325,aurapacs,problem,problem,PACS internet down what happens,informational,"Owner or radiologist at a diagnostic centre, clinic or small hospital",/aurapacs/hybrid-pacs/,/aurapacs.html,3,PUBLISHED,Hybrid PACS | On-Premise Node Plus Cloud Layer | AuraPACS,Served by an existing page; add the keyword to its H2/FAQ rather than a new URL
EA-326,aurapacs,problem,problem,how to go filmless X-ray,informational,"Owner or radiologist at a diagnostic centre, clinic or small hospital",/aurapacs/digital-x-ray-pacs/,/aurapacs.html,3,PUBLISHED,"Digital X-Ray PACS | CR/DR Archive, Filmless Viewing | AuraPACS",Served by an existing page; add the keyword to its H2/FAQ rather than a new URL
EA-327,aurapacs,problem,problem,how to send radiology report on WhatsApp,informational,"Owner or radiologist at a diagnostic centre, clinic or small hospital",/aurapacs/whatsapp-medical-report-sharing/,/aurapacs.html,3,PUBLISHED,WhatsApp Medical Report Sharing | AuraPACS,Served by an existing page; add the keyword to its H2/FAQ rather than a new URL
EA-328,aurapacs,problem,problem,patient details typed wrong on scanner,informational,"Owner or radiologist at a diagnostic centre, clinic or small hospital",/resources/what-is-dicom-modality-worklist/,/aurapacs.html,3,PUBLISHED,What Is a DICOM Modality Worklist? A Plain Guide,Served by an existing page; add the keyword to its H2/FAQ rather than a new URL
EA-329,aurapacs,problem,problem,how much storage does a CT centre need,informational,"Owner or radiologist at a diagnostic centre, clinic or small hospital",/aurapacs/how-much-storage-does-a-ct-centre-need/,/aurapacs.html,3,PLANNED,,Legitimate intent; write when Phase 3 opens and Search Console shows demand for the cluster
EA-330,aurapacs,comparison,comparison,PACS vs DICOM viewer,comparison,"Owner or radiologist at a diagnostic centre, clinic or small hospital",/compare/pacs-vs-dicom-viewer/,/aurapacs.html,8,PUBLISHED,PACS vs DICOM Viewer: Which Does Your Centre Need | Elevate Aura,
EA-331,aurapacs,comparison,comparison,PACS vs cloud storage,comparison,"Owner or radiologist at a diagnostic centre, clinic or small hospital",/compare/pacs-vs-cloud-storage/,/aurapacs.html,8,PUBLISHED,PACS vs Cloud Storage for DICOM Files: What Changes,
EA-332,aurapacs,comparison,comparison,cloud PACS vs on-premise PACS,comparison,"Owner or radiologist at a diagnostic centre, clinic or small hospital",/compare/cloud-pacs-vs-on-premise-pacs/,/aurapacs.html,8,PUBLISHED,Cloud PACS vs On-Premise PACS vs Hybrid Compared | Elevate Aura,
EA-333,aurapacs,comparison,comparison,PACS vs teleradiology service,comparison,"Owner or radiologist at a diagnostic centre, clinic or small hospital",/aurapacs/pacs-vs-teleradiology-service/,/aurapacs.html,8,PLANNED,,Legitimate intent; write when Phase 8 opens and Search Console shows demand for the cluster
EA-334,aurapacs,comparison,comparison,RIS vs PACS,comparison,"Owner or radiologist at a diagnostic centre, clinic or small hospital",/resources/what-is-ris/,/aurapacs.html,8,PUBLISHED,What Is RIS? Radiology Information System Explained,Served by an existing page; add the keyword to its H2/FAQ rather than a new URL
EA-335,aurapacs,comparison,comparison,free DICOM viewer vs PACS,comparison,"Owner or radiologist at a diagnostic centre, clinic or small hospital",/aurapacs/free-dicom-viewer-vs-pacs/,/aurapacs.html,8,PLANNED,,Legitimate intent; write when Phase 8 opens and Search Console shows demand for the cluster
EA-336,aurapacs,commercial,commercial,AuraPACS download,transactional,"Owner or radiologist at a diagnostic centre, clinic or small hospital",/aurapacs.html,/aurapacs.html,1,PUBLISHED,"AuraPACS | PACS, DICOM Viewer & WhatsApp Report Sharing",Served by an existing page; add the keyword to its H2/FAQ rather than a new URL
EA-337,aurapacs,commercial,commercial,PACS software demo,transactional,"Owner or radiologist at a diagnostic centre, clinic or small hospital",https://pacs.elevateaura.co.in/,/aurapacs.html,1,PUBLISHED,,Served by an existing page; add the keyword to its H2/FAQ rather than a new URL
EA-338,aurapacs,commercial,commercial,PACS software price India,transactional,"Owner or radiologist at a diagnostic centre, clinic or small hospital",/aurapacs/pacs-software-pricing/,/aurapacs.html,1,PUBLISHED,PACS Software Pricing Models Explained | AuraPACS,Served by an existing page; add the keyword to its H2/FAQ rather than a new URL
EA-339,aurapacs,commercial,commercial,free online DICOM viewer,transactional,"Owner or radiologist at a diagnostic centre, clinic or small hospital",,/aurapacs.html,1,REJECTED,,"needs a public upload tool (product task, high value)"
EA-340,aurapacs,commercial,commercial,best PACS software India,transactional,"Owner or radiologist at a diagnostic centre, clinic or small hospital",,/aurapacs.html,1,REJECTED,,competitor listicle
EA-341,aurapacs,country,country,PACS software India,commercial,"Owner or radiologist at a diagnostic centre, clinic or small hospital",/aurapacs/pacs-software-india/,/aurapacs.html,5,PUBLISHED,PACS Software India | Built for Indian Imaging Centres | AuraPACS,
EA-342,aurapacs,country,country,PACS software UAE,commercial,"Owner or radiologist at a diagnostic centre, clinic or small hospital",/aurapacs/pacs-software-uae/,/aurapacs.html,5,PUBLISHED,"PACS Software UAE | Hybrid PACS, Remote Deployment | AuraPACS",
EA-343,aurapacs,country,country,PACS software Saudi Arabia,commercial,"Owner or radiologist at a diagnostic centre, clinic or small hospital",/aurapacs/pacs-software-saudi-arabia/,/aurapacs.html,5,PUBLISHED,PACS Software Saudi Arabia | Remote Deployment | AuraPACS,
EA-344,aurapacs,country,country,PACS software Nigeria,commercial,"Owner or radiologist at a diagnostic centre, clinic or small hospital",/aurapacs/pacs-software-nigeria/,/aurapacs.html,5,PUBLISHED,PACS Software Nigeria | Works Through Outages | AuraPACS,
EA-345,aurapacs,country,country,PACS software Kenya,commercial,"Owner or radiologist at a diagnostic centre, clinic or small hospital",/aurapacs/pacs-software-kenya/,/aurapacs.html,5,PUBLISHED,"PACS Software Kenya | Hybrid, Remote Deployment | AuraPACS",
EA-346,aurapacs,country,country,PACS software Singapore,commercial,"Owner or radiologist at a diagnostic centre, clinic or small hospital",/aurapacs/pacs-software-singapore/,/aurapacs.html,5,PLANNED,,Legitimate intent; write when Phase 5 opens and Search Console shows demand for the cluster
EA-347,aurapacs,country,country,PACS software Malaysia,commercial,"Owner or radiologist at a diagnostic centre, clinic or small hospital",/aurapacs/pacs-software-malaysia/,/aurapacs.html,5,PLANNED,,Legitimate intent; write when Phase 5 opens and Search Console shows demand for the cluster
EA-348,aurapacs,country,country,PACS software South Africa,commercial,"Owner or radiologist at a diagnostic centre, clinic or small hospital",/aurapacs/pacs-software-south-africa/,/aurapacs.html,5,PLANNED,,Legitimate intent; write when Phase 5 opens and Search Console shows demand for the cluster
EA-349,aurapacs,country,country,PACS software Qatar,commercial,"Owner or radiologist at a diagnostic centre, clinic or small hospital",/aurapacs/pacs-software-qatar/,/aurapacs.html,5,PLANNED,,Legitimate intent; write when Phase 5 opens and Search Console shows demand for the cluster
EA-350,aurapacs,country,country,PACS software Oman,commercial,"Owner or radiologist at a diagnostic centre, clinic or small hospital",/aurapacs/pacs-software-oman/,/aurapacs.html,5,PLANNED,,Legitimate intent; write when Phase 5 opens and Search Console shows demand for the cluster
EA-351,aurapacs,country,country,PACS software Bangladesh,commercial,"Owner or radiologist at a diagnostic centre, clinic or small hospital",/aurapacs/pacs-software-bangladesh/,/aurapacs.html,5,PLANNED,,Legitimate intent; write when Phase 5 opens and Search Console shows demand for the cluster
EA-352,aurapacs,country,country,PACS software Sri Lanka,commercial,"Owner or radiologist at a diagnostic centre, clinic or small hospital",/aurapacs/pacs-software-sri-lanka/,/aurapacs.html,5,PLANNED,,Legitimate intent; write when Phase 5 opens and Search Console shows demand for the cluster
EA-353,aurapacs,country,country,PACS software Germany,commercial,"Owner or radiologist at a diagnostic centre, clinic or small hospital",,/aurapacs.html,5,REJECTED,,language and CE expectations; thin English page would be a doorway
EA-354,aurapacs,city,city,PACS software Chennai,local,"Owner or radiologist at a diagnostic centre, clinic or small hospital",/aurapacs/pacs-software-chennai/,/aurapacs.html,0,PUBLISHED,PACS Software in Chennai | AuraPACS,
EA-355,aurapacs,city,city,PACS software Coimbatore,local,"Owner or radiologist at a diagnostic centre, clinic or small hospital",/aurapacs/pacs-software-coimbatore/,/aurapacs.html,6,PUBLISHED,PACS Software in Coimbatore | On-Site Setup | AuraPACS,
EA-356,aurapacs,city,city,PACS software Madurai,local,"Owner or radiologist at a diagnostic centre, clinic or small hospital",/aurapacs/pacs-software-madurai/,/aurapacs.html,6,PUBLISHED,PACS Software in Madurai | On-Site Node Install | AuraPACS,
EA-357,aurapacs,city,city,PACS software Bangalore,local,"Owner or radiologist at a diagnostic centre, clinic or small hospital",/aurapacs/pacs-software-bangalore/,/aurapacs.html,6,PLANNED,,Legitimate intent; write when Phase 6 opens and Search Console shows demand for the cluster
EA-358,aurapacs,city,city,PACS software Hyderabad,local,"Owner or radiologist at a diagnostic centre, clinic or small hospital",/aurapacs/pacs-software-hyderabad/,/aurapacs.html,6,PLANNED,,Legitimate intent; write when Phase 6 opens and Search Console shows demand for the cluster
EA-359,aurapacs,city,city,PACS software Trichy,local,"Owner or radiologist at a diagnostic centre, clinic or small hospital",/aurapacs/pacs-software-trichy/,/aurapacs.html,6,PLANNED,,Legitimate intent; write when Phase 6 opens and Search Console shows demand for the cluster
EA-360,aurapacs,city,city,PACS software Kochi,local,"Owner or radiologist at a diagnostic centre, clinic or small hospital",/aurapacs/pacs-software-kochi/,/aurapacs.html,6,PLANNED,,Legitimate intent; write when Phase 6 opens and Search Console shows demand for the cluster
EA-361,aurapacs,guide,guide,what is PACS,informational,"Owner or radiologist at a diagnostic centre, clinic or small hospital",/resources/what-is-pacs/,/aurapacs.html,7,PUBLISHED,What Is PACS? Picture Archiving and Communication Explained,
EA-362,aurapacs,guide,guide,what is DICOM,informational,"Owner or radiologist at a diagnostic centre, clinic or small hospital",/resources/what-is-dicom/,/aurapacs.html,7,PUBLISHED,What Is DICOM? The Medical Imaging Standard Explained,
EA-363,aurapacs,guide,guide,what is RIS,informational,"Owner or radiologist at a diagnostic centre, clinic or small hospital",/resources/what-is-ris/,/aurapacs.html,7,PUBLISHED,What Is RIS? Radiology Information System Explained,
EA-364,aurapacs,guide,guide,how to choose a PACS,informational,"Owner or radiologist at a diagnostic centre, clinic or small hospital",/resources/how-to-choose-pacs/,/aurapacs.html,7,PUBLISHED,How to Choose a PACS: A Checklist for Imaging Centres,
EA-365,aurapacs,guide,guide,what is a DICOM modality worklist,informational,"Owner or radiologist at a diagnostic centre, clinic or small hospital",/resources/what-is-dicom-modality-worklist/,/aurapacs.html,7,PUBLISHED,What Is a DICOM Modality Worklist? A Plain Guide,
EA-366,aurapacs,guide,guide,what is teleradiology,informational,"Owner or radiologist at a diagnostic centre, clinic or small hospital",/aurapacs/what-is-teleradiology/,/aurapacs.html,7,PLANNED,,Legitimate intent; write when Phase 7 opens and Search Console shows demand for the cluster
EA-367,aurapacs,guide,guide,DICOM vs JPEG,informational,"Owner or radiologist at a diagnostic centre, clinic or small hospital",/resources/what-is-dicom/,/aurapacs.html,7,PUBLISHED,What Is DICOM? The Medical Imaging Standard Explained,Served by an existing page; add the keyword to its H2/FAQ rather than a new URL
EA-368,aurapacs,guide,guide,what is window level in CT,informational,"Owner or radiologist at a diagnostic centre, clinic or small hospital",/aurapacs/what-is-window-level-in-ct/,/aurapacs.html,7,PLANNED,,Legitimate intent; write when Phase 7 opens and Search Console shows demand for the cluster
EA-369,aurapacs,guide,guide,how to connect a CT scanner to PACS,informational,"Owner or radiologist at a diagnostic centre, clinic or small hospital",/aurapacs/how-to-connect-a-ct-scanner-to-pacs/,/aurapacs.html,7,PLANNED,,Legitimate intent; write when Phase 7 opens and Search Console shows demand for the cluster
EA-370,aurapacs,guide,guide,what is an AE title,informational,"Owner or radiologist at a diagnostic centre, clinic or small hospital",/aurapacs/dicom-server-software/,/aurapacs.html,7,PUBLISHED,"DICOM Server Software | Receive, Store, Worklist Node | AuraPACS",Served by an existing page; add the keyword to its H2/FAQ rather than a new URL
EA-371,aurapacs,guide,guide,how long should imaging be stored,informational,"Owner or radiologist at a diagnostic centre, clinic or small hospital",/aurapacs/how-long-should-imaging-be-stored/,/aurapacs.html,7,PLANNED,,Legitimate intent; write when Phase 7 opens and Search Console shows demand for the cluster
EA-372,aura-learn,product,product,learning management system,commercial,"Owner of a coaching institute or exam-prep business, or a training head",/aura-learn/learning-management-system/,/aura-learn.html,0,PUBLISHED,Learning Management System | Aura Learn,
EA-373,aura-learn,product,product,LMS software,commercial,"Owner of a coaching institute or exam-prep business, or a training head",/aura-learn/lms-software/,/aura-learn.html,0,PUBLISHED,LMS Software | Custom Learning Platform for Institutes | Aura Learn,
EA-374,aura-learn,product,product,online exam platform,commercial,"Owner of a coaching institute or exam-prep business, or a training head",/aura-learn/online-exam-platform/,/aura-learn.html,0,PUBLISHED,Online Exam Platform | Aura Learn,
EA-375,aura-learn,product,product,online quiz platform,commercial,"Owner of a coaching institute or exam-prep business, or a training head",/aura-learn/online-quiz-platform/,/aura-learn.html,0,PUBLISHED,Online Quiz Platform | Aura Learn,
EA-376,aura-learn,product,product,student management system,commercial,"Owner of a coaching institute or exam-prep business, or a training head",/aura-learn/student-management-system/,/aura-learn.html,0,PUBLISHED,Student Management System | Aura Learn,
EA-377,aura-learn,product,product,course management software,commercial,"Owner of a coaching institute or exam-prep business, or a training head",/aura-learn/course-management-software/,/aura-learn.html,0,PUBLISHED,Course Management Software | Aura Learn,
EA-378,aura-learn,product,product,training management software,commercial,"Owner of a coaching institute or exam-prep business, or a training head",/aura-learn/training-management-software/,/aura-learn.html,0,PUBLISHED,Training Management Software | Aura Learn,
EA-379,aura-learn,product,product,learning app development,commercial,"Owner of a coaching institute or exam-prep business, or a training head",/aura-learn/learning-app-development/,/aura-learn.html,0,PUBLISHED,Learning App Development | Aura Learn,
EA-380,aura-learn,product,product,exam preparation platform,commercial,"Owner of a coaching institute or exam-prep business, or a training head",/aura-learn/exam-preparation-platform/,/aura-learn.html,0,PUBLISHED,Exam Preparation Platform | Aura Learn,
EA-381,aura-learn,product,product,custom LMS development,commercial,"Owner of a coaching institute or exam-prep business, or a training head",/aura-learn/custom-lms-development/,/aura-learn.html,0,PUBLISHED,Custom LMS Development | Aura Learn,
EA-382,aura-learn,product,product,online course platform India,commercial,"Owner of a coaching institute or exam-prep business, or a training head",/aura-learn/course-management-software/,/aura-learn.html,2,PUBLISHED,Course Management Software | Aura Learn,Served by an existing page; add the keyword to its H2/FAQ rather than a new URL
EA-383,aura-learn,product,product,LMS software India unlimited learners,commercial,"Owner of a coaching institute or exam-prep business, or a training head",/aura-learn/lms-software-india-unlimited-learners/,/aura-learn.html,2,PLANNED,,Legitimate intent; write when Phase 2 opens and Search Console shows demand for the cluster
EA-384,aura-learn,feature,feature,mock test platform,commercial,"Owner of a coaching institute or exam-prep business, or a training head",/aura-learn/mock-test-platform/,/aura-learn.html,3,PUBLISHED,Mock Test Platform | Aura Learn,
EA-385,aura-learn,feature,feature,online assessment platform,commercial,"Owner of a coaching institute or exam-prep business, or a training head",/aura-learn/online-assessment-platform/,/aura-learn.html,3,PUBLISHED,Online Assessment Platform | Aura Learn,
EA-386,aura-learn,feature,feature,certification platform,commercial,"Owner of a coaching institute or exam-prep business, or a training head",/aura-learn/certification-training-platform/,/aura-learn.html,3,PUBLISHED,Certification Training Platform | Aura Learn,
EA-387,aura-learn,feature,feature,question bank software,commercial,"Owner of a coaching institute or exam-prep business, or a training head",/aura-learn/question-bank-software/,/aura-learn.html,3,PUBLISHED,"Question Bank Software | Build, Tag, Reuse Questions | Aura Learn",
EA-388,aura-learn,feature,feature,learning analytics dashboard,commercial,"Owner of a coaching institute or exam-prep business, or a training head",/aura-learn/learning-analytics-dashboard/,/aura-learn.html,2,PLANNED,,Legitimate intent; write when Phase 2 opens and Search Console shows demand for the cluster
EA-389,aura-learn,feature,feature,instructor dashboard LMS,commercial,"Owner of a coaching institute or exam-prep business, or a training head",/aura-learn/instructor-dashboard-lms/,/aura-learn.html,2,PLANNED,,Legitimate intent; write when Phase 2 opens and Search Console shows demand for the cluster
EA-390,aura-learn,feature,feature,live classes LMS with recordings,commercial,"Owner of a coaching institute or exam-prep business, or a training head",/aura-learn/live-classes-lms-with-recordings/,/aura-learn.html,2,PLANNED,,Legitimate intent; write when Phase 2 opens and Search Console shows demand for the cluster
EA-391,aura-learn,feature,feature,doubt forum LMS,commercial,"Owner of a coaching institute or exam-prep business, or a training head",/aura-learn/doubt-forum-lms/,/aura-learn.html,2,PLANNED,,Legitimate intent; write when Phase 2 opens and Search Console shows demand for the cluster
EA-392,aura-learn,feature,feature,batch management software coaching,commercial,"Owner of a coaching institute or exam-prep business, or a training head",/aura-learn/batch-management-software-coaching/,/aura-learn.html,2,PLANNED,,Legitimate intent; write when Phase 2 opens and Search Console shows demand for the cluster
EA-393,aura-learn,feature,feature,fee management software coaching GST,commercial,"Owner of a coaching institute or exam-prep business, or a training head",/aura-learn/fee-management-software-coaching-gst/,/aura-learn.html,2,PLANNED,,Legitimate intent; write when Phase 2 opens and Search Console shows demand for the cluster
EA-394,aura-learn,feature,feature,WhatsApp reminders for learners,commercial,"Owner of a coaching institute or exam-prep business, or a training head",/aura-learn/whatsapp-reminders-for-learners/,/aura-learn.html,2,PLANNED,,Legitimate intent; write when Phase 2 opens and Search Console shows demand for the cluster
EA-395,aura-learn,feature,feature,Telegram bot for daily practice,commercial,"Owner of a coaching institute or exam-prep business, or a training head",/aura-learn/telegram-bot-for-daily-practice/,/aura-learn.html,2,PLANNED,,Legitimate intent; write when Phase 2 opens and Search Console shows demand for the cluster
EA-396,aura-learn,feature,feature,offline learning app low connectivity,commercial,"Owner of a coaching institute or exam-prep business, or a training head",/aura-learn/offline-learning-app-low-connectivity/,/aura-learn.html,2,PLANNED,,Legitimate intent; write when Phase 2 opens and Search Console shows demand for the cluster
EA-397,aura-learn,feature,feature,timetable software coaching,commercial,"Owner of a coaching institute or exam-prep business, or a training head",/aura-learn/timetable-software-coaching/,/aura-learn.html,2,PLANNED,,Legitimate intent; write when Phase 2 opens and Search Console shows demand for the cluster
EA-398,aura-learn,feature,feature,compliance training tracking,commercial,"Owner of a coaching institute or exam-prep business, or a training head",/aura-learn/certification-training-platform/,/aura-learn.html,2,PUBLISHED,Certification Training Platform | Aura Learn,Served by an existing page; add the keyword to its H2/FAQ rather than a new URL
EA-399,aura-learn,feature,feature,auto graded quizzes,commercial,"Owner of a coaching institute or exam-prep business, or a training head",/aura-learn/online-quiz-platform/,/aura-learn.html,2,PUBLISHED,Online Quiz Platform | Aura Learn,Served by an existing page; add the keyword to its H2/FAQ rather than a new URL
EA-400,aura-learn,feature,feature,video DRM anti-piracy LMS,commercial,"Owner of a coaching institute or exam-prep business, or a training head",,/aura-learn.html,2,REJECTED,,not on record
EA-401,aura-learn,feature,feature,online proctoring,commercial,"Owner of a coaching institute or exam-prep business, or a training head",,/aura-learn.html,2,REJECTED,,not on record
EA-402,aura-learn,feature,feature,negative marking mock tests,commercial,"Owner of a coaching institute or exam-prep business, or a training head",,/aura-learn.html,2,REJECTED,,not verified
EA-403,aura-learn,feature,feature,SCORM support,commercial,"Owner of a coaching institute or exam-prep business, or a training head",,/aura-learn.html,2,REJECTED,,not on record
EA-404,aura-learn,application,application,LMS for exam coaching,commercial,"Owner of a coaching institute or exam-prep business, or a training head",/aura-learn/exam-preparation-platform/,/aura-learn.html,3,PUBLISHED,Exam Preparation Platform | Aura Learn,Served by an existing page; add the keyword to its H2/FAQ rather than a new URL
EA-405,aura-learn,application,application,LMS for government exam preparation,commercial,"Owner of a coaching institute or exam-prep business, or a training head",/aura-learn/lms-for-government-exam-preparation/,/aura-learn.html,3,PLANNED,,Legitimate intent; write when Phase 3 opens and Search Console shows demand for the cluster
EA-406,aura-learn,application,application,LMS for NEET JEE coaching,commercial,"Owner of a coaching institute or exam-prep business, or a training head",/aura-learn/lms-for-neet-jee-coaching/,/aura-learn.html,3,PLANNED,,Legitimate intent; write when Phase 3 opens and Search Console shows demand for the cluster
EA-407,aura-learn,application,application,LMS for UPSC coaching,commercial,"Owner of a coaching institute or exam-prep business, or a training head",/aura-learn/lms-for-upsc-coaching/,/aura-learn.html,3,PLANNED,,Legitimate intent; write when Phase 3 opens and Search Console shows demand for the cluster
EA-408,aura-learn,application,application,LMS for banking exam coaching,commercial,"Owner of a coaching institute or exam-prep business, or a training head",/aura-learn/lms-for-banking-exam-coaching/,/aura-learn.html,3,PLANNED,,Legitimate intent; write when Phase 3 opens and Search Console shows demand for the cluster
EA-409,aura-learn,application,application,LMS for language classes,commercial,"Owner of a coaching institute or exam-prep business, or a training head",/aura-learn/lms-for-language-classes/,/aura-learn.html,3,PLANNED,,Legitimate intent; write when Phase 3 opens and Search Console shows demand for the cluster
EA-410,aura-learn,application,application,LMS for skill training centres,commercial,"Owner of a coaching institute or exam-prep business, or a training head",/aura-learn/lms-for-skill-training-centres/,/aura-learn.html,3,PLANNED,,Legitimate intent; write when Phase 3 opens and Search Console shows demand for the cluster
EA-411,aura-learn,application,application,LMS for nursing colleges,commercial,"Owner of a coaching institute or exam-prep business, or a training head",/aura-learn/lms-for-nursing-colleges/,/aura-learn.html,3,PLANNED,,Legitimate intent; write when Phase 3 opens and Search Console shows demand for the cluster
EA-412,aura-learn,application,application,LMS for onboarding new employees,commercial,"Owner of a coaching institute or exam-prep business, or a training head",/aura-learn/lms-for-onboarding-new-employees/,/aura-learn.html,3,PLANNED,,Legitimate intent; write when Phase 3 opens and Search Console shows demand for the cluster
EA-413,aura-learn,application,application,LMS for product training dealers,commercial,Dealer network training,/aura-learn/lms-for-product-training-dealers/,/aura-learn.html,3,PLANNED,,Legitimate intent; write when Phase 3 opens and Search Console shows demand for the cluster
EA-414,aura-learn,industry,industry,coaching institute software,commercial,"Owner of a coaching institute or exam-prep business, or a training head",/aura-learn/coaching-institute-management-software/,/aura-learn.html,3,PUBLISHED,Coaching Institute Management Software | Aura Learn,
EA-415,aura-learn,industry,industry,corporate training LMS,commercial,"Owner of a coaching institute or exam-prep business, or a training head",/aura-learn/corporate-training-lms/,/aura-learn.html,3,PUBLISHED,Corporate Training LMS | Train Staff and Field Teams | Aura Learn,
EA-416,aura-learn,industry,industry,healthcare training software,commercial,"Owner of a coaching institute or exam-prep business, or a training head",/aura-learn/healthcare-training-lms/,/aura-learn.html,3,PUBLISHED,Healthcare Staff Training Software | Aura Learn,
EA-417,aura-learn,industry,industry,medical training platform,commercial,"Owner of a coaching institute or exam-prep business, or a training head",/aura-learn/healthcare-training-lms/,/aura-learn.html,4,PUBLISHED,Healthcare Staff Training Software | Aura Learn,Served by an existing page; add the keyword to its H2/FAQ rather than a new URL
EA-418,aura-learn,industry,industry,college LMS India,commercial,"Owner of a coaching institute or exam-prep business, or a training head",/aura-learn/college-lms-india/,/aura-learn.html,4,PLANNED,,Legitimate intent; write when Phase 4 opens and Search Console shows demand for the cluster
EA-419,aura-learn,industry,industry,school LMS,commercial,"Owner of a coaching institute or exam-prep business, or a training head",,/aura-learn.html,4,REJECTED,,K-12 parent and class workflows not on record
EA-420,aura-learn,industry,industry,university LMS,commercial,"Owner of a coaching institute or exam-prep business, or a training head",,/aura-learn.html,4,REJECTED,,not a target market
EA-421,aura-learn,persona,persona,LMS for instructors,commercial,Instructor,/aura-learn/lms-for-instructors/,/aura-learn.html,4,PLANNED,,Legitimate intent; write when Phase 4 opens and Search Console shows demand for the cluster
EA-422,aura-learn,persona,persona,LMS for training managers,commercial,Training head,/aura-learn/corporate-training-lms/,/aura-learn.html,4,PUBLISHED,Corporate Training LMS | Train Staff and Field Teams | Aura Learn,Served by an existing page; add the keyword to its H2/FAQ rather than a new URL
EA-423,aura-learn,persona,persona,certify service engineers software,commercial,Service head,/aura-learn/healthcare-training-lms/,/aura-learn.html,4,PUBLISHED,Healthcare Staff Training Software | Aura Learn,Served by an existing page; add the keyword to its H2/FAQ rather than a new URL
EA-424,aura-learn,problem,problem,learners dropping off online course,informational,"Owner of a coaching institute or exam-prep business, or a training head",/aura-learn/learners-dropping-off-online-course/,/aura-learn.html,3,PLANNED,,Legitimate intent; write when Phase 3 opens and Search Console shows demand for the cluster
EA-425,aura-learn,problem,problem,no idea who finished the course,informational,"Owner of a coaching institute or exam-prep business, or a training head",/aura-learn/no-idea-who-finished-the-course/,/aura-learn.html,3,PLANNED,,Legitimate intent; write when Phase 3 opens and Search Console shows demand for the cluster
EA-426,aura-learn,problem,problem,certificates typed in Word,informational,"Owner of a coaching institute or exam-prep business, or a training head",/aura-learn/certification-training-platform/,/aura-learn.html,3,PUBLISHED,Certification Training Platform | Aura Learn,Served by an existing page; add the keyword to its H2/FAQ rather than a new URL
EA-427,aura-learn,problem,problem,collecting fees over WhatsApp,informational,"Owner of a coaching institute or exam-prep business, or a training head",/aura-learn/collecting-fees-over-whatsapp/,/aura-learn.html,3,PLANNED,,Legitimate intent; write when Phase 3 opens and Search Console shows demand for the cluster
EA-428,aura-learn,comparison,comparison,LMS vs YouTube and WhatsApp for coaching,comparison,"Owner of a coaching institute or exam-prep business, or a training head",/compare/lms-vs-youtube-and-whatsapp-for-coaching/,/aura-learn.html,8,PUBLISHED,LMS vs YouTube and WhatsApp for Coaching | Aura Learn,
EA-429,aura-learn,comparison,comparison,own LMS vs marketplace course platform,comparison,"Owner of a coaching institute or exam-prep business, or a training head",/aura-learn/own-lms-vs-marketplace-course-platform/,/aura-learn.html,8,PLANNED,,Legitimate intent; write when Phase 8 opens and Search Console shows demand for the cluster
EA-430,aura-learn,comparison,comparison,per-seat LMS vs unlimited learners,comparison,"Owner of a coaching institute or exam-prep business, or a training head",/aura-learn/per-seat-lms-vs-unlimited-learners/,/aura-learn.html,8,PLANNED,,Legitimate intent; write when Phase 8 opens and Search Console shows demand for the cluster
EA-431,aura-learn,comparison,comparison,custom LMS vs off-the-shelf LMS,comparison,"Owner of a coaching institute or exam-prep business, or a training head",/aura-learn/custom-lms-development/,/aura-learn.html,8,PUBLISHED,Custom LMS Development | Aura Learn,Served by an existing page; add the keyword to its H2/FAQ rather than a new URL
EA-432,aura-learn,commercial,commercial,LMS demo,transactional,"Owner of a coaching institute or exam-prep business, or a training head",/demo/lms.html,/aura-learn.html,1,PUBLISHED,,Served by an existing page; add the keyword to its H2/FAQ rather than a new URL
EA-433,aura-learn,commercial,commercial,LMS pricing India,transactional,"Owner of a coaching institute or exam-prep business, or a training head",/aura-learn/lms-pricing/,/aura-learn.html,1,PUBLISHED,LMS Pricing in India: What Drives Cost | Aura Learn,Served by an existing page; add the keyword to its H2/FAQ rather than a new URL
EA-434,aura-learn,commercial,commercial,best LMS for coaching institutes,transactional,"Owner of a coaching institute or exam-prep business, or a training head",,/aura-learn.html,1,REJECTED,,competitor listicle
EA-435,aura-learn,country,country,LMS software India,commercial,"Owner of a coaching institute or exam-prep business, or a training head",/aura-learn/lms-software/,/aura-learn.html,5,PUBLISHED,LMS Software | Custom Learning Platform for Institutes | Aura Learn,Served by an existing page; add the keyword to its H2/FAQ rather than a new URL
EA-436,aura-learn,country,country,LMS software UAE,commercial,"Owner of a coaching institute or exam-prep business, or a training head",,/aura-learn.html,5,REJECTED,,"domestic edge (GST, Indian exams); crowded global SERP"
EA-437,aura-learn,city,city,coaching institute software Chennai,local,"Owner of a coaching institute or exam-prep business, or a training head",/aura-learn/coaching-institute-software-chennai/,/aura-learn.html,6,PLANNED,,Legitimate intent; write when Phase 6 opens and Search Console shows demand for the cluster
EA-438,aura-learn,city,city,LMS for coaching institutes Bangalore,local,"Owner of a coaching institute or exam-prep business, or a training head",,/aura-learn.html,6,REJECTED,,buyers do not search LMS by city; remote delivery
EA-439,aura-learn,guide,guide,what is an LMS,informational,"Owner of a coaching institute or exam-prep business, or a training head",/resources/what-is-lms/,/aura-learn.html,7,PUBLISHED,What Is an LMS? Learning Management Systems Explained,
EA-440,aura-learn,guide,guide,how to choose an LMS for a coaching institute,informational,"Owner of a coaching institute or exam-prep business, or a training head",/aura-learn/how-to-choose-an-lms-for-a-coaching-institute/,/aura-learn.html,7,PLANNED,,Legitimate intent; write when Phase 7 opens and Search Console shows demand for the cluster
EA-441,aura-learn,guide,guide,how to run mock tests online,informational,"Owner of a coaching institute or exam-prep business, or a training head",/aura-learn/how-to-run-mock-tests-online/,/aura-learn.html,7,PLANNED,,Legitimate intent; write when Phase 7 opens and Search Console shows demand for the cluster
EA-442,aura-learn,guide,guide,what is a question bank,informational,"Owner of a coaching institute or exam-prep business, or a training head",/aura-learn/question-bank-software/,/aura-learn.html,7,PUBLISHED,"Question Bank Software | Build, Tag, Reuse Questions | Aura Learn",Served by an existing page; add the keyword to its H2/FAQ rather than a new URL
EA-443,aura-learn,guide,guide,how to certify field staff training,informational,"Owner of a coaching institute or exam-prep business, or a training head",/aura-learn/how-to-certify-field-staff-training/,/aura-learn.html,7,PLANNED,,Legitimate intent; write when Phase 7 opens and Search Console shows demand for the cluster
EA-444,aura-learn,guide,guide,what is compliance training,informational,"Owner of a coaching institute or exam-prep business, or a training head",/aura-learn/what-is-compliance-training/,/aura-learn.html,7,PLANNED,,Legitimate intent; write when Phase 7 opens and Search Console shows demand for the cluster
EA-445,aura-learn,guide,guide,how to sell courses with GST invoices,informational,"Owner of a coaching institute or exam-prep business, or a training head",/aura-learn/how-to-sell-courses-with-gst-invoices/,/aura-learn.html,7,PLANNED,,Legitimate intent; write when Phase 7 opens and Search Console shows demand for the cluster
EA-446,product-development,product,product,medical device software development,commercial,CTO or hardware lead at a medical-device or robotics company,/product-development/medical-device-software-development/,/product-development.html,0,PUBLISHED,Medical Device Software Development | Elevate Aura,
EA-447,product-development,product,product,embedded software development,commercial,CTO or hardware lead at a medical-device or robotics company,/product-development/embedded-software-development/,/product-development.html,0,PUBLISHED,Embedded Software Development | Elevate Aura,
EA-448,product-development,product,product,firmware development,commercial,CTO or hardware lead at a medical-device or robotics company,/product-development/firmware-development/,/product-development.html,0,PUBLISHED,Firmware Development | Elevate Aura,
EA-449,product-development,product,product,BLE device software,commercial,CTO or hardware lead at a medical-device or robotics company,/product-development/ble-device-software/,/product-development.html,0,PUBLISHED,BLE Device Software | Elevate Aura,
EA-450,product-development,product,product,IoT product development,commercial,CTO or hardware lead at a medical-device or robotics company,/product-development/iot-product-development/,/product-development.html,0,PUBLISHED,IoT Product Development | Elevate Aura,
EA-451,product-development,product,product,medical device app development,commercial,CTO or hardware lead at a medical-device or robotics company,/product-development/medical-device-app-development/,/product-development.html,0,PUBLISHED,Medical Device App Development | Elevate Aura,
EA-452,product-development,product,product,device companion app development,commercial,CTO or hardware lead at a medical-device or robotics company,/product-development/device-companion-app-development/,/product-development.html,0,PUBLISHED,Device Companion App Development | Elevate Aura,
EA-453,product-development,product,product,healthcare app development,commercial,CTO or hardware lead at a medical-device or robotics company,/product-development/healthcare-app-development/,/product-development.html,0,PUBLISHED,Healthcare App Development | Elevate Aura,
EA-454,product-development,product,product,custom healthcare software,commercial,CTO or hardware lead at a medical-device or robotics company,/product-development/custom-healthcare-software/,/product-development.html,0,PUBLISHED,Custom Healthcare Software Development | Elevate Aura,
EA-455,product-development,product,product,medical technology product development,commercial,CTO or hardware lead at a medical-device or robotics company,/product-development/medical-technology-product-development/,/product-development.html,0,PUBLISHED,Medical Technology Product Development | Elevate Aura,
EA-456,product-development,product,product,medical device firmware development,commercial,CTO or hardware lead at a medical-device or robotics company,/product-development/medical-device-firmware-development/,/product-development.html,2,PUBLISHED,Medical Device Firmware Development | To Your Spec | Elevate Aura,
EA-457,product-development,product,product,healthcare IoT software development,commercial,CTO or hardware lead at a medical-device or robotics company,/product-development/healthcare-iot-software-development/,/product-development.html,2,PUBLISHED,Healthcare IoT Software Development | Elevate Aura,
EA-458,product-development,product,product,embedded C C++ development services,commercial,CTO or hardware lead at a medical-device or robotics company,/product-development/embedded-c-cpp-development-services/,/product-development.html,2,PUBLISHED,Embedded C/C++ Development Services | Elevate Aura,
EA-459,product-development,product,product,MicroPython development,commercial,CTO or hardware lead at a medical-device or robotics company,/product-development/micropython-development-services/,/product-development.html,2,PUBLISHED,MicroPython Development Services | Elevate Aura,
EA-460,product-development,product,product,connected medical device software,commercial,CTO or hardware lead at a medical-device or robotics company,/product-development/healthcare-iot-software-development/,/product-development.html,2,PUBLISHED,Healthcare IoT Software Development | Elevate Aura,Served by an existing page; add the keyword to its H2/FAQ rather than a new URL
EA-461,product-development,product,product,IoT firmware development company India,commercial,CTO or hardware lead at a medical-device or robotics company,/product-development/iot-firmware-development-company-india/,/product-development.html,2,PLANNED,,Legitimate intent; write when Phase 2 opens and Search Console shows demand for the cluster
EA-462,product-development,product,product,embedded software outsourcing India,commercial,CTO or hardware lead at a medical-device or robotics company,/product-development/embedded-software-outsourcing-india/,/product-development.html,2,PLANNED,,Legitimate intent; write when Phase 2 opens and Search Console shows demand for the cluster
EA-463,product-development,feature,feature,device to cloud telemetry software,commercial,CTO or hardware lead at a medical-device or robotics company,/product-development/device-to-cloud-telemetry-software/,/product-development.html,2,PUBLISHED,Device-to-Cloud Telemetry Software | Elevate Aura,
EA-464,product-development,feature,feature,Modbus software development,commercial,CTO or hardware lead at a medical-device or robotics company,/product-development/modbus-software-development/,/product-development.html,2,PUBLISHED,Modbus Software Development | Elevate Aura,
EA-465,product-development,feature,feature,CAN bus software development,commercial,CTO or hardware lead at a medical-device or robotics company,/product-development/can-bus-software-development/,/product-development.html,2,PUBLISHED,CAN Bus Software Development for Equipment | Elevate Aura,
EA-466,product-development,feature,feature,Wi-Fi device software,commercial,CTO or hardware lead at a medical-device or robotics company,/product-development/wifi-connected-device-software/,/product-development.html,2,PUBLISHED,Wi-Fi Connected Device Software | Elevate Aura,
EA-467,product-development,feature,feature,OTA firmware update system,commercial,CTO or hardware lead at a medical-device or robotics company,/product-development/ota-firmware-update-development/,/product-development.html,2,PUBLISHED,OTA Firmware Update System Development | Elevate Aura,
EA-468,product-development,feature,feature,device dashboard development,commercial,CTO or hardware lead at a medical-device or robotics company,/product-development/device-dashboard-development/,/product-development.html,2,PUBLISHED,Device Monitoring Dashboard Development | Elevate Aura,
EA-469,product-development,feature,feature,sensor integration software,commercial,CTO or hardware lead at a medical-device or robotics company,/product-development/sensor-integration-software/,/product-development.html,2,PUBLISHED,Sensor Integration Software Development | Elevate Aura,
EA-470,product-development,feature,feature,BLE GATT development,commercial,CTO or hardware lead at a medical-device or robotics company,/product-development/ble-device-software/,/product-development.html,2,PUBLISHED,BLE Device Software | Elevate Aura,Served by an existing page; add the keyword to its H2/FAQ rather than a new URL
EA-471,product-development,feature,feature,UART serial protocol development,commercial,CTO or hardware lead at a medical-device or robotics company,/product-development/uart-serial-protocol-development/,/product-development.html,2,PLANNED,,Legitimate intent; write when Phase 2 opens and Search Console shows demand for the cluster
EA-472,product-development,feature,feature,Modbus RTU to cloud gateway software,commercial,CTO or hardware lead at a medical-device or robotics company,/product-development/modbus-software-development/,/product-development.html,2,PUBLISHED,Modbus Software Development | Elevate Aura,Served by an existing page; add the keyword to its H2/FAQ rather than a new URL
EA-473,product-development,feature,feature,CAN to app bridge,commercial,CTO or hardware lead at a medical-device or robotics company,/product-development/can-bus-software-development/,/product-development.html,2,PUBLISHED,CAN Bus Software Development for Equipment | Elevate Aura,Served by an existing page; add the keyword to its H2/FAQ rather than a new URL
EA-474,product-development,feature,feature,power management firmware battery devices,commercial,CTO or hardware lead at a medical-device or robotics company,/product-development/power-management-firmware-battery-devices/,/product-development.html,2,PLANNED,,Legitimate intent; write when Phase 2 opens and Search Console shows demand for the cluster
EA-475,product-development,feature,feature,device provisioning and pairing app,commercial,CTO or hardware lead at a medical-device or robotics company,/product-development/wifi-connected-device-software/,/product-development.html,2,PUBLISHED,Wi-Fi Connected Device Software | Elevate Aura,Served by an existing page; add the keyword to its H2/FAQ rather than a new URL
EA-476,product-development,feature,feature,remote device monitoring Azure IoT,commercial,CTO or hardware lead at a medical-device or robotics company,/product-development/remote-device-monitoring-azure-iot/,/product-development.html,2,PLANNED,,Legitimate intent; write when Phase 2 opens and Search Console shows demand for the cluster
EA-477,product-development,feature,feature,Supabase IoT backend,commercial,CTO or hardware lead at a medical-device or robotics company,/product-development/supabase-iot-backend/,/product-development.html,2,PLANNED,,Legitimate intent; write when Phase 2 opens and Search Console shows demand for the cluster
EA-478,product-development,feature,feature,firmware testing and validation on hardware,commercial,CTO or hardware lead at a medical-device or robotics company,/product-development/firmware-testing-and-validation-on-hardware/,/product-development.html,2,PLANNED,,Legitimate intent; write when Phase 2 opens and Search Console shows demand for the cluster
EA-479,product-development,feature,feature,firmware documentation handover,commercial,CTO or hardware lead at a medical-device or robotics company,/product-development/firmware-documentation-handover/,/product-development.html,2,PLANNED,,Legitimate intent; write when Phase 2 opens and Search Console shows demand for the cluster
EA-480,product-development,feature,feature,RTOS development,commercial,CTO or hardware lead at a medical-device or robotics company,,/product-development.html,2,REJECTED,,not on record
EA-481,product-development,feature,feature,Linux BSP board bring-up,commercial,CTO or hardware lead at a medical-device or robotics company,,/product-development.html,2,REJECTED,,not on record
EA-482,product-development,feature,feature,FPGA development,commercial,CTO or hardware lead at a medical-device or robotics company,,/product-development.html,2,REJECTED,,not on record
EA-483,product-development,feature,feature,PCB design services,commercial,CTO or hardware lead at a medical-device or robotics company,,/product-development.html,2,REJECTED,,"hardware, explicitly out of scope"
EA-484,product-development,application,application,software for patient monitoring devices,commercial,CTO or hardware lead at a medical-device or robotics company,/product-development/software-for-patient-monitoring-devices/,/product-development.html,3,PLANNED,,Legitimate intent; write when Phase 3 opens and Search Console shows demand for the cluster
EA-485,product-development,application,application,software for infusion pumps,commercial,CTO or hardware lead at a medical-device or robotics company,,/product-development.html,3,REJECTED,,safety-critical claims not supportable without regulatory positioning
EA-486,product-development,application,application,software for wearable health devices,commercial,CTO or hardware lead at a medical-device or robotics company,/product-development/software-for-wearable-health-devices/,/product-development.html,3,PLANNED,,Legitimate intent; write when Phase 3 opens and Search Console shows demand for the cluster
EA-487,product-development,application,application,software for diagnostic analysers connectivity,commercial,CTO or hardware lead at a medical-device or robotics company,/product-development/software-for-diagnostic-analysers-connectivity/,/product-development.html,3,PLANNED,,Legitimate intent; write when Phase 3 opens and Search Console shows demand for the cluster
EA-488,product-development,application,application,software for rehabilitation robots,commercial,CTO or hardware lead at a medical-device or robotics company,/product-development/software-for-rehabilitation-robots/,/product-development.html,3,PLANNED,,Legitimate intent; write when Phase 3 opens and Search Console shows demand for the cluster
EA-489,product-development,application,application,software for surgical robots,commercial,CTO or hardware lead at a medical-device or robotics company,,/product-development.html,3,REJECTED,,safety-critical; not on record
EA-490,product-development,application,application,software for lab automation devices,commercial,CTO or hardware lead at a medical-device or robotics company,/product-development/software-for-lab-automation-devices/,/product-development.html,3,PLANNED,,Legitimate intent; write when Phase 3 opens and Search Console shows demand for the cluster
EA-491,product-development,application,application,software for smart hospital beds,commercial,CTO or hardware lead at a medical-device or robotics company,/product-development/software-for-smart-hospital-beds/,/product-development.html,3,PLANNED,,Legitimate intent; write when Phase 3 opens and Search Console shows demand for the cluster
EA-492,product-development,application,application,software for sterilisation equipment monitoring,commercial,CTO or hardware lead at a medical-device or robotics company,/product-development/software-for-sterilisation-equipment-monitoring/,/product-development.html,3,PLANNED,,Legitimate intent; write when Phase 3 opens and Search Console shows demand for the cluster
EA-493,product-development,industry,industry,medical robotics software,commercial,CTO or hardware lead at a medical-device or robotics company,/product-development/medical-robotics-software-development/,/product-development.html,4,PUBLISHED,Medical Robotics Software Development | Elevate Aura,
EA-494,product-development,industry,industry,medtech startup software partner,commercial,Founder,/product-development/medtech-startup-software-partner/,/product-development.html,4,PLANNED,,Legitimate intent; write when Phase 4 opens and Search Console shows demand for the cluster
EA-495,product-development,industry,industry,industrial IoT software development,commercial,CTO or hardware lead at a medical-device or robotics company,/product-development/industrial-iot-software-development/,/product-development.html,4,PLANNED,,Legitimate intent; write when Phase 4 opens and Search Console shows demand for the cluster
EA-496,product-development,industry,industry,agritech device software,commercial,CTO or hardware lead at a medical-device or robotics company,,/product-development.html,4,REJECTED,,not a target market
EA-497,product-development,persona,persona,firmware developer for hire India,commercial,CTO or hardware lead at a medical-device or robotics company,/product-development/firmware-developer-for-hire-india/,/product-development.html,4,PLANNED,,Legitimate intent; write when Phase 4 opens and Search Console shows demand for the cluster
EA-498,product-development,persona,persona,software partner for hardware startups,commercial,CTO or hardware lead at a medical-device or robotics company,/product-development/software-partner-for-hardware-startups/,/product-development.html,4,PLANNED,,Legitimate intent; write when Phase 4 opens and Search Console shows demand for the cluster
EA-499,product-development,problem,problem,our hardware is ready but no firmware,informational,CTO or hardware lead at a medical-device or robotics company,/product-development/our-hardware-is-ready-but-no-firmware/,/product-development.html,3,PLANNED,,Legitimate intent; write when Phase 3 opens and Search Console shows demand for the cluster
EA-500,product-development,problem,problem,device works but no app to control it,informational,CTO or hardware lead at a medical-device or robotics company,/product-development/device-companion-app-development/,/product-development.html,3,PUBLISHED,Device Companion App Development | Elevate Aura,Served by an existing page; add the keyword to its H2/FAQ rather than a new URL
EA-501,product-development,problem,problem,how to get telemetry off our devices,informational,CTO or hardware lead at a medical-device or robotics company,/product-development/device-to-cloud-telemetry-software/,/product-development.html,3,PUBLISHED,Device-to-Cloud Telemetry Software | Elevate Aura,Served by an existing page; add the keyword to its H2/FAQ rather than a new URL
EA-502,product-development,problem,problem,how to update firmware in the field,informational,CTO or hardware lead at a medical-device or robotics company,/product-development/ota-firmware-update-development/,/product-development.html,3,PUBLISHED,OTA Firmware Update System Development | Elevate Aura,Served by an existing page; add the keyword to its H2/FAQ rather than a new URL
EA-503,product-development,comparison,comparison,MicroPython vs C for embedded,comparison,CTO or hardware lead at a medical-device or robotics company,/product-development/micropython-development-services/,/product-development.html,8,PUBLISHED,MicroPython Development Services | Elevate Aura,Served by an existing page; add the keyword to its H2/FAQ rather than a new URL
EA-504,product-development,comparison,comparison,BLE vs Wi-Fi for medical devices,comparison,CTO or hardware lead at a medical-device or robotics company,/product-development/ble-vs-wi-fi-for-medical-devices/,/product-development.html,8,PLANNED,,Legitimate intent; write when Phase 8 opens and Search Console shows demand for the cluster
EA-505,product-development,comparison,comparison,Modbus vs CAN,comparison,CTO or hardware lead at a medical-device or robotics company,/product-development/modbus-vs-can/,/product-development.html,8,PLANNED,,Legitimate intent; write when Phase 8 opens and Search Console shows demand for the cluster
EA-506,product-development,comparison,comparison,in-house firmware team vs outsourced,comparison,CTO or hardware lead at a medical-device or robotics company,/product-development/in-house-firmware-team-vs-outsourced/,/product-development.html,8,PLANNED,,Legitimate intent; write when Phase 8 opens and Search Console shows demand for the cluster
EA-507,product-development,comparison,comparison,Supabase vs Azure for IoT backend,comparison,CTO or hardware lead at a medical-device or robotics company,/product-development/supabase-vs-azure-for-iot-backend/,/product-development.html,8,PLANNED,,Legitimate intent; write when Phase 8 opens and Search Console shows demand for the cluster
EA-508,product-development,commercial,commercial,embedded software development quote,transactional,CTO or hardware lead at a medical-device or robotics company,/pages/contact.html,/product-development.html,1,PUBLISHED,Contact | Elevate Aura,Served by an existing page; add the keyword to its H2/FAQ rather than a new URL
EA-509,product-development,commercial,commercial,firmware development cost India,transactional,CTO or hardware lead at a medical-device or robotics company,,/product-development.html,1,REJECTED,,no rate card
EA-510,product-development,country,country,embedded software development USA,commercial,CTO or hardware lead at a medical-device or robotics company,/product-development/embedded-software-development-usa/,/product-development.html,5,PUBLISHED,Embedded Software Development USA | Elevate Aura,
EA-511,product-development,country,country,embedded software development UK,commercial,CTO or hardware lead at a medical-device or robotics company,/product-development/embedded-software-development-uk/,/product-development.html,5,PUBLISHED,Embedded Software Development UK | Elevate Aura,
EA-512,product-development,country,country,embedded software development Australia,commercial,CTO or hardware lead at a medical-device or robotics company,/product-development/embedded-software-development-australia/,/product-development.html,5,PUBLISHED,Embedded Software Development Australia | Elevate Aura,
EA-513,product-development,country,country,embedded software development Canada,commercial,CTO or hardware lead at a medical-device or robotics company,/product-development/embedded-software-development-canada/,/product-development.html,5,PLANNED,,Legitimate intent; write when Phase 5 opens and Search Console shows demand for the cluster
EA-514,product-development,country,country,embedded software development Germany,commercial,CTO or hardware lead at a medical-device or robotics company,,/product-development.html,5,REJECTED,,language and procurement norms; English page would be a doorway
EA-515,product-development,country,country,embedded software development Singapore,commercial,CTO or hardware lead at a medical-device or robotics company,/product-development/embedded-software-development-singapore/,/product-development.html,5,PLANNED,,Legitimate intent; write when Phase 5 opens and Search Console shows demand for the cluster
EA-516,product-development,country,country,embedded software development New Zealand,commercial,CTO or hardware lead at a medical-device or robotics company,/product-development/embedded-software-development-new-zealand/,/product-development.html,5,PLANNED,,Legitimate intent; write when Phase 5 opens and Search Console shows demand for the cluster
EA-517,product-development,country,country,embedded software development UAE,commercial,CTO or hardware lead at a medical-device or robotics company,/product-development/embedded-software-development-uae/,/product-development.html,5,PLANNED,,Legitimate intent; write when Phase 5 opens and Search Console shows demand for the cluster
EA-518,product-development,city,city,embedded software company Chennai,local,CTO or hardware lead at a medical-device or robotics company,/product-development/embedded-software-company-chennai/,/product-development.html,6,PLANNED,,Legitimate intent; write when Phase 6 opens and Search Console shows demand for the cluster
EA-519,product-development,city,city,firmware development Bangalore,local,CTO or hardware lead at a medical-device or robotics company,,/product-development.html,6,REJECTED,,buyers search by capability; remote delivery
EA-520,product-development,guide,guide,what is firmware,informational,CTO or hardware lead at a medical-device or robotics company,/product-development/what-is-firmware/,/product-development.html,7,PLANNED,,Legitimate intent; write when Phase 7 opens and Search Console shows demand for the cluster
EA-521,product-development,guide,guide,what is BLE GATT,informational,CTO or hardware lead at a medical-device or robotics company,/product-development/what-is-ble-gatt/,/product-development.html,7,PLANNED,,Legitimate intent; write when Phase 7 opens and Search Console shows demand for the cluster
EA-522,product-development,guide,guide,what is Modbus,informational,CTO or hardware lead at a medical-device or robotics company,/product-development/what-is-modbus/,/product-development.html,7,PLANNED,,Legitimate intent; write when Phase 7 opens and Search Console shows demand for the cluster
EA-523,product-development,guide,guide,what is CAN bus,informational,CTO or hardware lead at a medical-device or robotics company,/product-development/what-is-can-bus/,/product-development.html,7,PLANNED,,Legitimate intent; write when Phase 7 opens and Search Console shows demand for the cluster
EA-524,product-development,guide,guide,what is OTA update,informational,CTO or hardware lead at a medical-device or robotics company,/product-development/what-is-ota-update/,/product-development.html,7,PLANNED,,Legitimate intent; write when Phase 7 opens and Search Console shows demand for the cluster
EA-525,product-development,guide,guide,what is device telemetry,informational,CTO or hardware lead at a medical-device or robotics company,/product-development/what-is-device-telemetry/,/product-development.html,7,PLANNED,,Legitimate intent; write when Phase 7 opens and Search Console shows demand for the cluster
EA-526,product-development,guide,guide,how to write a hardware spec for a firmware developer,informational,CTO or hardware lead at a medical-device or robotics company,/product-development/how-to-write-a-hardware-spec-for-a-firmware-developer/,/product-development.html,7,PLANNED,,Legitimate intent; write when Phase 7 opens and Search Console shows demand for the cluster
EA-527,product-development,guide,guide,what documentation should firmware handover include,informational,CTO or hardware lead at a medical-device or robotics company,/product-development/what-documentation-should-firmware-handover-include/,/product-development.html,7,PLANNED,,Legitimate intent; write when Phase 7 opens and Search Console shows demand for the cluster
EA-528,mobile-app-development,product,product,healthcare mobile app development,commercial,"Hospital, clinic or equipment-company decision maker needing an app",/mobile-app-development/healthcare-mobile-app-development/,/mobile-app-development/,1,PUBLISHED,"Healthcare Mobile App Development, Workflow First | Elevate Aura",
EA-529,mobile-app-development,product,product,medical app development,commercial,"Hospital, clinic or equipment-company decision maker needing an app",/mobile-app-development/healthcare-mobile-app-development/,/mobile-app-development/,2,PUBLISHED,"Healthcare Mobile App Development, Workflow First | Elevate Aura",Served by an existing page; add the keyword to its H2/FAQ rather than a new URL
EA-530,mobile-app-development,product,product,hospital mobile app development,commercial,"Hospital, clinic or equipment-company decision maker needing an app",/mobile-app-development/hospital-mobile-app-development/,/mobile-app-development/,1,PUBLISHED,Hospital Mobile App Development: Patient and Staff Apps,
EA-531,mobile-app-development,product,product,doctor app development,commercial,"Hospital, clinic or equipment-company decision maker needing an app",/mobile-app-development/doctor-app-development/,/mobile-app-development/,1,PUBLISHED,"Doctor App Development: Roster, Queue, e-Prescription",
EA-532,mobile-app-development,product,product,patient app development,commercial,"Hospital, clinic or equipment-company decision maker needing an app",/mobile-app-development/patient-app-development/,/mobile-app-development/,3,PUBLISHED,"Patient App Development: Appointments, Reports, Bills",
EA-533,mobile-app-development,product,product,field service mobile app development,commercial,"Hospital, clinic or equipment-company decision maker needing an app",/mobile-app-development/field-service-mobile-app-development/,/mobile-app-development/,3,PUBLISHED,Field Service Mobile App Development: Job Cards and GPS,
EA-534,mobile-app-development,product,product,medical equipment service app,commercial,"Hospital, clinic or equipment-company decision maker needing an app",/mobile-app-development/medical-equipment-service-app/,/mobile-app-development/,3,PUBLISHED,Medical Equipment Service App for Dealer Engineers | Elevate Aura,
EA-535,mobile-app-development,product,product,Flutter healthcare app development,commercial,"Hospital, clinic or equipment-company decision maker needing an app",/mobile-app-development/flutter-healthcare-app-development/,/mobile-app-development/,3,PUBLISHED,"Flutter Healthcare App Development, Live on Google Play",
EA-536,mobile-app-development,product,product,React Native healthcare app development,commercial,"Hospital, clinic or equipment-company decision maker needing an app",/mobile-app-development/react-native-healthcare-app-development/,/mobile-app-development/,3,PUBLISHED,React Native Healthcare App Development | Elevate Aura,
EA-537,mobile-app-development,product,product,healthcare Android app development,commercial,"Hospital, clinic or equipment-company decision maker needing an app",/mobile-app-development/healthcare-android-app-development/,/mobile-app-development/,2,PLANNED,,Legitimate intent; write when Phase 2 opens and Search Console shows demand for the cluster
EA-538,mobile-app-development,product,product,healthcare iOS app development,commercial,"Hospital, clinic or equipment-company decision maker needing an app",/mobile-app-development/healthcare-ios-app-development/,/mobile-app-development/,2,PLANNED,,Legitimate intent; write when Phase 2 opens and Search Console shows demand for the cluster
EA-539,mobile-app-development,product,product,sales rep app development GPS,commercial,"Hospital, clinic or equipment-company decision maker needing an app",/mobile-app-development/sales-rep-app-development-gps/,/mobile-app-development/,2,PLANNED,,Legitimate intent; write when Phase 2 opens and Search Console shows demand for the cluster
EA-540,mobile-app-development,product,product,learner app development,commercial,"Hospital, clinic or equipment-company decision maker needing an app",/aura-learn/learning-app-development/,/mobile-app-development/,2,PUBLISHED,Learning App Development | Aura Learn,Served by an existing page; add the keyword to its H2/FAQ rather than a new URL
EA-541,mobile-app-development,feature,feature,offline first mobile app development,commercial,"Hospital, clinic or equipment-company decision maker needing an app",/mobile-app-development/offline-first-mobile-app-development/,/mobile-app-development/,2,PLANNED,,Legitimate intent; write when Phase 2 opens and Search Console shows demand for the cluster
EA-542,mobile-app-development,feature,feature,GPS tracking app development field staff,commercial,"Hospital, clinic or equipment-company decision maker needing an app",/mobile-app-development/gps-tracking-app-development-field-staff/,/mobile-app-development/,2,PLANNED,,Legitimate intent; write when Phase 2 opens and Search Console shows demand for the cluster
EA-543,mobile-app-development,feature,feature,Play Store publishing service,commercial,"Hospital, clinic or equipment-company decision maker needing an app",/mobile-app-development/play-store-publishing-service/,/mobile-app-development/,2,PLANNED,,Legitimate intent; write when Phase 2 opens and Search Console shows demand for the cluster
EA-544,mobile-app-development,feature,feature,WhatsApp notifications in app,commercial,"Hospital, clinic or equipment-company decision maker needing an app",/mobile-app-development/whatsapp-notifications-in-app/,/mobile-app-development/,2,PLANNED,,Legitimate intent; write when Phase 2 opens and Search Console shows demand for the cluster
EA-545,mobile-app-development,feature,feature,photo and signature capture app,commercial,"Hospital, clinic or equipment-company decision maker needing an app",/mobile-app-development/photo-and-signature-capture-app/,/mobile-app-development/,2,PLANNED,,Legitimate intent; write when Phase 2 opens and Search Console shows demand for the cluster
EA-546,mobile-app-development,application,application,appointment booking app hospital,commercial,"Hospital, clinic or equipment-company decision maker needing an app",/mobile-app-development/patient-app-development/,/mobile-app-development/,3,PUBLISHED,"Patient App Development: Appointments, Reports, Bills",Served by an existing page; add the keyword to its H2/FAQ rather than a new URL
EA-547,mobile-app-development,application,application,report viewing app patients radiology,commercial,"Hospital, clinic or equipment-company decision maker needing an app",/mobile-app-development/report-viewing-app-patients-radiology/,/mobile-app-development/,3,PLANNED,,Legitimate intent; write when Phase 3 opens and Search Console shows demand for the cluster
EA-548,mobile-app-development,application,application,pharmacy delivery app,commercial,"Hospital, clinic or equipment-company decision maker needing an app",,/mobile-app-development/,3,REJECTED,,not on record
EA-549,mobile-app-development,application,application,telemedicine app development,commercial,"Hospital, clinic or equipment-company decision maker needing an app",,/mobile-app-development/,3,REJECTED,,not on record
EA-550,mobile-app-development,industry,industry,app development for diagnostic centres,commercial,"Hospital, clinic or equipment-company decision maker needing an app",/mobile-app-development/app-development-for-diagnostic-centres/,/mobile-app-development/,4,PLANNED,,Legitimate intent; write when Phase 4 opens and Search Console shows demand for the cluster
EA-551,mobile-app-development,industry,industry,app development for medical distributors,commercial,"Hospital, clinic or equipment-company decision maker needing an app",/mobile-app-development/medical-equipment-service-app/,/mobile-app-development/,4,PUBLISHED,Medical Equipment Service App for Dealer Engineers | Elevate Aura,Served by an existing page; add the keyword to its H2/FAQ rather than a new URL
EA-552,mobile-app-development,persona,persona,app for service engineers,commercial,"Hospital, clinic or equipment-company decision maker needing an app",/mobile-app-development/medical-equipment-service-app/,/mobile-app-development/,4,PUBLISHED,Medical Equipment Service App for Dealer Engineers | Elevate Aura,Served by an existing page; add the keyword to its H2/FAQ rather than a new URL
EA-553,mobile-app-development,comparison,comparison,Flutter vs React Native for healthcare apps,comparison,"Hospital, clinic or equipment-company decision maker needing an app",/mobile-app-development/flutter-vs-react-native-for-healthcare-apps/,/mobile-app-development/,8,PLANNED,,Legitimate intent; write when Phase 8 opens and Search Console shows demand for the cluster
EA-554,mobile-app-development,comparison,comparison,custom app vs off-the-shelf app,comparison,"Hospital, clinic or equipment-company decision maker needing an app",/mobile-app-development/custom-app-vs-off-the-shelf-app/,/mobile-app-development/,8,PLANNED,,Legitimate intent; write when Phase 8 opens and Search Console shows demand for the cluster
EA-555,mobile-app-development,commercial,commercial,healthcare app development cost India,transactional,"Hospital, clinic or equipment-company decision maker needing an app",/mobile-app-development/healthcare-app-development-cost-india/,/mobile-app-development/,1,PLANNED,,Legitimate intent; write when Phase 1 opens and Search Console shows demand for the cluster
EA-556,mobile-app-development,commercial,commercial,healthcare app development company,transactional,"Hospital, clinic or equipment-company decision maker needing an app",/mobile-app-development/,/mobile-app-development/,1,PUBLISHED,Healthcare Mobile App Development Company | Elevate Aura,Served by an existing page; add the keyword to its H2/FAQ rather than a new URL
EA-557,mobile-app-development,country,country,healthcare app development India,commercial,"Hospital, clinic or equipment-company decision maker needing an app",/mobile-app-development/,/mobile-app-development/,5,PUBLISHED,Healthcare Mobile App Development Company | Elevate Aura,Served by an existing page; add the keyword to its H2/FAQ rather than a new URL
EA-558,mobile-app-development,city,city,healthcare app development company Chennai,local,"Hospital, clinic or equipment-company decision maker needing an app",/mobile-app-development/healthcare-app-development-chennai/,/mobile-app-development/,6,PUBLISHED,Healthcare App Development Company in Chennai | Elevate Aura,
EA-559,mobile-app-development,city,city,app development company Chennai healthcare,local,"Hospital, clinic or equipment-company decision maker needing an app",/mobile-app-development/healthcare-app-development-chennai/,/mobile-app-development/,6,PUBLISHED,Healthcare App Development Company in Chennai | Elevate Aura,Served by an existing page; add the keyword to its H2/FAQ rather than a new URL
EA-560,mobile-app-development,guide,guide,how to plan a hospital patient app,informational,"Hospital, clinic or equipment-company decision maker needing an app",/mobile-app-development/how-to-plan-a-hospital-patient-app/,/mobile-app-development/,7,PLANNED,,Legitimate intent; write when Phase 7 opens and Search Console shows demand for the cluster
EA-561,mobile-app-development,guide,guide,what is offline sync in field apps,informational,"Hospital, clinic or equipment-company decision maker needing an app",/mobile-app-development/what-is-offline-sync-in-field-apps/,/mobile-app-development/,7,PLANNED,,Legitimate intent; write when Phase 7 opens and Search Console shows demand for the cluster
EA-562,web-development,product,product,medical equipment website development,commercial,Owner or marketing head at a medical-equipment or healthcare business,/web-development/medical-equipment-website-development/,/web-development/,1,PUBLISHED,Medical Equipment Website Development | Elevate Aura,
EA-563,web-development,product,product,medical equipment e-commerce development,commercial,Owner or marketing head at a medical-equipment or healthcare business,/web-development/medical-equipment-ecommerce-development/,/web-development/,1,PUBLISHED,Medical Equipment E-commerce Development | Elevate Aura,
EA-564,web-development,product,product,medical distributor portal development,commercial,Owner or marketing head at a medical-equipment or healthcare business,/web-development/medical-distributor-portal-development/,/web-development/,1,PUBLISHED,Medical Distributor Portal Development | Elevate Aura,
EA-565,web-development,product,product,healthcare website development,commercial,Owner or marketing head at a medical-equipment or healthcare business,/web-development/healthcare-website-development/,/web-development/,3,PUBLISHED,Healthcare Website Development for Hospitals | Elevate Aura,
EA-566,web-development,product,product,medical product catalogue website,commercial,Owner or marketing head at a medical-equipment or healthcare business,/web-development/medical-product-catalogue-website/,/web-development/,3,PUBLISHED,Medical Product Catalogue Website Development | Elevate Aura,
EA-567,web-development,product,product,healthcare B2B e-commerce platform,commercial,Owner or marketing head at a medical-equipment or healthcare business,/web-development/healthcare-b2b-ecommerce-platform/,/web-development/,3,PUBLISHED,Healthcare B2B E-commerce Platform Development | Elevate Aura,
EA-568,web-development,product,product,medical device e-commerce,commercial,Owner or marketing head at a medical-equipment or healthcare business,/web-development/medical-equipment-ecommerce-development/,/web-development/,2,PUBLISHED,Medical Equipment E-commerce Development | Elevate Aura,Served by an existing page; add the keyword to its H2/FAQ rather than a new URL
EA-569,web-development,product,product,medical equipment online store,commercial,Owner or marketing head at a medical-equipment or healthcare business,/web-development/medical-equipment-ecommerce-development/,/web-development/,2,PUBLISHED,Medical Equipment E-commerce Development | Elevate Aura,Served by an existing page; add the keyword to its H2/FAQ rather than a new URL
EA-570,web-development,product,product,hospital website development,commercial,Owner or marketing head at a medical-equipment or healthcare business,/web-development/healthcare-website-development/,/web-development/,2,PUBLISHED,Healthcare Website Development for Hospitals | Elevate Aura,Served by an existing page; add the keyword to its H2/FAQ rather than a new URL
EA-571,web-development,product,product,diagnostic centre website,commercial,Owner or marketing head at a medical-equipment or healthcare business,/web-development/diagnostic-centre-website/,/web-development/,2,PLANNED,,Legitimate intent; write when Phase 2 opens and Search Console shows demand for the cluster
EA-572,web-development,product,product,clinic website development,commercial,Owner or marketing head at a medical-equipment or healthcare business,/web-development/clinic-website-development/,/web-development/,2,PLANNED,,Legitimate intent; write when Phase 2 opens and Search Console shows demand for the cluster
EA-573,web-development,product,product,WordPress development healthcare,commercial,Owner or marketing head at a medical-equipment or healthcare business,/web-development/wordpress-development-healthcare/,/web-development/,2,PLANNED,,Legitimate intent; write when Phase 2 opens and Search Console shows demand for the cluster
EA-574,web-development,product,product,Next.js website development,commercial,Owner or marketing head at a medical-equipment or healthcare business,/web-development/next-js-website-development/,/web-development/,2,PLANNED,,Legitimate intent; write when Phase 2 opens and Search Console shows demand for the cluster
EA-575,web-development,feature,feature,quote request form medical website,commercial,Owner or marketing head at a medical-equipment or healthcare business,/web-development/quote-request-form-medical-website/,/web-development/,2,PLANNED,,Legitimate intent; write when Phase 2 opens and Search Console shows demand for the cluster
EA-576,web-development,feature,feature,distributor login portal,commercial,Owner or marketing head at a medical-equipment or healthcare business,/web-development/medical-distributor-portal-development/,/web-development/,2,PUBLISHED,Medical Distributor Portal Development | Elevate Aura,Served by an existing page; add the keyword to its H2/FAQ rather than a new URL
EA-577,web-development,feature,feature,UTR payment verification e-commerce,commercial,Owner or marketing head at a medical-equipment or healthcare business,/web-development/utr-payment-verification-e-commerce/,/web-development/,2,PLANNED,,Legitimate intent; write when Phase 2 opens and Search Console shows demand for the cluster
EA-578,web-development,feature,feature,product and city landing pages,commercial,Owner or marketing head at a medical-equipment or healthcare business,/seo-services/programmatic-seo-services/,/web-development/,2,PUBLISHED,Programmatic SEO Services Done Responsibly | Elevate Aura,Served by an existing page; add the keyword to its H2/FAQ rather than a new URL
EA-579,web-development,application,application,medical product ordering system,commercial,Owner or marketing head at a medical-equipment or healthcare business,/web-development/healthcare-b2b-ecommerce-platform/,/web-development/,3,PUBLISHED,Healthcare B2B E-commerce Platform Development | Elevate Aura,Served by an existing page; add the keyword to its H2/FAQ rather than a new URL
EA-580,web-development,application,application,surgical instruments online store,commercial,Owner or marketing head at a medical-equipment or healthcare business,/web-development/surgical-instruments-online-store/,/web-development/,3,PLANNED,,Legitimate intent; write when Phase 3 opens and Search Console shows demand for the cluster
EA-581,web-development,application,application,robotics company website,commercial,Owner or marketing head at a medical-equipment or healthcare business,/web-development/robotics-company-website/,/web-development/,3,PLANNED,,Legitimate intent; write when Phase 3 opens and Search Console shows demand for the cluster
EA-582,web-development,comparison,comparison,WordPress vs Next.js for a medical website,comparison,Owner or marketing head at a medical-equipment or healthcare business,/web-development/wordpress-vs-next-js-for-a-medical-website/,/web-development/,8,PLANNED,,Legitimate intent; write when Phase 8 opens and Search Console shows demand for the cluster
EA-583,web-development,comparison,comparison,marketplace listing vs own store medical equipment,comparison,Owner or marketing head at a medical-equipment or healthcare business,/web-development/marketplace-listing-vs-own-store-medical-equipment/,/web-development/,8,PLANNED,,Legitimate intent; write when Phase 8 opens and Search Console shows demand for the cluster
EA-584,web-development,commercial,commercial,website development cost medical,transactional,Owner or marketing head at a medical-equipment or healthcare business,,/web-development/,1,REJECTED,,no rate card
EA-585,web-development,country,country,healthcare website development India,commercial,Owner or marketing head at a medical-equipment or healthcare business,/web-development/,/web-development/,5,PUBLISHED,Healthcare Website and E-commerce Development | Elevate Aura,Served by an existing page; add the keyword to its H2/FAQ rather than a new URL
EA-586,web-development,city,city,website development company Chennai medical,local,Owner or marketing head at a medical-equipment or healthcare business,/web-development/website-development-company-chennai-medical/,/web-development/,6,PLANNED,,Legitimate intent; write when Phase 6 opens and Search Console shows demand for the cluster
EA-587,web-development,guide,guide,what a medical equipment website needs,informational,Owner or marketing head at a medical-equipment or healthcare business,/web-development/what-a-medical-equipment-website-needs/,/web-development/,7,PLANNED,,Legitimate intent; write when Phase 7 opens and Search Console shows demand for the cluster
EA-588,web-development,guide,guide,how a distributor portal works,informational,Owner or marketing head at a medical-equipment or healthcare business,/web-development/how-a-distributor-portal-works/,/web-development/,7,PLANNED,,Legitimate intent; write when Phase 7 opens and Search Console shows demand for the cluster
EA-589,seo-services,product,product,medical equipment SEO,commercial,"Founder or marketing head at a medical-equipment, healthcare or healthcare-SaaS business",/seo-services/medical-equipment-seo/,/seo-services/,1,PUBLISHED,Medical Equipment SEO Services in India | Elevate Aura,
EA-590,seo-services,product,product,healthcare SEO services,commercial,"Founder or marketing head at a medical-equipment, healthcare or healthcare-SaaS business",/seo-services/healthcare-seo-services/,/seo-services/,1,PUBLISHED,Healthcare SEO Services for Clinics | Elevate Aura,
EA-591,seo-services,product,product,hospital SEO services,commercial,"Founder or marketing head at a medical-equipment, healthcare or healthcare-SaaS business",/seo-services/hospital-seo-services/,/seo-services/,3,PUBLISHED,Hospital SEO Services for Indian Hospitals | Elevate Aura,
EA-592,seo-services,product,product,programmatic SEO services,commercial,"Founder or marketing head at a medical-equipment, healthcare or healthcare-SaaS business",/seo-services/programmatic-seo-services/,/seo-services/,1,PUBLISHED,Programmatic SEO Services Done Responsibly | Elevate Aura,
EA-593,seo-services,product,product,healthcare SaaS SEO,commercial,"Founder or marketing head at a medical-equipment, healthcare or healthcare-SaaS business",/seo-services/healthcare-saas-seo/,/seo-services/,3,PUBLISHED,Healthcare SaaS SEO for Software Companies | Elevate Aura,
EA-594,seo-services,product,product,medical equipment lead generation,commercial,"Founder or marketing head at a medical-equipment, healthcare or healthcare-SaaS business",/seo-services/medical-equipment-lead-generation/,/seo-services/,3,PUBLISHED,Medical Equipment Lead Generation Services | Elevate Aura,
EA-595,seo-services,product,product,medical device SEO,commercial,"Founder or marketing head at a medical-equipment, healthcare or healthcare-SaaS business",/seo-services/medical-device-seo/,/seo-services/,3,PUBLISHED,Medical Device SEO for Manufacturers | Elevate Aura,
EA-596,seo-services,product,product,medical distributor SEO,commercial,"Founder or marketing head at a medical-equipment, healthcare or healthcare-SaaS business",/seo-services/medical-equipment-seo/,/seo-services/,2,PUBLISHED,Medical Equipment SEO Services in India | Elevate Aura,Served by an existing page; add the keyword to its H2/FAQ rather than a new URL
EA-597,seo-services,product,product,B2B SEO healthcare,commercial,"Founder or marketing head at a medical-equipment, healthcare or healthcare-SaaS business",/seo-services/healthcare-saas-seo/,/seo-services/,2,PUBLISHED,Healthcare SaaS SEO for Software Companies | Elevate Aura,Served by an existing page; add the keyword to its H2/FAQ rather than a new URL
EA-598,seo-services,product,product,healthcare digital marketing,commercial,"Founder or marketing head at a medical-equipment, healthcare or healthcare-SaaS business",/seo-services/healthcare-digital-marketing/,/seo-services/,2,PLANNED,,Legitimate intent; write when Phase 2 opens and Search Console shows demand for the cluster
EA-599,seo-services,product,product,international healthcare SEO,commercial,"Founder or marketing head at a medical-equipment, healthcare or healthcare-SaaS business",/seo-services/international-healthcare-seo/,/seo-services/,2,PLANNED,,Legitimate intent; write when Phase 2 opens and Search Console shows demand for the cluster
EA-600,seo-services,product,product,clinic SEO services,commercial,"Founder or marketing head at a medical-equipment, healthcare or healthcare-SaaS business",/seo-services/clinic-seo-services/,/seo-services/,2,PLANNED,,Legitimate intent; write when Phase 2 opens and Search Console shows demand for the cluster
EA-601,seo-services,product,product,diagnostic centre SEO,commercial,"Founder or marketing head at a medical-equipment, healthcare or healthcare-SaaS business",/seo-services/diagnostic-centre-seo/,/seo-services/,2,PLANNED,,Legitimate intent; write when Phase 2 opens and Search Console shows demand for the cluster
EA-602,seo-services,feature,feature,schema markup for healthcare websites,commercial,"Founder or marketing head at a medical-equipment, healthcare or healthcare-SaaS business",/seo-services/schema-markup-for-healthcare-websites/,/seo-services/,2,PLANNED,,Legitimate intent; write when Phase 2 opens and Search Console shows demand for the cluster
EA-603,seo-services,feature,feature,GA4 conversion tracking WhatsApp clicks,commercial,"Founder or marketing head at a medical-equipment, healthcare or healthcare-SaaS business",/seo-services/ga4-conversion-tracking-whatsapp-clicks/,/seo-services/,2,PLANNED,,Legitimate intent; write when Phase 2 opens and Search Console shows demand for the cluster
EA-604,seo-services,feature,feature,WhatsApp campaigns healthcare,commercial,"Founder or marketing head at a medical-equipment, healthcare or healthcare-SaaS business",/seo-services/whatsapp-campaigns-healthcare/,/seo-services/,2,PLANNED,,Legitimate intent; write when Phase 2 opens and Search Console shows demand for the cluster
EA-605,seo-services,feature,feature,technical SEO audit healthcare site,commercial,"Founder or marketing head at a medical-equipment, healthcare or healthcare-SaaS business",/seo-services/technical-seo-audit-healthcare-site/,/seo-services/,2,PLANNED,,Legitimate intent; write when Phase 2 opens and Search Console shows demand for the cluster
EA-606,seo-services,feature,feature,city landing pages SEO,commercial,"Founder or marketing head at a medical-equipment, healthcare or healthcare-SaaS business",/seo-services/programmatic-seo-services/,/seo-services/,2,PUBLISHED,Programmatic SEO Services Done Responsibly | Elevate Aura,Served by an existing page; add the keyword to its H2/FAQ rather than a new URL
EA-607,seo-services,comparison,comparison,programmatic SEO vs doorway pages,comparison,"Founder or marketing head at a medical-equipment, healthcare or healthcare-SaaS business",/seo-services/programmatic-seo-vs-doorway-pages/,/seo-services/,8,PLANNED,,Legitimate intent; write when Phase 8 opens and Search Console shows demand for the cluster
EA-608,seo-services,comparison,comparison,SEO vs Google Ads for medical equipment leads,comparison,"Founder or marketing head at a medical-equipment, healthcare or healthcare-SaaS business",/seo-services/seo-vs-google-ads-for-medical-equipment-leads/,/seo-services/,8,PLANNED,,Legitimate intent; write when Phase 8 opens and Search Console shows demand for the cluster
EA-609,seo-services,commercial,commercial,SEO pricing healthcare,transactional,"Founder or marketing head at a medical-equipment, healthcare or healthcare-SaaS business",,/seo-services/,1,REJECTED,,no rate card
EA-610,seo-services,commercial,commercial,SEO agency for medical equipment companies,transactional,"Founder or marketing head at a medical-equipment, healthcare or healthcare-SaaS business",/seo-services/,/seo-services/,1,PUBLISHED,Healthcare and Medical Equipment SEO Services | Elevate Aura,Served by an existing page; add the keyword to its H2/FAQ rather than a new URL
EA-611,seo-services,country,country,healthcare SEO India,commercial,"Founder or marketing head at a medical-equipment, healthcare or healthcare-SaaS business",/seo-services/healthcare-seo-services/,/seo-services/,5,PUBLISHED,Healthcare SEO Services for Clinics | Elevate Aura,Served by an existing page; add the keyword to its H2/FAQ rather than a new URL
EA-612,seo-services,city,city,SEO company Chennai healthcare,local,"Founder or marketing head at a medical-equipment, healthcare or healthcare-SaaS business",/seo-services/seo-company-chennai-healthcare/,/seo-services/,6,PLANNED,,Legitimate intent; write when Phase 6 opens and Search Console shows demand for the cluster
EA-613,seo-services,guide,guide,what is programmatic SEO,informational,"Founder or marketing head at a medical-equipment, healthcare or healthcare-SaaS business",/seo-services/what-is-programmatic-seo/,/seo-services/,7,PLANNED,,Legitimate intent; write when Phase 7 opens and Search Console shows demand for the cluster
EA-614,seo-services,guide,guide,how to track WhatsApp leads from a website,informational,"Founder or marketing head at a medical-equipment, healthcare or healthcare-SaaS business",/seo-services/how-to-track-whatsapp-leads-from-a-website/,/seo-services/,7,PLANNED,,Legitimate intent; write when Phase 7 opens and Search Console shows demand for the cluster
EA-615,seo-services,guide,guide,what schema a hospital website should use,informational,"Founder or marketing head at a medical-equipment, healthcare or healthcare-SaaS business",/seo-services/what-schema-a-hospital-website-should-use/,/seo-services/,7,PLANNED,,Legitimate intent; write when Phase 7 opens and Search Console shows demand for the cluster
